Date,sp500
4/5/09,907.24
5/5/09,903.8
6/5/09,919.53
7/5/09,907.39
8/5/09,929.23
11/5/09,909.24
12/5/09,908.35
13/5/09,883.92
14/5/09,893.07
15/5/09,882.88
18/5/09,909.71
19/5/09,908.13
20/5/09,903.47
21/5/09,888.33
22/5/09,887
26/5/09,910.33
27/5/09,893.06
28/5/09,906.83
29/5/09,919.14
1/6/09,942.87
2/6/09,944.74
3/6/09,931.76
4/6/09,942.46
5/6/09,940.09
8/6/09,939.14
9/6/09,942.43
10/6/09,939.15
11/6/09,944.89
12/6/09,946.21
15/6/09,923.72
16/6/09,911.97
17/6/09,910.71
18/6/09,918.37
19/6/09,921.23
22/6/09,893.04
23/6/09,895.1
24/6/09,900.94
25/6/09,920.26
26/6/09,918.9
29/6/09,927.23
30/6/09,919.32
1/7/09,923.33
2/7/09,896.42
6/7/09,898.72
7/7/09,881.03
8/7/09,879.56
9/7/09,882.68
10/7/09,879.13
13/7/09,901.05
14/7/09,905.84
15/7/09,932.68
16/7/09,940.74
17/7/09,940.38
20/7/09,951.13
21/7/09,954.58
22/7/09,954.07
23/7/09,976.29
24/7/09,979.26
27/7/09,982.18
28/7/09,979.62
29/7/09,975.15
30/7/09,986.75
31/7/09,987.48
3/8/09,1002.63
4/8/09,1005.65
5/8/09,1002.72
6/8/09,997.08
7/8/09,1010.48
10/8/09,1007.1
11/8/09,994.35
12/8/09,1005.81
13/8/09,1012.73
14/8/09,1004.09
17/8/09,979.73
18/8/09,989.67
19/8/09,996.46
20/8/09,1007.37
21/8/09,1026.13
24/8/09,1025.57
25/8/09,1028
26/8/09,1028.12
27/8/09,1030.98
28/8/09,1028.93
31/8/09,1020.62
1/9/09,998.04
2/9/09,994.75
3/9/09,1003.24
4/9/09,1016.4
8/9/09,1025.39
9/9/09,1033.37
10/9/09,1044.14
11/9/09,1042.73
14/9/09,1049.34
15/9/09,1052.63
16/9/09,1068.76
17/9/09,1065.49
18/9/09,1068.3
21/9/09,1064.66
22/9/09,1071.66
23/9/09,1060.87
24/9/09,1050.78
25/9/09,1044.38
28/9/09,1062.98
29/9/09,1060.61
30/9/09,1057.08
1/10/09,1029.85
2/10/09,1025.21
5/10/09,1040.46
6/10/09,1054.72
7/10/09,1057.58
8/10/09,1065.48
9/10/09,1071.49
12/10/09,1076.19
13/10/09,1073.19
14/10/09,1092.02
15/10/09,1096.56
16/10/09,1087.68
19/10/09,1097.91
20/10/09,1091.06
21/10/09,1081.4
22/10/09,1092.91
23/10/09,1079.6
26/10/09,1066.95
27/10/09,1063.41
28/10/09,1042.63
29/10/09,1066.11
30/10/09,1036.19
2/11/09,1042.88
3/11/09,1045.41
4/11/09,1046.5
5/11/09,1066.63
6/11/09,1069.3
9/11/09,1093.08
10/11/09,1093.01
11/11/09,1098.51
12/11/09,1087.24
13/11/09,1093.48
16/11/09,1109.3
17/11/09,1110.32
18/11/09,1109.8
19/11/09,1094.9
20/11/09,1091.38
23/11/09,1106.24
24/11/09,1105.65
25/11/09,1110.63
27/11/09,1091.49
30/11/09,1095.63
1/12/09,1108.86
2/12/09,1109.24
3/12/09,1099.92
4/12/09,1105.98
7/12/09,1103.25
8/12/09,1091.94
9/12/09,1095.95
10/12/09,1102.35
11/12/09,1106.41
14/12/09,1114.11
15/12/09,1107.93
16/12/09,1109.18
17/12/09,1096.08
18/12/09,1102.47
21/12/09,1114.05
22/12/09,1118.02
23/12/09,1120.59
24/12/09,1126.48
28/12/09,1127.78
29/12/09,1126.2
30/12/09,1126.42
31/12/09,1115.1
4/1/10,1132.99
5/1/10,1136.52
6/1/10,1137.14
7/1/10,1141.69
8/1/10,1144.98
11/1/10,1146.98
12/1/10,1136.22
13/1/10,1145.68
14/1/10,1148.46
15/1/10,1136.03
19/1/10,1150.23
20/1/10,1138.04
21/1/10,1116.48
22/1/10,1091.76
25/1/10,1096.78
26/1/10,1092.17
27/1/10,1097.5
28/1/10,1084.53
29/1/10,1073.87
1/2/10,1089.19
2/2/10,1103.32
3/2/10,1097.28
4/2/10,1063.11
5/2/10,1066.19
8/2/10,1056.74
9/2/10,1070.52
10/2/10,1068.13
11/2/10,1078.47
12/2/10,1075.51
16/2/10,1094.87
17/2/10,1099.51
18/2/10,1106.75
19/2/10,1109.17
22/2/10,1108.01
23/2/10,1094.6
24/2/10,1105.24
25/2/10,1102.94
26/2/10,1104.49
1/3/10,1115.71
2/3/10,1118.31
3/3/10,1118.79
4/3/10,1122.97
5/3/10,1138.7
8/3/10,1138.5
9/3/10,1140.45
10/3/10,1145.61
11/3/10,1150.24
12/3/10,1149.99
15/3/10,1150.51
16/3/10,1159.46
17/3/10,1166.21
18/3/10,1165.83
19/3/10,1159.9
22/3/10,1165.81
23/3/10,1174.17
24/3/10,1167.72
25/3/10,1165.73
26/3/10,1166.59
29/3/10,1173.22
30/3/10,1173.27
31/3/10,1169.43
1/4/10,1178.1
5/4/10,1187.44
6/4/10,1189.44
7/4/10,1182.45
8/4/10,1186.44
9/4/10,1194.37
12/4/10,1196.48
13/4/10,1197.3
14/4/10,1210.65
15/4/10,1211.67
16/4/10,1192.13
19/4/10,1197.52
20/4/10,1207.17
21/4/10,1205.94
22/4/10,1208.67
23/4/10,1217.28
26/4/10,1212.05
27/4/10,1183.71
28/4/10,1191.36
29/4/10,1206.78
30/4/10,1186.69
3/5/10,1202.26
4/5/10,1173.6
5/5/10,1165.9
6/5/10,1128.15
7/5/10,1110.88
10/5/10,1159.73
11/5/10,1155.79
12/5/10,1171.67
13/5/10,1157.44
14/5/10,1135.68
17/5/10,1136.94
18/5/10,1120.8
19/5/10,1115.05
20/5/10,1071.59
21/5/10,1087.69
24/5/10,1073.65
25/5/10,1074.03
26/5/10,1067.95
27/5/10,1103.06
28/5/10,1089.41
1/6/10,1070.71
2/6/10,1098.38
3/6/10,1102.83
4/6/10,1064.88
7/6/10,1050.47
8/6/10,1062
9/6/10,1055.69
10/6/10,1086.84
11/6/10,1091.6
14/6/10,1089.63
15/6/10,1115.23
16/6/10,1114.61
17/6/10,1116.04
18/6/10,1117.51
21/6/10,1113.2
22/6/10,1095.31
23/6/10,1092.04
24/6/10,1073.69
25/6/10,1076.76
28/6/10,1074.57
29/6/10,1041.24
30/6/10,1030.71
1/7/10,1027.37
2/7/10,1022.58
6/7/10,1028.06
7/7/10,1060.27
8/7/10,1070.25
9/7/10,1077.96
12/7/10,1078.75
13/7/10,1095.34
14/7/10,1095.17
15/7/10,1096.48
16/7/10,1064.88
19/7/10,1071.25
20/7/10,1083.48
21/7/10,1069.59
22/7/10,1093.67
23/7/10,1102.66
26/7/10,1115.01
27/7/10,1113.84
28/7/10,1106.13
29/7/10,1101.53
30/7/10,1101.6
2/8/10,1125.86
3/8/10,1120.46
4/8/10,1127.24
5/8/10,1125.81
6/8/10,1121.64
9/8/10,1127.79
10/8/10,1121.06
11/8/10,1089.47
12/8/10,1083.61
13/8/10,1079.25
16/8/10,1079.38
17/8/10,1092.54
18/8/10,1094.16
19/8/10,1075.63
20/8/10,1071.69
23/8/10,1067.36
24/8/10,1051.87
25/8/10,1055.33
26/8/10,1047.22
27/8/10,1064.59
30/8/10,1048.92
31/8/10,1049.33
1/9/10,1080.29
2/9/10,1090.1
3/9/10,1104.51
7/9/10,1091.84
8/9/10,1098.87
9/9/10,1104.18
10/9/10,1109.55
13/9/10,1121.9
14/9/10,1121.1
15/9/10,1125.07
16/9/10,1124.66
17/9/10,1125.59
20/9/10,1142.71
21/9/10,1139.78
22/9/10,1134.28
23/9/10,1124.83
24/9/10,1148.67
27/9/10,1142.16
28/9/10,1147.7
29/9/10,1144.73
30/9/10,1141.2
1/10/10,1146.24
4/10/10,1137.03
5/10/10,1160.75
6/10/10,1159.97
7/10/10,1158.06
8/10/10,1165.15
11/10/10,1165.32
12/10/10,1169.77
13/10/10,1178.1
14/10/10,1173.81
15/10/10,1176.19
18/10/10,1184.71
19/10/10,1165.9
20/10/10,1178.17
21/10/10,1180.26
22/10/10,1183.08
25/10/10,1185.62
26/10/10,1185.64
27/10/10,1182.45
28/10/10,1183.78
29/10/10,1183.26
1/11/10,1184.38
2/11/10,1193.57
3/11/10,1197.96
4/11/10,1221.06
5/11/10,1225.85
8/11/10,1223.25
9/11/10,1213.4
10/11/10,1218.71
11/11/10,1213.54
12/11/10,1199.21
15/11/10,1197.75
16/11/10,1178.34
17/11/10,1178.59
18/11/10,1196.69
19/11/10,1199.73
22/11/10,1197.84
23/11/10,1180.73
24/11/10,1198.35
26/11/10,1189.4
29/11/10,1187.76
30/11/10,1180.55
1/12/10,1206.07
2/12/10,1221.53
3/12/10,1224.71
6/12/10,1223.12
7/12/10,1223.75
8/12/10,1228.28
9/12/10,1233
10/12/10,1240.4
13/12/10,1240.46
14/12/10,1241.59
15/12/10,1235.23
16/12/10,1242.87
17/12/10,1243.91
20/12/10,1247.08
21/12/10,1254.6
22/12/10,1258.84
23/12/10,1256.77
27/12/10,1257.54
28/12/10,1258.51
29/12/10,1259.78
30/12/10,1257.88
31/12/10,1257.64
3/1/11,1271.87
4/1/11,1270.2
5/1/11,1276.56
6/1/11,1273.85
7/1/11,1271.5
10/1/11,1269.75
11/1/11,1274.48
12/1/11,1285.96
13/1/11,1283.76
14/1/11,1293.24
18/1/11,1295.02
19/1/11,1281.92
20/1/11,1280.26
21/1/11,1283.35
24/1/11,1290.84
25/1/11,1291.18
26/1/11,1296.63
27/1/11,1299.54
28/1/11,1276.34
31/1/11,1286.12
1/2/11,1307.59
2/2/11,1304.03
3/2/11,1307.1
4/2/11,1310.87
7/2/11,1319.05
8/2/11,1324.57
9/2/11,1320.88
10/2/11,1321.87
11/2/11,1329.15
14/2/11,1332.32
15/2/11,1328.01
16/2/11,1336.32
17/2/11,1340.43
18/2/11,1343.01
22/2/11,1315.44
23/2/11,1307.4
24/2/11,1306.1
25/2/11,1319.88
28/2/11,1327.22
1/3/11,1306.33
2/3/11,1308.44
3/3/11,1330.97
4/3/11,1321.15
7/3/11,1310.13
8/3/11,1321.82
9/3/11,1320.02
10/3/11,1295.11
11/3/11,1304.28
14/3/11,1296.39
15/3/11,1281.87
16/3/11,1256.88
17/3/11,1273.72
18/3/11,1279.2
21/3/11,1298.38
22/3/11,1293.77
23/3/11,1297.54
24/3/11,1309.66
25/3/11,1313.8
28/3/11,1310.19
29/3/11,1319.44
30/3/11,1328.26
31/3/11,1325.83
1/4/11,1332.41
4/4/11,1332.87
5/4/11,1332.63
6/4/11,1335.54
7/4/11,1333.51
8/4/11,1328.17
11/4/11,1324.46
12/4/11,1314.16
13/4/11,1314.41
14/4/11,1314.52
15/4/11,1319.68
18/4/11,1305.14
19/4/11,1312.62
20/4/11,1330.36
21/4/11,1337.38
25/4/11,1335.25
26/4/11,1347.24
27/4/11,1355.66
28/4/11,1360.48
29/4/11,1363.61
2/5/11,1361.22
3/5/11,1356.62
4/5/11,1347.32
5/5/11,1335.1
6/5/11,1340.2
9/5/11,1346.29
10/5/11,1357.16
11/5/11,1342.08
12/5/11,1348.65
13/5/11,1337.77
16/5/11,1329.47
17/5/11,1328.98
18/5/11,1340.68
19/5/11,1343.6
20/5/11,1333.27
23/5/11,1317.37
24/5/11,1316.28
25/5/11,1320.47
26/5/11,1325.69
27/5/11,1331.1
31/5/11,1345.2
1/6/11,1314.55
2/6/11,1312.94
3/6/11,1300.16
6/6/11,1286.17
7/6/11,1284.94
8/6/11,1279.56
9/6/11,1289
10/6/11,1270.98
13/6/11,1271.83
14/6/11,1287.87
15/6/11,1265.42
16/6/11,1267.64
17/6/11,1271.5
20/6/11,1278.36
21/6/11,1295.52
22/6/11,1287.14
23/6/11,1283.5
24/6/11,1268.45
27/6/11,1280.1
28/6/11,1296.67
29/6/11,1307.41
30/6/11,1320.64
1/7/11,1339.67
5/7/11,1337.88
6/7/11,1339.22
7/7/11,1353.22
8/7/11,1343.8
11/7/11,1319.49
12/7/11,1313.64
13/7/11,1317.72
14/7/11,1308.87
15/7/11,1316.14
18/7/11,1305.44
19/7/11,1326.73
20/7/11,1325.84
21/7/11,1343.8
22/7/11,1345.02
25/7/11,1337.43
26/7/11,1331.94
27/7/11,1304.89
28/7/11,1300.67
29/7/11,1292.28
1/8/11,1286.94
2/8/11,1254.05
3/8/11,1260.34
4/8/11,1200.07
5/8/11,1199.38
8/8/11,1119.46
9/8/11,1172.53
10/8/11,1120.76
11/8/11,1172.64
12/8/11,1178.81
15/8/11,1204.49
16/8/11,1192.76
17/8/11,1193.89
18/8/11,1140.65
19/8/11,1123.53
22/8/11,1123.82
23/8/11,1162.35
24/8/11,1177.6
25/8/11,1159.27
26/8/11,1176.8
29/8/11,1210.08
30/8/11,1212.92
31/8/11,1218.89
1/9/11,1204.42
2/9/11,1173.97
6/9/11,1165.24
7/9/11,1198.62
8/9/11,1185.9
9/9/11,1154.23
12/9/11,1162.27
13/9/11,1172.87
14/9/11,1188.68
15/9/11,1209.11
16/9/11,1216.01
19/9/11,1204.09
20/9/11,1202.09
21/9/11,1166.76
22/9/11,1129.56
23/9/11,1136.43
26/9/11,1162.95
27/9/11,1175.38
28/9/11,1151.06
29/9/11,1160.4
30/9/11,1131.42
3/10/11,1099.23
4/10/11,1123.95
5/10/11,1144.03
6/10/11,1164.97
7/10/11,1155.46
10/10/11,1194.89
11/10/11,1195.54
12/10/11,1207.25
13/10/11,1203.66
14/10/11,1224.58
17/10/11,1200.86
18/10/11,1225.38
19/10/11,1209.88
20/10/11,1215.39
21/10/11,1238.25
24/10/11,1254.19
25/10/11,1229.05
26/10/11,1242
27/10/11,1284.59
28/10/11,1285.09
31/10/11,1253.3
1/11/11,1218.28
2/11/11,1237.9
3/11/11,1261.15
4/11/11,1253.23
7/11/11,1261.12
8/11/11,1275.92
9/11/11,1229.1
10/11/11,1239.69
11/11/11,1263.85
14/11/11,1251.78
15/11/11,1257.81
16/11/11,1236.91
17/11/11,1216.13
18/11/11,1215.65
21/11/11,1192.98
22/11/11,1188.04
23/11/11,1161.79
25/11/11,1158.67
28/11/11,1192.55
29/11/11,1195.19
30/11/11,1246.96
1/12/11,1244.58
2/12/11,1244.28
5/12/11,1257.08
6/12/11,1258.47
7/12/11,1261.01
8/12/11,1234.35
9/12/11,1255.19
12/12/11,1236.47
13/12/11,1225.73
14/12/11,1211.82
15/12/11,1215.75
16/12/11,1219.66
19/12/11,1205.35
20/12/11,1241.3
21/12/11,1243.72
22/12/11,1254
23/12/11,1265.33
27/12/11,1265.43
28/12/11,1249.64
29/12/11,1263.02
30/12/11,1257.6
3/1/12,1277.06
4/1/12,1277.3
5/1/12,1281.06
6/1/12,1277.81
9/1/12,1280.7
10/1/12,1292.08
11/1/12,1292.48
12/1/12,1295.5
13/1/12,1289.09
17/1/12,1293.67
18/1/12,1308.04
19/1/12,1314.5
20/1/12,1315.38
23/1/12,1316
24/1/12,1314.65
25/1/12,1326.05
26/1/12,1318.43
27/1/12,1316.33
30/1/12,1313.01
31/1/12,1312.41
1/2/12,1324.09
2/2/12,1325.54
3/2/12,1344.9
6/2/12,1344.33
7/2/12,1347.05
8/2/12,1349.96
9/2/12,1351.95
10/2/12,1342.64
13/2/12,1351.77
14/2/12,1350.5
15/2/12,1343.23
16/2/12,1358.04
17/2/12,1361.23
21/2/12,1362.21
22/2/12,1357.66
23/2/12,1363.46
24/2/12,1365.74
27/2/12,1367.59
28/2/12,1372.18
29/2/12,1365.68
1/3/12,1374.09
2/3/12,1369.63
5/3/12,1364.33
6/3/12,1343.36
7/3/12,1352.63
8/3/12,1365.91
9/3/12,1370.87
12/3/12,1371.09
13/3/12,1395.95
14/3/12,1394.28
15/3/12,1402.6
16/3/12,1404.17
19/3/12,1409.75
20/3/12,1405.52
21/3/12,1402.89
22/3/12,1392.78
23/3/12,1397.11
26/3/12,1416.51
27/3/12,1412.52
28/3/12,1405.54
29/3/12,1403.28
30/3/12,1408.47
2/4/12,1419.04
3/4/12,1413.38
4/4/12,1398.96
5/4/12,1398.08
9/4/12,1382.2
10/4/12,1358.59
11/4/12,1368.71
12/4/12,1387.57
13/4/12,1370.26
16/4/12,1369.57
17/4/12,1390.78
18/4/12,1385.14
19/4/12,1376.92
20/4/12,1378.53
23/4/12,1366.94
24/4/12,1371.97
25/4/12,1390.69
26/4/12,1399.98
27/4/12,1403.36
30/4/12,1397.91
1/5/12,1405.82
2/5/12,1402.31
3/5/12,1391.57
4/5/12,1369.1
7/5/12,1369.58
8/5/12,1363.72
9/5/12,1354.58
10/5/12,1357.99
11/5/12,1353.39
14/5/12,1338.35
15/5/12,1330.66
16/5/12,1324.8
17/5/12,1304.86
18/5/12,1295.22
21/5/12,1315.99
22/5/12,1316.63
23/5/12,1318.86
24/5/12,1320.68
25/5/12,1317.82
29/5/12,1332.42
30/5/12,1313.32
31/5/12,1310.33
1/6/12,1278.04
4/6/12,1278.18
5/6/12,1285.5
6/6/12,1315.13
7/6/12,1314.99
8/6/12,1325.66
11/6/12,1308.93
12/6/12,1324.18
13/6/12,1314.88
14/6/12,1329.1
15/6/12,1342.84
18/6/12,1344.78
19/6/12,1357.98
20/6/12,1355.69
21/6/12,1325.51
22/6/12,1335.02
25/6/12,1313.72
26/6/12,1319.99
27/6/12,1331.85
28/6/12,1329.04
29/6/12,1362.16
2/7/12,1365.51
3/7/12,1374.02
5/7/12,1367.58
6/7/12,1354.68
9/7/12,1352.46
10/7/12,1341.47
11/7/12,1341.45
12/7/12,1334.76
13/7/12,1356.78
16/7/12,1353.64
17/7/12,1363.67
18/7/12,1372.78
19/7/12,1376.51
20/7/12,1362.66
23/7/12,1350.52
24/7/12,1338.31
25/7/12,1337.89
26/7/12,1360.02
27/7/12,1385.97
30/7/12,1385.3
31/7/12,1379.32
1/8/12,1375.14
2/8/12,1365
3/8/12,1390.99
6/8/12,1394.23
7/8/12,1401.35
8/8/12,1402.22
9/8/12,1402.8
10/8/12,1405.87
13/8/12,1404.11
14/8/12,1403.93
15/8/12,1405.53
16/8/12,1415.51
17/8/12,1418.16
20/8/12,1418.13
21/8/12,1413.17
22/8/12,1413.49
23/8/12,1402.08
24/8/12,1411.13
27/8/12,1410.44
28/8/12,1409.3
29/8/12,1410.49
30/8/12,1399.48
31/8/12,1406.58
4/9/12,1404.94
5/9/12,1403.44
6/9/12,1432.12
7/9/12,1437.92
10/9/12,1429.08
11/9/12,1433.56
12/9/12,1436.56
13/9/12,1459.99
14/9/12,1465.77
17/9/12,1461.19
18/9/12,1459.32
19/9/12,1461.05
20/9/12,1460.26
21/9/12,1460.15
24/9/12,1456.89
25/9/12,1441.59
26/9/12,1433.32
27/9/12,1447.15
28/9/12,1440.67
1/10/12,1444.49
2/10/12,1445.75
3/10/12,1450.99
4/10/12,1461.4
5/10/12,1460.93
8/10/12,1455.88
9/10/12,1441.48
10/10/12,1432.56
11/10/12,1432.84
12/10/12,1428.59
15/10/12,1440.13
16/10/12,1454.92
17/10/12,1460.91
18/10/12,1457.34
19/10/12,1433.19
22/10/12,1433.82
23/10/12,1413.11
24/10/12,1408.75
25/10/12,1412.97
26/10/12,1411.94
31/10/12,1412.16
1/11/12,1427.59
2/11/12,1414.2
5/11/12,1417.26
6/11/12,1428.39
7/11/12,1394.53
8/11/12,1377.51
9/11/12,1379.85
12/11/12,1380.03
13/11/12,1374.53
14/11/12,1355.49
15/11/12,1353.33
16/11/12,1359.88
19/11/12,1386.89
20/11/12,1387.81
21/11/12,1391.03
23/11/12,1409.15
26/11/12,1406.29
27/11/12,1398.94
28/11/12,1409.93
29/11/12,1415.95
30/11/12,1416.18
3/12/12,1409.46
4/12/12,1407.05
5/12/12,1409.28
6/12/12,1413.94
7/12/12,1418.07
10/12/12,1418.55
11/12/12,1427.84
12/12/12,1428.48
13/12/12,1419.45
14/12/12,1413.58
17/12/12,1430.36
18/12/12,1446.79
19/12/12,1435.81
20/12/12,1443.69
21/12/12,1430.15
24/12/12,1426.66
26/12/12,1419.83
27/12/12,1418.1
28/12/12,1402.43
31/12/12,1426.19
2/1/13,1462.42
3/1/13,1459.37
4/1/13,1466.47
7/1/13,1461.89
8/1/13,1457.15
9/1/13,1461.02
10/1/13,1472.12
11/1/13,1472.05
14/1/13,1470.68
15/1/13,1472.34
16/1/13,1472.63
17/1/13,1480.94
18/1/13,1485.98
22/1/13,1492.56
23/1/13,1494.81
24/1/13,1494.82
25/1/13,1502.96
28/1/13,1500.18
29/1/13,1507.84
30/1/13,1501.96
31/1/13,1498.11
1/2/13,1513.17
4/2/13,1495.71
5/2/13,1511.29
6/2/13,1512.12
7/2/13,1509.39
8/2/13,1517.93
11/2/13,1517.01
12/2/13,1519.43
13/2/13,1520.33
14/2/13,1521.38
15/2/13,1519.79
19/2/13,1530.94
20/2/13,1511.95
21/2/13,1502.42
22/2/13,1515.6
25/2/13,1487.85
26/2/13,1496.94
27/2/13,1515.99
28/2/13,1514.68
1/3/13,1518.2
4/3/13,1525.2
5/3/13,1539.79
6/3/13,1541.46
7/3/13,1544.26
8/3/13,1551.18
11/3/13,1556.22
12/3/13,1552.48
13/3/13,1554.52
14/3/13,1563.23
15/3/13,1560.7
18/3/13,1552.1
19/3/13,1548.34
20/3/13,1558.71
21/3/13,1545.8
22/3/13,1556.89
25/3/13,1551.69
26/3/13,1563.77
27/3/13,1562.85
28/3/13,1569.19
1/4/13,1562.17
2/4/13,1570.25
3/4/13,1553.69
4/4/13,1559.98
5/4/13,1553.28
8/4/13,1563.07
9/4/13,1568.61
10/4/13,1587.73
11/4/13,1593.37
12/4/13,1588.85
15/4/13,1552.36
16/4/13,1574.57
17/4/13,1552.01
18/4/13,1541.61
19/4/13,1555.25
22/4/13,1562.5
23/4/13,1578.78
24/4/13,1578.79
25/4/13,1585.16
26/4/13,1582.24
29/4/13,1593.61
30/4/13,1597.57
1/5/13,1582.7
2/5/13,1597.59
3/5/13,1614.42
6/5/13,1617.5
7/5/13,1625.96
8/5/13,1632.69
9/5/13,1626.67
10/5/13,1633.7
13/5/13,1633.77
14/5/13,1650.34
15/5/13,1658.78
16/5/13,1650.47
17/5/13,1667.47
20/5/13,1666.29
21/5/13,1669.16
22/5/13,1655.35
23/5/13,1650.51
24/5/13,1649.6
28/5/13,1660.06
29/5/13,1648.36
30/5/13,1654.41
31/5/13,1630.74
3/6/13,1640.42
4/6/13,1631.38
5/6/13,1608.9
6/6/13,1622.56
7/6/13,1643.38
10/6/13,1642.81
11/6/13,1626.13
12/6/13,1612.52
13/6/13,1636.36
14/6/13,1626.73
17/6/13,1639.04
18/6/13,1651.81
19/6/13,1628.93
20/6/13,1588.19
21/6/13,1592.43
24/6/13,1573.09
25/6/13,1588.03
26/6/13,1603.26
27/6/13,1613.2
28/6/13,1606.28
1/7/13,1614.96
2/7/13,1614.08
3/7/13,1615.41
5/7/13,1631.89
8/7/13,1640.46
9/7/13,1652.32
10/7/13,1652.62
11/7/13,1675.02
12/7/13,1680.19
15/7/13,1682.5
16/7/13,1676.26
17/7/13,1680.91
18/7/13,1689.37
19/7/13,1692.09
22/7/13,1695.53
23/7/13,1692.39
24/7/13,1685.94
25/7/13,1690.25
26/7/13,1691.65
29/7/13,1685.33
30/7/13,1685.96
31/7/13,1685.73
1/8/13,1706.87
2/8/13,1709.67
5/8/13,1707.14
6/8/13,1697.37
7/8/13,1690.91
8/8/13,1697.48
9/8/13,1691.42
12/8/13,1689.47
13/8/13,1694.16
14/8/13,1685.39
15/8/13,1661.32
16/8/13,1655.83
19/8/13,1646.06
20/8/13,1652.35
21/8/13,1642.8
22/8/13,1656.96
23/8/13,1663.5
26/8/13,1656.78
27/8/13,1630.48
28/8/13,1634.96
29/8/13,1638.17
30/8/13,1632.97
3/9/13,1639.77
4/9/13,1653.08
5/9/13,1655.08
6/9/13,1655.17
9/9/13,1671.71
10/9/13,1683.99
11/9/13,1689.13
12/9/13,1683.42
13/9/13,1687.99
16/9/13,1697.6
17/9/13,1704.76
18/9/13,1725.52
19/9/13,1722.34
20/9/13,1709.91
23/9/13,1701.84
24/9/13,1697.42
25/9/13,1692.77
26/9/13,1698.67
27/9/13,1691.75
30/9/13,1681.55
1/10/13,1695
2/10/13,1693.87
3/10/13,1678.66
4/10/13,1690.5
7/10/13,1676.12
8/10/13,1655.45
9/10/13,1656.4
10/10/13,1692.56
11/10/13,1703.2
14/10/13,1710.14
15/10/13,1698.06
16/10/13,1721.54
17/10/13,1733.15
18/10/13,1744.5
21/10/13,1744.66
22/10/13,1754.67
23/10/13,1746.38
24/10/13,1752.07
25/10/13,1759.77
28/10/13,1762.11
29/10/13,1771.95
30/10/13,1763.31
31/10/13,1756.54
1/11/13,1761.64
4/11/13,1767.93
5/11/13,1762.97
6/11/13,1770.49
7/11/13,1747.15
8/11/13,1770.61
11/11/13,1771.89
12/11/13,1767.69
13/11/13,1782
14/11/13,1790.62
15/11/13,1798.18
18/11/13,1791.53
19/11/13,1787.87
20/11/13,1781.37
21/11/13,1795.85
22/11/13,1804.76
25/11/13,1802.48
26/11/13,1802.75
27/11/13,1807.23
29/11/13,1805.81
2/12/13,1800.9
3/12/13,1795.15
4/12/13,1792.81
5/12/13,1785.03
6/12/13,1805.09
9/12/13,1808.37
10/12/13,1802.62
11/12/13,1782.22
12/12/13,1775.5
13/12/13,1775.32
16/12/13,1786.54
17/12/13,1781
18/12/13,1810.65
19/12/13,1809.6
20/12/13,1818.32
23/12/13,1827.99
24/12/13,1833.32
26/12/13,1842.02
27/12/13,1841.4
30/12/13,1841.07
31/12/13,1848.36
2/1/14,1831.98
3/1/14,1831.37
6/1/14,1826.77
7/1/14,1837.88
8/1/14,1837.49
9/1/14,1838.13
10/1/14,1842.37
13/1/14,1819.2
14/1/14,1838.88
15/1/14,1848.38
16/1/14,1845.89
17/1/14,1838.7
21/1/14,1843.8
22/1/14,1844.86
23/1/14,1828.46
24/1/14,1790.29
27/1/14,1781.56
28/1/14,1792.5
29/1/14,1774.2
30/1/14,1794.19
31/1/14,1782.59
3/2/14,1741.89
4/2/14,1755.2
5/2/14,1751.64
6/2/14,1773.43
7/2/14,1797.02
10/2/14,1799.84
11/2/14,1819.75
12/2/14,1819.26
13/2/14,1829.83
14/2/14,1838.63
18/2/14,1840.76
19/2/14,1828.75
20/2/14,1839.78
21/2/14,1836.25
24/2/14,1847.61
25/2/14,1845.12
26/2/14,1845.16
27/2/14,1854.29
28/2/14,1859.45
3/3/14,1845.73
4/3/14,1873.91
5/3/14,1873.81
6/3/14,1877.03
7/3/14,1878.04
10/3/14,1877.17
11/3/14,1867.63
12/3/14,1868.2
13/3/14,1846.34
14/3/14,1841.13
17/3/14,1858.83
18/3/14,1872.25
19/3/14,1860.77
20/3/14,1872.01
21/3/14,1866.52
24/3/14,1857.44
25/3/14,1865.62
26/3/14,1852.56
27/3/14,1849.04
28/3/14,1857.62
31/3/14,1872.34
1/4/14,1885.52
2/4/14,1890.9
3/4/14,1888.77
4/4/14,1865.09
7/4/14,1845.04
8/4/14,1851.96
9/4/14,1872.18
10/4/14,1833.08
11/4/14,1815.69
14/4/14,1830.61
15/4/14,1842.98
16/4/14,1862.31
17/4/14,1864.85
21/4/14,1871.89
22/4/14,1879.55
23/4/14,1875.39
24/4/14,1878.61
25/4/14,1863.4
28/4/14,1869.43
29/4/14,1878.33
30/4/14,1883.95
1/5/14,1883.68
2/5/14,1881.14
5/5/14,1884.66
6/5/14,1867.72
7/5/14,1878.21
8/5/14,1875.63
9/5/14,1878.48
12/5/14,1896.65
13/5/14,1897.45
14/5/14,1888.53
15/5/14,1870.85
16/5/14,1877.86
19/5/14,1885.08
20/5/14,1872.83
21/5/14,1888.03
22/5/14,1892.49
23/5/14,1900.53
27/5/14,1911.91
28/5/14,1909.78
29/5/14,1920.03
30/5/14,1923.57
2/6/14,1924.97
3/6/14,1924.24
4/6/14,1927.88
5/6/14,1940.46
6/6/14,1949.44
9/6/14,1951.27
10/6/14,1950.79
11/6/14,1943.89
12/6/14,1930.11
13/6/14,1936.16
16/6/14,1937.78
17/6/14,1941.99
18/6/14,1956.98
19/6/14,1959.48
20/6/14,1962.87
23/6/14,1962.61
24/6/14,1949.98
25/6/14,1959.53
26/6/14,1957.22
27/6/14,1960.96
30/6/14,1960.23
1/7/14,1973.32
2/7/14,1974.62
3/7/14,1985.44
7/7/14,1977.65
8/7/14,1963.71
9/7/14,1972.83
10/7/14,1964.68
11/7/14,1967.57
14/7/14,1977.1
15/7/14,1973.28
16/7/14,1981.57
17/7/14,1958.12
18/7/14,1978.22
21/7/14,1973.63
22/7/14,1983.53
23/7/14,1987.01
24/7/14,1987.98
25/7/14,1978.34
28/7/14,1978.91
29/7/14,1969.95
30/7/14,1970.07
31/7/14,1930.67
1/8/14,1925.15
4/8/14,1938.99
5/8/14,1920.21
6/8/14,1920.24
7/8/14,1909.57
8/8/14,1931.59
11/8/14,1936.92
12/8/14,1933.75
13/8/14,1946.72
14/8/14,1955.18
15/8/14,1955.06
18/8/14,1971.74
19/8/14,1981.6
20/8/14,1986.51
21/8/14,1992.37
22/8/14,1988.4
25/8/14,1997.92
26/8/14,2000.02
27/8/14,2000.12
28/8/14,1996.74
29/8/14,2003.37
2/9/14,2002.28
3/9/14,2000.72
4/9/14,1997.65
5/9/14,2007.71
8/9/14,2001.54
9/9/14,1988.44
10/9/14,1995.69
11/9/14,1997.45
12/9/14,1985.54
15/9/14,1984.13
16/9/14,1998.98
17/9/14,2001.57
18/9/14,2011.36
19/9/14,2010.4
22/9/14,1994.29
23/9/14,1982.77
24/9/14,1998.3
25/9/14,1965.99
26/9/14,1982.85
29/9/14,1977.8
30/9/14,1972.29
1/10/14,1946.16
2/10/14,1946.17
3/10/14,1967.9
6/10/14,1964.82
7/10/14,1935.1
8/10/14,1968.89
9/10/14,1928.21
10/10/14,1906.13
13/10/14,1874.74
14/10/14,1877.7
15/10/14,1862.49
16/10/14,1862.76
17/10/14,1886.76
20/10/14,1904.01
21/10/14,1941.28
22/10/14,1927.11
23/10/14,1950.82
24/10/14,1964.58
27/10/14,1961.63
28/10/14,1985.05
29/10/14,1982.3
30/10/14,1994.65
31/10/14,2018.05
3/11/14,2017.81
4/11/14,2012.1
5/11/14,2023.57
6/11/14,2031.21
7/11/14,2031.92
10/11/14,2038.26
11/11/14,2039.68
12/11/14,2038.25
13/11/14,2039.33
14/11/14,2039.82
17/11/14,2041.32
18/11/14,2051.8
19/11/14,2048.72
20/11/14,2052.75
21/11/14,2063.5
24/11/14,2069.41
25/11/14,2067.03
26/11/14,2072.83
28/11/14,2067.56
1/12/14,2053.44
2/12/14,2066.55
3/12/14,2074.33
4/12/14,2071.92
5/12/14,2075.37
8/12/14,2060.31
9/12/14,2059.82
10/12/14,2026.14
11/12/14,2035.33
12/12/14,2002.33
15/12/14,1989.63
16/12/14,1972.74
17/12/14,2012.89
18/12/14,2061.23
19/12/14,2070.65
22/12/14,2078.54
23/12/14,2082.17
24/12/14,2081.88
26/12/14,2088.77
29/12/14,2090.57
30/12/14,2080.35
31/12/14,2058.9
2/1/15,2058.2
5/1/15,2020.58
6/1/15,2002.61
7/1/15,2025.9
8/1/15,2062.14
9/1/15,2044.81
12/1/15,2028.26
13/1/15,2023.03
14/1/15,2011.27
15/1/15,1992.67
16/1/15,2019.42
20/1/15,2022.55
21/1/15,2032.12
22/1/15,2063.15
23/1/15,2051.82
26/1/15,2057.09
27/1/15,2029.55
28/1/15,2002.16
29/1/15,2021.25
30/1/15,1994.99
2/2/15,2020.85
3/2/15,2050.03
4/2/15,2041.51
5/2/15,2062.52
6/2/15,2055.47
9/2/15,2046.74
10/2/15,2068.59
11/2/15,2068.53
12/2/15,2088.48
13/2/15,2096.99
17/2/15,2100.34
18/2/15,2099.68
19/2/15,2097.45
20/2/15,2110.3
23/2/15,2109.66
24/2/15,2115.48
25/2/15,2113.86
26/2/15,2110.74
27/2/15,2104.5
2/3/15,2117.39
3/3/15,2107.78
4/3/15,2098.53
5/3/15,2101.04
6/3/15,2071.26
9/3/15,2079.43
10/3/15,2044.16
11/3/15,2040.24
12/3/15,2065.95
13/3/15,2053.4
16/3/15,2081.19
17/3/15,2074.28
18/3/15,2099.5
19/3/15,2089.27
20/3/15,2108.1
23/3/15,2104.42
24/3/15,2091.5
25/3/15,2061.05
26/3/15,2056.15
27/3/15,2061.02
30/3/15,2086.24
31/3/15,2067.89
1/4/15,2059.69
2/4/15,2066.96
6/4/15,2080.62
7/4/15,2076.33
8/4/15,2081.9
9/4/15,2091.18
10/4/15,2102.06
13/4/15,2092.43
14/4/15,2095.84
15/4/15,2106.63
16/4/15,2104.99
17/4/15,2081.18
20/4/15,2100.4
21/4/15,2097.29
22/4/15,2107.96
23/4/15,2112.93
24/4/15,2117.69
27/4/15,2108.92
28/4/15,2114.76
29/4/15,2106.85
30/4/15,2085.51
1/5/15,2108.29
4/5/15,2114.49
5/5/15,2089.46
6/5/15,2080.15
7/5/15,2088
8/5/15,2116.1
11/5/15,2105.33
12/5/15,2099.12
13/5/15,2098.48
14/5/15,2121.1
15/5/15,2122.73
18/5/15,2129.2
19/5/15,2127.83
20/5/15,2125.85
21/5/15,2130.82
22/5/15,2126.06
26/5/15,2104.2
27/5/15,2123.48
28/5/15,2120.79
29/5/15,2107.39
1/6/15,2111.73
2/6/15,2109.6
3/6/15,2114.07
4/6/15,2095.84
5/6/15,2092.83
8/6/15,2079.28
9/6/15,2080.15
10/6/15,2105.2
11/6/15,2108.86
12/6/15,2094.11
15/6/15,2084.43
16/6/15,2096.29
17/6/15,2100.44
18/6/15,2121.24
19/6/15,2109.99
22/6/15,2122.85
23/6/15,2124.2
24/6/15,2108.58
25/6/15,2102.31
26/6/15,2101.49
29/6/15,2057.64
30/6/15,2063.11
1/7/15,2077.42
2/7/15,2076.78
6/7/15,2068.76
7/7/15,2081.34
8/7/15,2046.68
9/7/15,2051.31
10/7/15,2076.62
13/7/15,2099.6
14/7/15,2108.95
15/7/15,2107.4
16/7/15,2124.29
17/7/15,2126.64
20/7/15,2128.28
21/7/15,2119.21
22/7/15,2114.15
23/7/15,2102.15
24/7/15,2079.65
27/7/15,2067.64
28/7/15,2093.25
29/7/15,2108.57
30/7/15,2108.63
31/7/15,2103.84
3/8/15,2098.04
4/8/15,2093.32
5/8/15,2099.84
6/8/15,2083.56
7/8/15,2077.57
10/8/15,2104.18
11/8/15,2084.07
12/8/15,2086.05
13/8/15,2083.39
14/8/15,2091.54
17/8/15,2102.44
18/8/15,2096.92
19/8/15,2079.61
20/8/15,2035.73
21/8/15,1970.89
24/8/15,1893.21
25/8/15,1867.61
26/8/15,1940.51
27/8/15,1987.66
28/8/15,1988.87
31/8/15,1972.18
1/9/15,1913.85
2/9/15,1948.86
3/9/15,1951.13
4/9/15,1921.22
8/9/15,1969.41
9/9/15,1942.04
10/9/15,1952.29
11/9/15,1961.05
14/9/15,1953.03
15/9/15,1978.09
16/9/15,1995.31
17/9/15,1990.2
18/9/15,1958.03
21/9/15,1966.97
22/9/15,1942.74
23/9/15,1938.76
24/9/15,1932.24
25/9/15,1931.34
28/9/15,1881.77
29/9/15,1884.09
30/9/15,1920.03
1/10/15,1923.82
2/10/15,1951.36
5/10/15,1987.05
6/10/15,1979.92
7/10/15,1995.83
8/10/15,2013.43
9/10/15,2014.89
12/10/15,2017.46
13/10/15,2003.69
14/10/15,1994.24
15/10/15,2023.86
16/10/15,2033.11
19/10/15,2033.66
20/10/15,2030.77
21/10/15,2018.94
22/10/15,2052.51
23/10/15,2075.15
26/10/15,2071.18
27/10/15,2065.89
28/10/15,2090.35
29/10/15,2089.41
30/10/15,2079.36
2/11/15,2104.05
3/11/15,2109.79
4/11/15,2102.31
5/11/15,2099.93
6/11/15,2099.2
9/11/15,2078.58
10/11/15,2081.72
11/11/15,2075
12/11/15,2045.97
13/11/15,2023.04
16/11/15,2053.19
17/11/15,2050.44
18/11/15,2083.58
19/11/15,2081.24
20/11/15,2089.17
23/11/15,2086.59
24/11/15,2089.14
25/11/15,2088.87
27/11/15,2090.11
30/11/15,2080.41
1/12/15,2102.63
2/12/15,2079.51
3/12/15,2049.62
4/12/15,2091.69
7/12/15,2077.07
8/12/15,2063.59
9/12/15,2047.62
10/12/15,2052.23
11/12/15,2012.37
14/12/15,2021.94
15/12/15,2043.41
16/12/15,2073.07
17/12/15,2041.89
18/12/15,2005.55
21/12/15,2021.15
22/12/15,2038.97
23/12/15,2064.29
24/12/15,2060.99
28/12/15,2056.5
29/12/15,2078.36
30/12/15,2063.36
31/12/15,2043.94
4/1/16,2012.66
5/1/16,2016.71
6/1/16,1990.26
7/1/16,1943.09
8/1/16,1922.03
11/1/16,1923.67
12/1/16,1938.68
13/1/16,1890.28
14/1/16,1921.84
15/1/16,1880.33
19/1/16,1881.33
20/1/16,1859.33
21/1/16,1868.99
22/1/16,1906.9
25/1/16,1877.08
26/1/16,1903.63
27/1/16,1882.95
28/1/16,1893.36
29/1/16,1940.24
1/2/16,1939.38
2/2/16,1903.03
3/2/16,1912.53
4/2/16,1915.45
5/2/16,1880.05
8/2/16,1853.44
9/2/16,1852.21
10/2/16,1851.86
11/2/16,1829.08
12/2/16,1864.78
16/2/16,1895.58
17/2/16,1926.82
18/2/16,1917.83
19/2/16,1917.78
22/2/16,1945.5
23/2/16,1921.27
24/2/16,1929.8
25/2/16,1951.7
26/2/16,1948.05
29/2/16,1932.23
1/3/16,1978.35
2/3/16,1986.45
3/3/16,1993.4
4/3/16,1999.99
7/3/16,2001.76
8/3/16,1979.26
9/3/16,1989.26
10/3/16,1989.57
11/3/16,2022.19
14/3/16,2019.64
15/3/16,2015.93
16/3/16,2027.22
17/3/16,2040.59
18/3/16,2049.58
21/3/16,2051.6
22/3/16,2049.8
23/3/16,2036.71
24/3/16,2035.94
28/3/16,2037.05
29/3/16,2055.01
30/3/16,2063.95
31/3/16,2059.74
1/4/16,2072.78
4/4/16,2066.13
5/4/16,2045.17
6/4/16,2066.66
7/4/16,2041.91
8/4/16,2047.6
11/4/16,2041.99
12/4/16,2061.72
13/4/16,2082.42
14/4/16,2082.78
15/4/16,2080.73
18/4/16,2094.34
19/4/16,2100.8
20/4/16,2102.4
21/4/16,2091.48
22/4/16,2091.58
25/4/16,2087.79
26/4/16,2091.7
27/4/16,2095.15
28/4/16,2075.81
29/4/16,2065.3
2/5/16,2081.43
3/5/16,2063.37
4/5/16,2051.12
5/5/16,2050.63
6/5/16,2057.14
9/5/16,2058.69
10/5/16,2084.39
11/5/16,2064.46
12/5/16,2064.11
13/5/16,2046.61
16/5/16,2066.66
17/5/16,2047.21
18/5/16,2047.63
19/5/16,2040.04
20/5/16,2052.32
23/5/16,2048.04
24/5/16,2076.06
25/5/16,2090.54
26/5/16,2090.1
27/5/16,2099.06
31/5/16,2096.96
1/6/16,2099.33
2/6/16,2105.26
3/6/16,2099.13
6/6/16,2109.41
7/6/16,2112.13
8/6/16,2119.12
9/6/16,2115.48
10/6/16,2096.07
13/6/16,2079.06
14/6/16,2075.32
15/6/16,2071.5
16/6/16,2077.99
17/6/16,2071.22
20/6/16,2083.25
21/6/16,2088.9
22/6/16,2085.45
23/6/16,2113.32
24/6/16,2037.41
27/6/16,2000.54
28/6/16,2036.09
29/6/16,2070.77
30/6/16,2098.86
1/7/16,2102.95
5/7/16,2088.55
6/7/16,2099.73
7/7/16,2097.9
8/7/16,2129.9
11/7/16,2137.16
12/7/16,2152.14
13/7/16,2152.43
14/7/16,2163.75
15/7/16,2161.74
18/7/16,2166.89
19/7/16,2163.78
20/7/16,2173.02
21/7/16,2165.17
22/7/16,2175.03
25/7/16,2168.48
26/7/16,2169.18
27/7/16,2166.58
28/7/16,2170.06
29/7/16,2173.6
1/8/16,2170.84
2/8/16,2157.03
3/8/16,2163.79
4/8/16,2164.25
5/8/16,2182.87
8/8/16,2180.89
9/8/16,2181.74
10/8/16,2175.49
11/8/16,2185.79
12/8/16,2184.05
15/8/16,2190.15
16/8/16,2178.15
17/8/16,2182.22
18/8/16,2187.02
19/8/16,2183.87
22/8/16,2182.64
23/8/16,2186.9
24/8/16,2175.44
25/8/16,2172.47
26/8/16,2169.04
29/8/16,2180.38
30/8/16,2176.12
31/8/16,2170.95
1/9/16,2170.86
2/9/16,2179.98
6/9/16,2186.48
7/9/16,2186.16
8/9/16,2181.3
9/9/16,2127.81
12/9/16,2159.04
13/9/16,2127.02
14/9/16,2125.77
15/9/16,2147.26
16/9/16,2139.16
19/9/16,2139.12
20/9/16,2139.76
21/9/16,2163.12
22/9/16,2177.18
23/9/16,2164.69
26/9/16,2146.1
27/9/16,2159.93
28/9/16,2171.37
29/9/16,2151.13
30/9/16,2168.27
3/10/16,2161.2
4/10/16,2150.49
5/10/16,2159.73
6/10/16,2160.77
7/10/16,2153.74
10/10/16,2163.66
11/10/16,2136.73
12/10/16,2139.18
13/10/16,2132.55
14/10/16,2132.98
17/10/16,2126.5
18/10/16,2139.6
19/10/16,2144.29
20/10/16,2141.34
21/10/16,2141.16
24/10/16,2151.33
25/10/16,2143.16
26/10/16,2139.43
27/10/16,2133.04
28/10/16,2126.41
31/10/16,2126.15
1/11/16,2111.72
2/11/16,2097.94
3/11/16,2088.66
4/11/16,2085.18
7/11/16,2131.52
8/11/16,2139.56
9/11/16,2163.26
10/11/16,2167.48
11/11/16,2164.45
14/11/16,2164.2
15/11/16,2180.39
16/11/16,2176.94
17/11/16,2187.12
18/11/16,2181.9
21/11/16,2198.18
22/11/16,2202.94
23/11/16,2204.72
25/11/16,2213.35
28/11/16,2201.72
29/11/16,2204.66
30/11/16,2198.81
1/12/16,2191.08
2/12/16,2191.95
5/12/16,2204.71
6/12/16,2212.23
7/12/16,2241.35
8/12/16,2246.19
9/12/16,2259.53
12/12/16,2256.96
13/12/16,2271.72
14/12/16,2253.28
15/12/16,2262.03
16/12/16,2258.07
19/12/16,2262.53
20/12/16,2270.76
21/12/16,2265.18
22/12/16,2260.96
23/12/16,2263.79
27/12/16,2268.88
28/12/16,2249.92
29/12/16,2249.26
30/12/16,2238.83
3/1/17,2257.83
4/1/17,2270.75
5/1/17,2269
6/1/17,2276.98
9/1/17,2268.9
10/1/17,2268.9
11/1/17,2275.32
12/1/17,2270.44
13/1/17,2274.64
17/1/17,2267.89
18/1/17,2271.89
19/1/17,2263.69
20/1/17,2271.31
23/1/17,2265.2
24/1/17,2280.07
25/1/17,2298.37
26/1/17,2296.68
27/1/17,2294.69
30/1/17,2280.9
31/1/17,2278.87
1/2/17,2279.55
2/2/17,2280.85
3/2/17,2297.42
6/2/17,2292.56
7/2/17,2293.08
8/2/17,2294.67
9/2/17,2307.87
10/2/17,2316.1
13/2/17,2328.25
14/2/17,2337.58
15/2/17,2349.25
16/2/17,2347.22
17/2/17,2351.16
21/2/17,2365.38
22/2/17,2362.82
23/2/17,2363.81
24/2/17,2367.34
27/2/17,2369.75
28/2/17,2363.64
1/3/17,2395.96
2/3/17,2381.92
3/3/17,2383.12
6/3/17,2375.31
7/3/17,2368.39
8/3/17,2362.98
9/3/17,2364.87
10/3/17,2372.6
13/3/17,2373.47
14/3/17,2365.45
15/3/17,2385.26
16/3/17,2381.38
17/3/17,2378.25
20/3/17,2373.47
21/3/17,2344.02
22/3/17,2348.45
23/3/17,2345.96
24/3/17,2343.98
27/3/17,2341.59
28/3/17,2358.57
29/3/17,2361.13
30/3/17,2368.06
31/3/17,2362.72
3/4/17,2358.84
4/4/17,2360.16
5/4/17,2352.95
6/4/17,2357.49
7/4/17,2355.54
10/4/17,2357.16
11/4/17,2353.78
12/4/17,2344.93
13/4/17,2328.95
17/4/17,2349.01
18/4/17,2342.19
19/4/17,2338.17
20/4/17,2355.84
21/4/17,2348.69
24/4/17,2374.15
25/4/17,2388.61
26/4/17,2387.45
27/4/17,2388.77
28/4/17,2384.2
1/5/17,2388.33
2/5/17,2391.17
3/5/17,2388.13
4/5/17,2389.52
5/5/17,2399.29
8/5/17,2399.38
9/5/17,2396.92
10/5/17,2399.63
11/5/17,2394.44
12/5/17,2390.9
15/5/17,2402.32
16/5/17,2400.67
17/5/17,2357.03
18/5/17,2365.72
19/5/17,2381.73
22/5/17,2394.02
23/5/17,2398.42
24/5/17,2404.39
25/5/17,2415.07
26/5/17,2415.82
30/5/17,2412.91
31/5/17,2411.8
1/6/17,2430.06
2/6/17,2439.07
5/6/17,2436.1
6/6/17,2429.33
7/6/17,2433.14
8/6/17,2433.79
9/6/17,2431.77
12/6/17,2429.39
13/6/17,2440.35
14/6/17,2437.92
15/6/17,2432.46
16/6/17,2433.15
19/6/17,2453.46
20/6/17,2437.03
21/6/17,2435.61
22/6/17,2434.5
23/6/17,2438.3
26/6/17,2439.07
27/6/17,2419.38
28/6/17,2440.69
29/6/17,2419.7
30/6/17,2423.41
3/7/17,2429.01
5/7/17,2432.54
6/7/17,2409.75
7/7/17,2425.18
10/7/17,2427.43
11/7/17,2425.53
12/7/17,2443.25
13/7/17,2447.83
14/7/17,2459.27
17/7/17,2459.14
18/7/17,2460.61
19/7/17,2473.83
20/7/17,2473.45
21/7/17,2472.54
24/7/17,2469.91
25/7/17,2477.13
26/7/17,2477.83
27/7/17,2475.42
28/7/17,2472.1
31/7/17,2470.3
1/8/17,2476.35
2/8/17,2477.57
3/8/17,2472.16
4/8/17,2476.83
7/8/17,2480.91
8/8/17,2474.92
9/8/17,2474.02
10/8/17,2438.21
11/8/17,2441.32
14/8/17,2465.84
15/8/17,2464.61
16/8/17,2468.11
17/8/17,2430.01
18/8/17,2425.55
21/8/17,2428.37
22/8/17,2452.51
23/8/17,2444.04
24/8/17,2438.97
25/8/17,2443.05
28/8/17,2444.24
29/8/17,2446.3
30/8/17,2457.59
31/8/17,2471.65
1/9/17,2476.55
5/9/17,2457.85
6/9/17,2465.54
7/9/17,2465.1
8/9/17,2461.43
11/9/17,2488.11
12/9/17,2496.48
13/9/17,2498.37
14/9/17,2495.62
15/9/17,2500.23
18/9/17,2503.87
19/9/17,2506.65
20/9/17,2508.24
21/9/17,2500.6
22/9/17,2502.22
25/9/17,2496.66
26/9/17,2496.84
27/9/17,2507.04
28/9/17,2510.06
29/9/17,2519.36
2/10/17,2529.12
3/10/17,2534.58
4/10/17,2537.74
5/10/17,2552.07
6/10/17,2549.33
9/10/17,2544.73
10/10/17,2550.64
11/10/17,2555.24
12/10/17,2550.93
13/10/17,2553.17
16/10/17,2557.64
17/10/17,2559.36
18/10/17,2561.26
19/10/17,2562.1
20/10/17,2575.21
23/10/17,2564.98
24/10/17,2569.13
25/10/17,2557.15
26/10/17,2560.4
27/10/17,2581.07
30/10/17,2572.83
31/10/17,2575.26
1/11/17,2579.36
2/11/17,2579.85
3/11/17,2587.84
6/11/17,2591.13
7/11/17,2590.64
8/11/17,2594.38
9/11/17,2584.62
10/11/17,2582.3
13/11/17,2584.84
14/11/17,2578.87
15/11/17,2564.62
16/11/17,2585.64
17/11/17,2578.85
20/11/17,2582.14
21/11/17,2599.03
22/11/17,2597.08
24/11/17,2602.42
27/11/17,2601.42
28/11/17,2627.04
29/11/17,2626.07
30/11/17,2647.58
1/12/17,2642.22
4/12/17,2639.44
5/12/17,2629.57
6/12/17,2629.27
7/12/17,2636.98
8/12/17,2651.5
11/12/17,2659.99
12/12/17,2664.11
13/12/17,2662.85
14/12/17,2652.01
15/12/17,2675.81
18/12/17,2690.16
19/12/17,2681.47
20/12/17,2679.25
21/12/17,2684.57
22/12/17,2683.34
26/12/17,2680.5
27/12/17,2682.62
28/12/17,2687.54
29/12/17,2673.61
2/1/18,2695.81
3/1/18,2713.06
4/1/18,2723.99
5/1/18,2743.15
8/1/18,2747.71
9/1/18,2751.29
10/1/18,2748.23
11/1/18,2767.56
12/1/18,2786.24
16/1/18,2776.42
17/1/18,2802.56
18/1/18,2798.03
19/1/18,2810.3
22/1/18,2832.97
23/1/18,2839.13
24/1/18,2837.54
25/1/18,2839.25
26/1/18,2872.87
29/1/18,2853.53
30/1/18,2822.43
31/1/18,2823.81
1/2/18,2821.98
2/2/18,2762.13
5/2/18,2648.94
6/2/18,2695.14
7/2/18,2681.66
8/2/18,2581
9/2/18,2619.55
12/2/18,2656
13/2/18,2662.94
14/2/18,2698.63
15/2/18,2731.2
16/2/18,2732.22
20/2/18,2716.26
21/2/18,2701.33
22/2/18,2703.96
23/2/18,2747.3
26/2/18,2779.6
27/2/18,2744.28
28/2/18,2713.83
1/3/18,2677.67
2/3/18,2691.25
5/3/18,2720.94
6/3/18,2728.12
7/3/18,2726.8
8/3/18,2738.97
9/3/18,2786.57
12/3/18,2783.02
13/3/18,2765.31
14/3/18,2749.48
15/3/18,2747.33
16/3/18,2752.01
19/3/18,2712.92
20/3/18,2716.94
21/3/18,2711.93
22/3/18,2643.69
23/3/18,2588.26
26/3/18,2658.55
27/3/18,2612.62
28/3/18,2605
29/3/18,2640.87
2/4/18,2581.88
3/4/18,2614.45
4/4/18,2644.69
5/4/18,2662.84
6/4/18,2604.47
9/4/18,2613.16
10/4/18,2656.87
11/4/18,2642.19
12/4/18,2663.99
13/4/18,2656.3
16/4/18,2677.84
17/4/18,2706.39
18/4/18,2708.64
19/4/18,2693.13
20/4/18,2670.14
23/4/18,2670.29
24/4/18,2634.56
25/4/18,2639.4
26/4/18,2666.94
27/4/18,2669.91
30/4/18,2648.05
1/5/18,2654.8
2/5/18,2635.67
3/5/18,2629.73
4/5/18,2663.42
7/5/18,2672.63
8/5/18,2671.92
9/5/18,2697.79
10/5/18,2723.07
11/5/18,2727.72
14/5/18,2730.13
15/5/18,2711.45
16/5/18,2722.46
17/5/18,2720.13
18/5/18,2712.97
21/5/18,2733.01
22/5/18,2724.44
23/5/18,2733.29
24/5/18,2727.76
25/5/18,2721.33
29/5/18,2689.86
30/5/18,2724.01
31/5/18,2705.27
1/6/18,2734.62
4/6/18,2746.87
5/6/18,2748.8
6/6/18,2772.35
7/6/18,2770.37
8/6/18,2779.03
11/6/18,2782
12/6/18,2786.85
13/6/18,2775.63
14/6/18,2782.49
15/6/18,2779.66
18/6/18,2773.75
19/6/18,2762.59
20/6/18,2767.32
21/6/18,2749.76
22/6/18,2754.88
25/6/18,2717.07
26/6/18,2723.06
27/6/18,2699.63
28/6/18,2716.31
29/6/18,2718.37
2/7/18,2726.71
3/7/18,2713.22
5/7/18,2736.61
6/7/18,2759.82
9/7/18,2784.17
10/7/18,2793.84
11/7/18,2774.02
12/7/18,2798.29
13/7/18,2801.31
16/7/18,2798.43
17/7/18,2809.55
18/7/18,2815.62
19/7/18,2804.49
20/7/18,2801.83
23/7/18,2806.98
24/7/18,2820.4
25/7/18,2846.07
26/7/18,2837.44
27/7/18,2818.82
30/7/18,2802.6
31/7/18,2816.29
1/8/18,2813.36
2/8/18,2827.22
3/8/18,2840.35
6/8/18,2850.4
7/8/18,2858.45
8/8/18,2857.7
9/8/18,2853.58
10/8/18,2833.28
13/8/18,2821.93
14/8/18,2839.96
15/8/18,2818.37
16/8/18,2840.69
17/8/18,2850.13
20/8/18,2857.05
21/8/18,2862.96
22/8/18,2861.82
23/8/18,2856.98
24/8/18,2874.69
27/8/18,2896.74
28/8/18,2897.52
29/8/18,2914.04
30/8/18,2901.13
31/8/18,2901.52
4/9/18,2896.72
5/9/18,2888.6
6/9/18,2878.05
7/9/18,2871.68
10/9/18,2877.13
11/9/18,2887.89
12/9/18,2888.92
13/9/18,2904.18
14/9/18,2904.98
17/9/18,2888.8
18/9/18,2904.31
19/9/18,2907.95
20/9/18,2930.75
21/9/18,2929.67
24/9/18,2919.37
25/9/18,2915.56
26/9/18,2905.97
27/9/18,2914
28/9/18,2913.98
1/10/18,2924.59
2/10/18,2923.43
3/10/18,2925.51
4/10/18,2901.61
5/10/18,2885.57
8/10/18,2884.43
9/10/18,2880.34
10/10/18,2785.68
11/10/18,2728.37
12/10/18,2767.13
15/10/18,2750.79
16/10/18,2809.92
17/10/18,2809.21
18/10/18,2768.78
19/10/18,2767.78
22/10/18,2755.88
23/10/18,2740.69
24/10/18,2656.1
25/10/18,2705.57
26/10/18,2658.69
29/10/18,2641.25
30/10/18,2682.63
31/10/18,2711.74
1/11/18,2740.37
2/11/18,2723.06
5/11/18,2738.31
6/11/18,2755.45
7/11/18,2813.89
8/11/18,2806.83
9/11/18,2781.01
12/11/18,2726.22
13/11/18,2722.18
14/11/18,2701.58
15/11/18,2730.2
16/11/18,2736.27
19/11/18,2690.73
20/11/18,2641.89
21/11/18,2649.93
23/11/18,2632.56
26/11/18,2673.45
27/11/18,2682.17
28/11/18,2743.79
29/11/18,2737.76
30/11/18,2760.17
3/12/18,2790.37
4/12/18,2700.06
6/12/18,2695.95
7/12/18,2633.08
10/12/18,2637.72
11/12/18,2636.78
12/12/18,2651.07
13/12/18,2650.54
14/12/18,2599.95
17/12/18,2545.94
18/12/18,2546.16
19/12/18,2506.96
20/12/18,2467.42
21/12/18,2416.62
24/12/18,2351.1
26/12/18,2467.7
27/12/18,2488.83
28/12/18,2485.74
31/12/18,2506.85
2/1/19,2510.03
3/1/19,2447.89
4/1/19,2531.94
7/1/19,2549.69
8/1/19,2574.41
9/1/19,2584.96
10/1/19,2596.64
11/1/19,2596.26
14/1/19,2582.61
15/1/19,2610.3
16/1/19,2616.1
17/1/19,2635.96
18/1/19,2670.71
22/1/19,2632.9
23/1/19,2638.7
24/1/19,2642.33
25/1/19,2664.76
28/1/19,2643.85
29/1/19,2640
30/1/19,2681.05
31/1/19,2704.1
1/2/19,2706.53
4/2/19,2724.87
5/2/19,2737.7
6/2/19,2731.61
7/2/19,2706.05
8/2/19,2707.88
11/2/19,2709.8
12/2/19,2744.73
13/2/19,2753.03
14/2/19,2745.73
15/2/19,2775.6
19/2/19,2779.76
20/2/19,2784.7
21/2/19,2774.88
22/2/19,2792.67
25/2/19,2796.11
26/2/19,2793.9
27/2/19,2792.38
28/2/19,2784.49
1/3/19,2803.69
4/3/19,2792.81
5/3/19,2789.65
6/3/19,2771.45
7/3/19,2748.93
8/3/19,2743.07
11/3/19,2783.3
12/3/19,2791.52
13/3/19,2810.92
14/3/19,2808.48
15/3/19,2822.48
18/3/19,2832.94
19/3/19,2832.57
20/3/19,2824.23
21/3/19,2854.88
22/3/19,2800.71
25/3/19,2798.36
26/3/19,2818.46
27/3/19,2805.37
28/3/19,2815.44
29/3/19,2834.4
1/4/19,2867.19
2/4/19,2867.24
3/4/19,2873.4
4/4/19,2879.39
5/4/19,2892.74
8/4/19,2895.77
9/4/19,2878.2
10/4/19,2888.21
11/4/19,2888.32
12/4/19,2907.41
15/4/19,2905.58
16/4/19,2907.06
17/4/19,2900.45
18/4/19,2905.03
22/4/19,2907.97
23/4/19,2933.68
24/4/19,2927.25
25/4/19,2926.17
26/4/19,2939.88
29/4/19,2943.03
30/4/19,2945.83
1/5/19,2923.73
2/5/19,2917.52
3/5/19,2945.64