"id1","id2","id3","id4","s1eii_30i","s1eii_30ii","hhno"
1,1,3,11,2,,101003011
1,1,3,12,2,,101003012
1,1,3,15,2,,101003015
1,1,3,32,2,,101003032
1,1,3,37,2,,101003037
1,1,3,40,2,,101003040
1,1,3,46,2,,101003046
1,1,8,17,2,,101008017
1,1,8,35,2,,101008035
1,1,8,60,2,,101008060
1,2,6,2,2,,101006002
1,2,6,9,2,,101006009
1,2,6,11,2,,101006011
1,2,6,55,1,1,101006055
1,2,6,56,2,,101006056
1,2,7,1,2,,101007001
1,2,7,4,2,,101007004
1,2,7,11,2,,101007011
1,2,7,14,2,,101007014
1,2,7,28,2,,101007028
1,2,7,36,2,,101007036
1,2,28,10,2,,101028010
1,2,28,41,2,,101028041
1,5,4,1,2,,101004001
1,5,4,2,2,,101004002
1,5,4,6,2,,101004006
1,5,4,16,1,1,101004016
1,5,4,22,2,,101004022
1,5,4,24,2,,101004024
1,5,4,27,2,,101004027
1,6,1,2,2,,101001002
1,6,1,9,2,,101001009
1,6,1,22,2,,101001022
1,6,1,26,2,,101001026
1,6,2,29,2,,101002029
1,6,2,41,2,,101002041
1,6,2,50,2,,101002050
1,6,2,52,2,,101002052
1,8,13,6,2,,101013006
1,8,13,15,2,,101013015
1,8,13,103,2,,101013103
1,8,15,6,2,,101015006
1,8,15,194,2,,101015194
1,8,16,1,2,,101016001
1,8,16,41,2,,101016041
1,8,16,53,2,,101016053
1,8,16,111,2,,101016111
1,8,16,163,2,,101016163
1,8,16,217,2,,101016217
1,10,17,4,2,,101017004
1,10,17,19,2,,101017019
1,10,17,31,2,,101017031
1,10,18,19,2,,101018019
1,10,18,28,2,,101018028
1,10,18,30,2,,101018030
1,10,18,41,2,,101018041
1,10,18,43,2,,101018043
1,10,19,6,2,,101019006
1,10,19,8,2,,101019008
1,10,19,9,2,,101019009
1,10,19,11,2,,101019011
1,10,19,12,2,,101019012
1,10,19,13,2,,101019013
1,10,19,14,2,,101019014
1,10,19,17,2,,101019017
1,10,19,19,2,,101019019
1,10,20,14,2,,101020014
1,10,20,24,2,,101020024
1,10,20,25,2,,101020025
1,10,20,35,2,,101020035
1,10,21,11,2,,101021011
1,10,21,26,2,,101021026
1,10,21,30,2,,101021030
1,10,21,34,2,,101021034
1,10,21,51,2,,101021051
1,10,27,4,2,,101027004
1,10,27,11,2,,101027011
1,10,27,36,2,,101027036
1,10,27,60,2,,101027060
1,11,31,24,2,,101031024
1,11,31,74,2,,101031074
1,12,30,4,2,,101030004
1,13,9,61,2,,101009061
1,13,9,94,2,,101009094
1,13,9,108,2,,101009108
1,13,9,180,2,,101009180
1,13,9,195,2,,101009195
1,13,9,206,2,,101009206
1,13,9,210,2,,101009210
1,13,9,222,2,,101009222
1,13,9,227,2,,101009227
1,13,9,235,2,,101009235
1,13,9,258,2,,101009258
1,13,10,40,2,,101010040
1,13,10,88,2,,101010088
1,13,10,95,2,,101010095
1,13,10,113,2,,101010113
1,13,10,150,2,,101010150
1,13,10,163,2,,101010163
1,13,10,164,2,,101010164
1,13,10,175,2,,101010175
1,13,10,193,2,,101010193
1,13,11,28,2,,101011028
1,13,11,31,2,,101011031
1,13,11,48,2,,101011048
1,13,11,50,2,,101011050
1,13,11,58,2,,101011058
1,13,11,104,2,,101011104
1,13,11,146,2,,101011146
1,13,11,161,2,,101011161
1,13,12,7,2,,101012007
1,13,12,13,2,,101012013
1,13,12,14,2,,101012014
1,13,12,22,2,,101012022
1,13,12,36,2,,101012036
1,13,12,38,2,,101012038
1,13,12,39,2,,101012039
1,13,12,45,2,,101012045
1,13,12,50,2,,101012050
1,13,12,51,2,,101012051
1,13,12,85,2,,101012085
1,13,12,94,2,,101012094
1,16,23,13,2,,101023013
1,16,23,15,2,,101023015
1,16,23,24,2,,101023024
1,16,23,32,2,,101023032
1,17,22,30,2,,101022030
1,17,22,35,2,,101022035
1,17,22,36,2,,101022036
1,17,24,20,2,,101024020
2,2,32,5,2,,102032005
2,2,32,10,2,,102032010
2,2,32,66,2,,102032066
2,2,32,89,2,,102032089
2,2,33,2,2,,102033002
2,2,33,10,2,,102033010
2,2,33,12,2,,102033012
2,2,33,15,2,,102033015
2,2,33,16,2,,102033016
2,2,33,18,2,,102033018
2,2,33,21,2,,102033021
2,2,33,34,2,,102033034
2,2,33,37,2,,102033037
2,2,34,41,2,,102034041
2,2,34,73,2,,102034073
2,2,34,76,2,,102034076
2,2,35,4,2,,102035004
2,2,35,9,2,,102035009
2,2,35,13,2,,102035013
2,2,35,14,2,,102035014
2,2,35,18,2,,102035018
2,2,37,21,2,,102037021
2,3,36,2,2,,102036002
2,3,36,4,2,,102036004
2,3,36,11,2,,102036011
2,3,36,16,2,,102036016
2,5,51,6,2,,102051006
2,5,51,23,2,,102051023
2,5,51,58,2,,102051058
2,6,45,2,2,,102045002
2,6,45,18,2,,102045018
2,6,45,34,2,,102045034
2,6,45,39,2,,102045039
2,6,45,51,1,1,102045051
2,7,50,1,2,,102050001
2,7,50,4,2,,102050004
2,7,50,6,2,,102050006
2,7,50,19,2,,102050019
2,7,50,25,2,,102050025
2,7,50,27,2,,102050027
2,8,52,38,2,,102052038
2,8,52,43,2,,102052043
2,8,52,58,2,,102052058
2,8,52,77,2,,102052077
2,9,54,58,1,1,102054058
2,9,55,15,2,,102055015
2,9,55,94,2,,102055094
2,19,49,5,2,,102049005
2,19,49,65,2,,102049065
2,20,48,52,2,,102048052
2,20,48,67,2,,102048067
2,22,53,47,2,,102053047
2,22,53,74,2,,102053074
2,22,53,79,2,,102053079
2,22,53,89,2,,102053089
2,23,57,51,2,,102057051
2,23,57,55,2,,102057055
2,23,57,73,2,,102057073
2,23,58,15,2,,102058015
2,23,58,47,2,,102058047
2,23,58,56,2,,102058056
2,25,47,24,2,,102047024
2,25,47,43,2,,102047043
2,27,46,29,2,,102046029
2,27,46,36,2,,102046036
2,27,46,37,2,,102046037
2,27,46,54,2,,102046054
2,27,46,90,2,,102046090
2,27,46,99,2,,102046099
2,27,46,100,2,,102046100
2,27,46,119,2,,102046119
2,29,41,2,2,,102041002
2,29,41,60,2,,102041060
2,29,41,61,2,,102041061
2,29,41,80,2,,102041080
2,29,42,3,2,,102042003
2,29,42,9,2,,102042009
2,29,42,13,2,,102042013
2,29,42,14,2,,102042014
2,29,42,21,2,,102042021
2,29,42,25,2,,102042025
2,29,42,26,2,,102042026
2,29,42,32,2,,102042032
2,29,42,38,2,,102042038
2,29,42,50,2,,102042050
2,29,42,52,2,,102042052
2,29,43,92,2,,102043092
2,29,43,102,2,,102043102
2,29,43,113,2,,102043113
2,29,43,120,2,,102043120
2,29,44,39,2,,102044039
2,29,44,105,2,,102044105
2,29,44,128,2,,102044128
2,29,60,10,2,,102060010
2,31,39,4,2,,102039004
2,31,39,5,2,,102039005
2,31,40,35,2,,102040035
2,31,40,36,2,,102040036
3,1,61,29,2,,103061029
3,1,61,47,2,,103061047
3,1,61,55,2,,103061055
3,1,61,58,2,,103061058
3,1,61,69,2,,103061069
3,1,61,85,2,,103061085
3,1,61,120,2,,103061120
3,1,61,122,2,,103061122
3,1,61,134,2,,103061134
3,1,61,145,2,,103061145
3,1,62,18,2,,103062018
3,1,62,22,2,,103062022
3,1,62,24,2,,103062024
3,1,62,51,2,,103062051
3,1,62,62,2,,103062062
3,1,62,195,2,,103062195
3,1,62,199,2,,103062199
3,1,62,207,2,,103062207
3,1,62,247,2,,103062247
3,1,63,27,2,,103063027
3,1,63,39,2,,103063039
3,1,63,53,2,,103063053
3,1,63,86,2,,103063086
3,1,63,108,2,,103063108
3,1,64,4,2,,103064004
3,1,64,16,2,,103064016
3,1,64,27,2,,103064027
3,1,64,36,2,,103064036
3,1,64,39,2,,103064039
3,1,64,44,2,,103064044
3,1,64,69,2,,103064069
3,1,64,71,2,,103064071
3,1,65,23,2,,103065023
3,1,65,30,2,,103065030
3,1,65,49,2,,103065049
3,1,65,50,2,,103065050
3,1,65,63,2,,103065063
3,1,65,65,2,,103065065
3,1,65,67,2,,103065067
3,1,65,72,2,,103065072
3,1,66,50,2,,103066050
3,1,66,67,2,,103066067
3,1,66,108,2,,103066108
3,1,66,113,2,,103066113
3,1,67,1,2,,103067001
3,1,67,22,2,,103067022
3,1,67,44,2,,103067044
3,1,67,46,2,,103067046
3,1,67,48,2,,103067048
3,1,67,51,2,,103067051
3,1,67,67,2,,103067067
3,1,67,69,2,,103067069
3,1,68,13,2,,103068013
3,1,68,17,2,,103068017
3,1,68,21,2,,103068021
3,1,68,66,2,,103068066
3,1,68,70,2,,103068070
3,1,68,83,2,,103068083
3,1,68,97,2,,103068097
3,1,68,164,2,,103068164
3,1,69,8,2,,103069008
3,1,69,14,2,,103069014
3,1,69,22,2,,103069022
3,1,69,23,2,,103069023
3,1,69,31,2,,103069031
3,1,69,32,2,,103069032
3,1,69,53,2,,103069053
3,1,70,1,2,,103070001
3,1,70,9,2,,103070009
3,1,70,20,2,,103070020
3,1,70,38,2,,103070038
3,1,72,19,2,,103072019
3,1,72,20,2,,103072020
3,1,72,21,2,,103072021
3,1,72,27,2,,103072027
3,1,73,24,2,,103073024
3,1,73,26,1,1,103073026
3,1,73,49,2,,103073049
3,1,73,69,1,1,103073069
3,1,73,70,2,,103073070
3,1,74,7,2,,103074007
3,1,74,14,2,,103074014
3,1,74,15,2,,103074015
3,1,74,33,2,,103074033
3,1,74,36,2,,103074036
3,1,74,37,2,,103074037
3,1,74,46,2,,103074046
3,1,74,65,2,,103074065
3,1,75,3,2,,103075003
3,1,75,4,2,,103075004
3,1,75,13,2,,103075013
3,1,75,26,2,,103075026
3,1,75,33,2,,103075033
3,1,75,37,2,,103075037
3,1,75,45,2,,103075045
3,1,75,74,2,,103075074
3,1,75,87,2,,103075087
3,1,76,40,2,,103076040
3,1,76,42,2,,103076042
3,1,76,73,2,,103076073
3,1,76,79,2,,103076079
3,1,76,82,2,,103076082
3,1,76,83,2,,103076083
3,1,76,84,2,,103076084
3,1,77,2,2,,103077002
3,1,77,27,2,,103077027
3,1,77,138,2,,103077138
3,1,78,10,2,,103078010
3,1,78,17,2,,103078017
3,1,78,18,2,,103078018
3,1,78,23,2,,103078023
3,1,78,36,2,,103078036
3,1,78,42,2,,103078042
3,1,78,60,2,,103078060
3,1,78,63,2,,103078063
3,1,79,10,2,,103079010
3,1,79,15,2,,103079015
3,1,79,16,2,,103079016
3,1,79,20,2,,103079020
3,1,79,23,2,,103079023
3,1,79,50,2,,103079050
3,1,79,58,2,,103079058
3,1,80,2,2,,103080002
3,1,80,4,2,,103080004
3,1,80,6,2,,103080006
3,1,80,15,2,,103080015
3,1,80,18,2,,103080018
3,1,80,26,2,,103080026
3,1,80,41,2,,103080041
3,1,80,54,2,,103080054
3,1,80,64,2,,103080064
3,1,80,68,2,,103080068
3,1,81,13,2,,103081013
3,1,81,23,2,,103081023
3,1,81,25,2,,103081025
3,1,81,34,2,,103081034
3,1,81,39,2,,103081039
3,1,81,47,2,,103081047
3,1,81,51,2,,103081051
3,1,81,70,2,,103081070
3,1,82,8,2,,103082008
3,1,82,15,2,,103082015
3,1,82,16,2,,103082016
3,1,82,17,2,,103082017
3,1,82,23,2,,103082023
3,1,82,27,2,,103082027
3,1,82,30,2,,103082030
3,1,82,32,2,,103082032
3,1,82,36,2,,103082036
3,1,82,39,2,,103082039
3,1,83,6,2,,103083006
3,1,83,8,2,,103083008
3,1,83,16,2,,103083016
3,1,83,33,2,,103083033
3,1,83,45,2,,103083045
3,1,83,56,2,,103083056
3,1,84,10,2,,103084010
3,1,84,26,2,,103084026
3,1,84,31,2,,103084031
3,1,84,62,2,,103084062
3,1,84,117,2,,103084117
3,1,84,138,2,,103084138
3,1,84,170,2,,103084170
3,1,85,10,2,,103085010
3,1,85,14,2,,103085014
3,1,85,28,2,,103085028
3,1,85,50,2,,103085050
3,1,85,83,2,,103085083
3,1,85,88,2,,103085088
3,1,85,116,2,,103085116
3,1,85,126,2,,103085126
3,1,86,29,2,,103086029
3,1,86,37,2,,103086037
3,1,86,46,1,1,103086046
3,1,86,89,2,,103086089
3,1,86,90,2,,103086090
3,37,92,23,2,,103092023
3,37,92,30,2,,103092030
3,37,92,47,2,,103092047
3,37,92,50,2,,103092050
3,37,92,62,2,,103092062
3,37,92,64,2,,103092064
3,37,92,80,2,,103092080
3,37,92,96,2,,103092096
3,37,92,108,2,,103092108
3,37,92,126,2,,103092126
3,38,100,4,2,,103100004
3,38,100,11,2,,103100011
3,38,100,19,2,,103100019
3,38,100,32,2,,103100032
3,38,100,35,2,,103100035
3,38,100,42,2,,103100042
3,38,100,56,2,,103100056
3,39,99,5,2,,103099005
3,40,90,12,2,,103090012
3,40,90,18,2,,103090018
3,40,90,19,2,,103090019
3,40,90,20,2,,103090020
3,40,90,24,2,,103090024
3,40,90,27,2,,103090027
3,41,87,6,2,,103087006
3,41,87,7,2,,103087007
3,41,87,12,2,,103087012
3,41,87,34,1,1,103087034
3,41,88,1,2,,103088001
3,41,88,12,2,,103088012
3,41,88,14,2,,103088014
3,43,93,2,2,,103093002
3,43,93,7,2,,103093007
3,43,93,21,2,,103093021
3,43,93,31,2,,103093031
3,43,93,52,2,,103093052
3,43,93,55,2,,103093055
3,43,94,1,2,,103094001
3,43,94,2,2,,103094002
3,43,94,46,2,,103094046
3,43,94,49,2,,103094049
3,43,94,63,2,,103094063
3,43,95,4,2,,103095004
3,43,95,10,2,,103095010
3,43,95,12,2,,103095012
3,43,95,13,2,,103095013
3,43,95,51,2,,103095051
3,43,95,59,2,,103095059
3,43,95,61,2,,103095061
3,43,95,74,2,,103095074
3,43,95,78,2,,103095078
3,43,96,81,2,,103096081
3,43,97,1,2,,103097001
3,43,97,4,2,,103097004
3,43,97,15,2,,103097015
3,43,97,19,2,,103097019
3,43,97,20,2,,103097020
3,43,97,22,2,,103097022
3,43,97,29,2,,103097029
3,43,97,30,2,,103097030
3,43,98,14,2,,103098014
3,43,98,15,2,,103098015
3,43,98,17,2,,103098017
3,43,98,29,2,,103098029
3,43,98,31,2,,103098031
3,43,98,52,2,,103098052
3,43,98,55,2,,103098055
3,43,98,60,2,,103098060
3,43,98,68,2,,103098068
3,43,98,74,2,,103098074
3,43,98,76,2,,103098076
3,44,89,5,2,,103089005
3,44,89,29,2,,103089029
3,44,89,31,2,,103089031
3,44,89,44,2,,103089044
3,44,89,48,2,,103089048
3,44,89,82,2,,103089082
3,44,91,9,2,,103091009
3,44,91,25,2,,103091025
3,44,91,76,2,,103091076
3,44,91,108,2,,103091108
3,44,91,131,2,,103091131
4,3,101,20,2,,104101020
4,3,101,32,2,,104101032
4,3,101,57,1,1,104101057
4,3,101,65,2,,104101065
4,3,101,86,2,,104101086
4,3,101,93,2,,104101093
4,3,101,107,2,,104101107
4,3,102,2,2,,104102002
4,3,102,3,2,,104102003
4,3,102,13,2,,104102013
4,3,102,19,1,1,104102019
4,3,103,1,2,,104103001
4,3,103,15,2,,104103015
4,3,103,20,2,,104103020
4,3,103,50,2,,104103050
4,3,103,125,2,,104103125
4,6,114,4,1,1,104114004
4,6,115,7,2,,104115007
4,6,115,20,2,,104115020
4,6,115,23,2,,104115023
4,6,115,31,2,,104115031
4,6,115,38,2,,104115038
4,7,117,5,2,,104117005
4,7,117,11,2,,104117011
4,7,117,12,2,,104117012
4,7,117,16,2,,104117016
4,7,117,19,2,,104117019
4,7,117,20,2,,104117020
4,7,117,24,2,,104117024
4,7,117,32,2,,104117032
4,7,117,34,2,,104117034
4,7,119,5,2,,104119005
4,7,119,13,2,,104119013
4,7,119,22,2,,104119022
4,7,119,24,2,,104119024
4,7,119,27,2,,104119027
4,7,119,39,2,,104119039
4,46,107,40,2,,104107040
4,46,107,66,2,,104107066
4,46,108,15,2,,104108015
4,46,109,25,2,,104109025
4,46,109,51,2,,104109051
4,49,120,16,2,,104120016
4,49,120,25,2,,104120025
4,49,120,28,2,,104120028
4,49,120,33,2,,104120033
4,49,120,34,2,,104120034
4,49,121,3,2,,104121003
4,49,121,15,2,,104121015
4,49,121,16,2,,104121016
4,49,121,26,2,,104121026
4,49,121,35,2,,104121035
4,49,121,48,2,,104121048
4,49,121,49,2,,104121049
4,49,121,91,2,,104121091
4,49,121,102,2,,104121102
4,49,121,130,2,,104121130
4,49,123,3,2,,104123003
4,49,123,35,2,,104123035
4,49,124,5,2,,104124005
4,49,124,12,2,,104124012
4,49,124,33,2,,104124033
4,50,126,17,2,,104126017
4,50,126,20,2,,104126020
4,50,126,22,2,,104126022
4,50,126,41,2,,104126041
4,50,342,14,2,,104342014
4,50,342,22,2,,104342022
4,50,342,26,2,,104342026
4,51,127,14,2,,104127014
4,51,127,28,2,,104127028
4,51,127,41,2,,104127041
4,51,133,38,2,,104133038
4,53,105,12,2,,104105012
4,53,105,22,2,,104105022
4,54,104,7,2,,104104007
4,54,104,13,2,,104104013
4,54,104,14,2,,104104014
4,54,104,20,2,,104104020
4,54,104,35,2,,104104035
4,54,104,47,2,,104104047
4,54,106,30,2,,104106030
4,54,106,33,2,,104106033
4,54,106,36,2,,104106036
4,54,106,44,2,,104106044
4,54,106,54,2,,104106054
4,55,122,2,2,,104122002
4,55,122,7,2,,104122007
4,55,122,9,2,,104122009
4,55,122,16,2,,104122016
4,55,122,18,2,,104122018
4,58,129,14,2,,104129014
4,58,129,22,2,,104129022
4,58,130,9,2,,104130009
4,58,130,20,2,,104130020
4,59,128,12,2,,104128012
4,59,128,15,2,,104128015
4,59,128,21,2,,104128021
4,59,128,60,2,,104128060
4,59,128,83,2,,104128083
4,60,110,9,2,,104110009
4,60,110,21,2,,104110021
4,60,112,11,2,,104112011
4,60,112,48,2,,104112048
4,60,112,59,2,,104112059
4,60,113,40,2,,104113040
4,62,118,11,2,,104118011
4,62,118,29,2,,104118029
5,5,147,14,2,,105147014
5,5,147,18,2,,105147018
5,5,147,62,2,,105147062
5,7,155,11,2,,105155011
5,7,155,20,2,,105155020
5,7,155,23,2,,105155023
5,7,156,3,2,,105156003
5,7,156,8,2,,105156008
5,7,156,10,2,,105156010
5,8,157,36,2,,105157036
5,8,157,53,2,,105157053
5,8,157,65,2,,105157065
5,8,157,70,2,,105157070
5,8,157,78,2,,105157078
5,8,157,86,2,,105157086
5,8,158,4,2,,105158004
5,8,158,14,2,,105158014
5,8,158,15,2,,105158015
5,8,158,19,1,1,105158019
5,8,158,41,2,,105158041
5,8,158,45,2,,105158045
5,8,159,3,2,,105159003
5,8,159,5,2,,105159005
5,8,159,10,2,,105159010
5,8,159,25,2,,105159025
5,8,160,7,2,,105160007
5,8,160,11,2,,105160011
5,8,160,12,2,,105160012
5,8,160,13,2,,105160013
5,8,160,17,2,,105160017
5,8,160,18,2,,105160018
5,8,160,27,2,,105160027
5,8,160,32,2,,105160032
5,8,160,34,2,,105160034
5,8,160,48,2,,105160048
5,9,161,4,2,,105161004
5,9,161,17,2,,105161017
5,9,161,38,2,,105161038
5,9,162,32,2,,105162032
5,9,163,3,2,,105163003
5,9,163,9,2,,105163009
5,9,163,11,2,,105163011
5,9,163,24,2,,105163024
5,9,163,65,2,,105163065
5,9,163,69,2,,105163069
5,9,163,78,2,,105163078
5,10,164,8,2,,105164008
5,10,164,35,2,,105164035
5,10,165,42,2,,105165042
5,10,165,53,2,,105165053
5,11,166,1,2,,105166001
5,11,166,12,2,,105166012
5,11,166,27,2,,105166027
5,11,166,57,2,,105166057
5,11,166,60,2,,105166060
5,12,168,46,2,,105168046
5,12,168,54,2,,105168054
5,12,168,82,2,,105168082
5,12,169,3,2,,105169003
5,12,169,38,2,,105169038
5,12,170,11,2,,105170011
5,12,170,19,2,,105170019
5,12,170,27,1,1,105170027
5,12,170,36,2,,105170036
5,12,170,37,2,,105170037
5,13,171,8,2,,105171008
5,13,171,17,2,,105171017
5,14,173,11,2,,105173011
5,14,174,54,2,,105174054
5,15,175,31,2,,105175031
5,15,175,38,2,,105175038
5,15,175,41,2,,105175041
5,15,175,107,2,,105175107
5,15,176,3,2,,105176003
5,15,176,6,2,,105176006
5,15,176,30,2,,105176030
5,15,176,47,2,,105176047
5,15,176,90,2,,105176090
5,66,172,9,2,,105172009
5,66,172,34,2,,105172034
5,67,150,16,2,,105150016
5,67,151,12,2,,105151012
5,67,152,29,2,,105152029
5,67,153,37,2,,105153037
5,67,153,50,2,,105153050
5,67,153,52,2,,105153052
5,67,154,21,2,,105154021
5,67,154,22,2,,105154022
5,67,154,32,2,,105154032
5,67,154,46,2,,105154046
5,67,154,51,2,,105154051
5,68,137,4,2,,105137004
5,68,137,8,2,,105137008
5,68,137,17,2,,105137017
5,68,137,29,2,,105137029
5,68,137,30,2,,105137030
5,69,135,33,2,,105135033
5,69,135,53,2,,105135053
5,69,135,69,2,,105135069
5,69,135,86,2,,105135086
5,70,136,6,2,,105136006
5,70,136,10,2,,105136010
5,70,136,22,2,,105136022
5,70,136,30,2,,105136030
5,70,136,34,2,,105136034
5,70,138,19,2,,105138019
5,70,138,28,2,,105138028
5,70,138,30,2,,105138030
5,71,148,77,2,,105148077
5,73,142,2,2,,105142002
5,73,142,13,2,,105142013
5,73,142,20,2,,105142020
5,73,142,24,2,,105142024
5,73,142,38,2,,105142038
5,80,143,8,2,,105143008
5,80,143,14,2,,105143014
5,80,143,20,2,,105143020
5,80,143,27,2,,105143027
5,80,143,30,2,,105143030
5,80,143,32,2,,105143032
5,80,143,35,2,,105143035
5,80,144,19,2,,105144019
5,80,144,32,2,,105144032
5,80,144,34,2,,105144034
5,80,144,41,2,,105144041
5,80,144,52,2,,105144052
5,80,144,65,2,,105144065
5,80,144,68,2,,105144068
5,80,145,13,2,,105145013
5,80,145,30,2,,105145030
5,80,145,82,2,,105145082
5,80,146,53,2,,105146053
5,82,139,1,2,,105139001
5,82,139,8,2,,105139008
5,82,139,67,2,,105139067
5,82,139,88,2,,105139088
6,109,296,5,2,,108296005
6,109,296,49,2,,108296049
6,1,178,55,2,,106178055
6,1,178,58,2,,106178058
6,1,178,69,1,1,106178069
6,1,178,106,2,,106178106
6,1,178,173,2,,106178173
6,1,181,31,1,1,106181031
6,1,183,7,2,,106183007
6,1,183,28,2,,106183028
6,1,217,26,2,,106217026
6,1,217,45,2,,106217045
6,1,217,63,2,,106217063
6,1,217,97,2,,106217097
6,1,217,109,2,,106217109
6,10,202,12,2,,106202012
6,10,202,40,2,,106202040
6,10,202,63,2,,106202063
6,10,202,64,2,,106202064
6,10,202,69,2,,106202069
6,10,203,57,2,,106203057
6,10,203,70,2,,106203070
6,10,204,3,1,1,106204003
6,10,204,4,2,,106204004
6,10,211,2,2,,106211002
6,10,211,14,2,,106211014
6,10,211,15,2,,106211015
6,10,211,19,2,,106211019
6,10,211,21,2,,106211021
6,10,211,23,2,,106211023
6,10,211,27,2,,106211027
6,10,211,37,2,,106211037
6,10,211,38,2,,106211038
6,10,211,42,2,,106211042
6,10,211,47,2,,106211047
6,10,211,77,2,,106211077
6,10,211,80,2,,106211080
6,10,213,8,2,,106213008
6,10,213,23,2,,106213023
6,10,213,27,2,,106213027
6,10,213,34,2,,106213034
6,10,213,51,2,,106213051
6,10,213,66,2,,106213066
6,10,213,68,2,,106213068
6,10,215,5,2,,106215005
6,10,215,44,2,,106215044
6,10,215,53,2,,106215053
6,10,215,67,2,,106215067
6,10,215,89,2,,106215089
6,10,216,66,2,,106216066
6,10,216,83,2,,106216083
6,10,218,3,2,,106218003
6,10,218,19,2,,106218019
6,10,218,26,2,,106218026
6,10,218,35,2,,106218035
6,10,218,39,2,,106218039
6,10,218,52,2,,106218052
6,10,218,53,2,,106218053
6,10,218,54,2,,106218054
6,10,219,49,2,,106219049
6,10,219,73,2,,106219073
6,10,219,82,2,,106219082
6,10,219,94,2,,106219094
6,11,223,6,2,,106223006
6,11,223,21,2,,106223021
6,11,223,61,2,,106223061
6,11,223,68,2,,106223068
6,11,223,69,2,,106223069
6,11,223,101,2,,106223101
6,12,225,1,2,,106225001
6,12,225,14,2,,106225014
6,12,225,17,2,,106225017
6,12,225,21,2,,106225021
6,12,225,33,2,,106225033
6,12,225,34,2,,106225034
6,16,234,36,2,,106234036
6,16,234,51,2,,106234051
6,16,235,53,2,,106235053
6,16,235,55,2,,106235055
6,16,235,159,2,,106235159
6,16,236,18,2,,106236018
6,16,236,29,2,,106236029
6,16,236,64,2,,106236064
6,84,193,5,2,,106193005
6,84,193,60,2,,106193060
6,84,193,93,2,,106193093
6,84,193,100,2,,106193100
6,84,193,120,1,1,106193120
6,84,193,122,2,,106193122
6,86,220,33,2,,106220033
6,86,220,42,2,,106220042
6,86,220,62,2,,106220062
6,86,224,4,2,,106224004
6,86,224,41,2,,106224041
6,86,224,43,2,,106224043
6,86,224,46,2,,106224046
6,88,238,16,2,,106238016
6,88,238,29,2,,106238029
6,88,238,82,2,,106238082
6,89,187,55,2,,106187055
6,89,188,4,2,,106188004
6,89,188,53,2,,106188053
6,89,192,17,2,,106192017
6,91,185,28,1,1,106185028
6,91,185,54,2,,106185054
6,91,185,56,2,,106185056
6,91,185,58,2,,106185058
6,92,195,26,2,,106195026
6,92,195,35,2,,106195035
6,92,195,60,2,,106195060
6,92,195,63,2,,106195063
6,92,195,123,2,,106195123
6,92,195,129,2,,106195129
6,92,195,134,2,,106195134
6,92,196,2,2,,106196002
6,92,196,13,2,,106196013
6,92,196,14,2,,106196014
6,92,196,18,2,,106196018
6,93,194,1,2,,106194001
6,93,194,7,2,,106194007
6,93,194,21,2,,106194021
6,93,194,60,2,,106194060
6,94,179,29,2,,106179029
6,94,179,119,2,,106179119
6,94,179,127,1,1,106179127
6,94,179,155,2,,106179155
6,94,180,4,1,1,106180004
6,94,180,11,2,,106180011
6,94,180,16,1,1,106180016
6,94,180,22,2,,106180022
6,95,184,14,2,,106184014
6,95,184,79,2,,106184079
6,95,184,94,2,,106184094
6,95,184,98,2,,106184098
6,96,199,15,2,,106199015
6,96,199,30,2,,106199030
6,97,189,23,2,,106189023
6,97,189,46,2,,106189046
6,97,189,63,2,,106189063
6,97,189,73,2,,106189073
6,97,189,80,2,,106189080
6,97,189,82,1,1,106189082
6,97,189,91,2,,106189091
6,98,190,1,2,,106190001
6,98,190,64,2,,106190064
6,99,200,60,2,,106200060
6,99,200,76,2,,106200076
6,99,206,2,2,,106206002
6,99,206,26,2,,106206026
6,99,206,44,2,,106206044
6,99,231,43,2,,106231043
6,99,231,55,2,,106231055
6,100,198,71,2,,106198071
6,100,198,139,2,,106198139
6,100,198,141,2,,106198141
6,100,198,143,2,,106198143
6,102,201,2,2,,106201002
6,102,201,3,2,,106201003
6,102,201,5,2,,106201005
6,102,201,6,2,,106201006
6,102,201,8,2,,106201008
6,102,201,23,2,,106201023
6,102,201,25,2,,106201025
6,102,201,26,2,,106201026
6,102,201,27,2,,106201027
6,102,201,33,2,,106201033
6,102,205,19,2,,106205019
6,102,205,23,2,,106205023
6,102,205,27,2,,106205027
6,102,205,30,2,,106205030
6,102,205,36,2,,106205036
6,102,207,7,2,,106207007
6,102,207,20,2,,106207020
6,102,207,31,2,,106207031
6,102,207,39,2,,106207039
6,102,207,42,2,,106207042
6,102,207,46,2,,106207046
6,102,207,53,2,,106207053
6,102,208,30,2,,106208030
6,102,208,37,2,,106208037
6,102,208,41,2,,106208041
6,102,208,47,2,,106208047
6,102,208,48,2,,106208048
6,102,208,54,2,,106208054
6,102,208,80,2,,106208080
6,102,209,14,2,,106209014
6,102,209,23,2,,106209023
6,102,209,25,2,,106209025
6,102,209,54,2,,106209054
6,102,209,64,2,,106209064
6,102,210,16,2,,106210016
6,102,210,17,2,,106210017
6,102,210,103,2,,106210103
6,102,212,19,2,,106212019
6,102,212,22,2,,106212022
6,102,212,34,2,,106212034
6,102,212,35,2,,106212035
6,102,212,36,2,,106212036
6,102,212,38,2,,106212038
6,102,212,39,2,,106212039
6,102,214,1,2,,106214001
6,102,214,2,2,,106214002
6,102,214,14,2,,106214014
6,102,214,15,2,,106214015
6,102,214,16,2,,106214016
6,102,214,22,2,,106214022
6,102,214,25,2,,106214025
6,102,214,30,2,,106214030
6,102,214,33,2,,106214033
6,103,221,15,2,,106221015
6,103,221,40,2,,106221040
6,103,221,50,2,,106221050
6,103,221,54,2,,106221054
6,103,221,56,2,,106221056
6,103,222,26,2,,106222026
6,103,222,31,2,,106222031
6,103,222,41,2,,106222041
6,106,237,3,2,,106237003
6,106,237,16,2,,106237016
6,106,237,21,2,,106237021
6,106,237,24,2,,106237024
6,106,237,25,2,,106237025
6,106,237,27,2,,106237027
6,106,237,44,2,,106237044
6,106,237,77,2,,106237077
6,109,228,19,2,,106228019
6,109,232,41,2,,106232041
6,109,232,76,2,,106232076
6,109,233,40,2,,106233040
6,109,233,52,2,,106233052
6,109,233,98,2,,106233098
6,110,227,20,2,,106227020
6,110,227,44,2,,106227044
6,110,227,72,2,,106227072
6,110,227,81,2,,106227081
6,110,227,116,2,,106227116
6,111,226,11,2,,106226011
6,111,226,26,2,,106226026
6,111,226,44,2,,106226044
6,111,226,102,2,,106226102
7,8,258,10,2,,107258010
7,8,258,16,2,,107258016
7,8,258,31,2,,107258031
7,8,258,68,2,,107258068
7,8,260,8,2,,107260008
7,8,260,25,2,,107260025
7,8,260,31,2,,107260031
7,8,261,56,2,,107261056
7,8,261,85,2,,107261085
7,112,239,5,2,,107239005
7,112,239,12,2,,107239012
7,112,239,17,2,,107239017
7,112,239,25,2,,107239025
7,112,239,32,2,,107239032
7,112,240,14,2,,107240014
7,112,240,20,2,,107240020
7,112,240,27,2,,107240027
7,112,240,31,2,,107240031
7,112,241,11,2,,107241011
7,112,241,13,2,,107241013
7,112,241,20,2,,107241020
7,112,241,25,2,,107241025
7,112,241,26,2,,107241026
7,112,241,27,2,,107241027
7,112,241,34,2,,107241034
7,112,241,35,1,1,107241035
7,112,241,36,2,,107241036
7,112,241,52,2,,107241052
7,112,241,58,2,,107241058
7,112,242,3,2,,107242003
7,112,242,19,2,,107242019
7,112,242,40,2,,107242040
7,112,242,49,2,,107242049
7,112,242,53,2,,107242053
7,112,242,55,2,,107242055
7,112,242,66,2,,107242066
7,112,242,69,2,,107242069
7,112,242,71,2,,107242071
7,112,243,12,2,,107243012
7,112,243,21,2,,107243021
7,112,243,46,2,,107243046
7,112,243,64,2,,107243064
7,112,243,71,2,,107243071
7,112,244,7,2,,107244007
7,112,244,10,2,,107244010
7,112,244,30,2,,107244030
7,112,244,36,2,,107244036
7,112,244,38,2,,107244038
7,112,244,45,2,,107244045
7,112,244,59,2,,107244059
7,112,244,75,2,,107244075
7,112,244,93,2,,107244093
7,112,246,17,2,,107246017
7,113,245,1,2,,107245001
7,113,245,3,2,,107245003
7,113,245,10,2,,107245010
7,113,245,20,2,,107245020
7,113,245,25,1,1,107245025
7,113,245,27,2,,107245027
7,113,245,30,2,,107245030
7,113,245,32,2,,107245032
7,114,247,13,2,,107247013
7,114,247,20,2,,107247020
7,114,247,30,2,,107247030
7,114,247,40,2,,107247040
7,114,247,47,2,,107247047
7,114,247,48,2,,107247048
7,114,247,52,2,,107247052
7,114,248,2,2,,107248002
7,114,248,9,2,,107248009
7,114,248,32,2,,107248032
7,114,248,52,2,,107248052
7,114,248,65,2,,107248065
7,115,268,2,2,,107268002
7,115,268,37,2,,107268037
7,115,268,59,2,,107268059
7,115,268,69,2,,107268069
7,115,268,76,2,,107268076
7,117,253,2,2,,107253002
7,117,253,19,2,,107253019
7,119,256,40,2,,107256040
7,120,254,16,2,,107254016
7,120,254,37,2,,107254037
7,120,255,11,2,,107255011
7,120,255,31,2,,107255031
7,120,255,66,2,,107255066
7,120,255,78,2,,107255078
7,120,257,1,2,,107257001
7,120,257,23,2,,107257023
7,120,257,29,2,,107257029
7,120,257,39,2,,107257039
7,122,266,7,2,,107266007
7,122,266,30,2,,107266030
7,122,267,25,2,,107267025
7,124,263,41,2,,107263041
7,124,264,23,2,,107264023
7,125,269,20,2,,107269020
7,125,270,1,2,,107270001
7,125,270,9,2,,107270009
7,125,270,18,2,,107270018
7,125,270,19,2,,107270019
7,125,270,25,2,,107270025
7,125,270,27,2,,107270027
7,125,270,28,2,,107270028
7,125,270,30,2,,107270030
7,125,270,34,2,,107270034
7,125,270,35,2,,107270035
7,125,270,37,2,,107270037
7,126,271,3,2,,107271003
7,126,271,6,2,,107271006
7,126,271,23,2,,107271023
7,126,271,24,2,,107271024
7,126,271,30,2,,107271030
7,126,271,32,2,,107271032
7,126,272,1,2,,107272001
7,126,272,5,2,,107272005
7,127,250,8,2,,107250008
7,127,250,12,2,,107250012
7,127,250,24,2,,107250024
7,127,250,44,2,,107250044
7,127,251,58,2,,107251058
7,127,251,91,2,,107251091
7,127,251,92,2,,107251092
7,128,252,26,2,,107252026
7,130,249,11,2,,107249011
7,130,249,25,2,,107249025
7,132,262,22,2,,107262022
7,133,259,13,2,,107259013
7,133,259,15,2,,107259015
7,133,259,29,2,,107259029
8,9,297,4,2,,108297004
8,9,297,22,2,,108297022
8,10,299,15,2,,108299015
8,10,299,20,2,,108299020
8,10,299,40,2,,108299040
8,10,299,52,2,,108299052
8,10,299,60,2,,108299060
8,10,299,92,2,,108299092
8,10,299,94,2,,108299094
8,10,299,134,1,1,108299134
8,10,303,9,2,,108303009
8,10,303,14,2,,108303014
8,10,304,4,2,,108304004
8,10,304,10,2,,108304010
8,10,304,19,2,,108304019
8,10,304,44,2,,108304044
8,10,305,3,2,,108305003
8,10,305,5,2,,108305005
8,10,305,26,2,,108305026
8,10,305,30,2,,108305030
8,10,305,35,2,,108305035
8,10,305,36,2,,108305036
8,10,305,42,2,,108305042
8,10,305,47,2,,108305047
8,10,305,54,2,,108305054
8,10,305,59,2,,108305059
8,135,310,4,2,,108310004
8,135,310,14,2,,108310014
8,135,310,19,2,,108310019
8,135,311,7,2,,108311007
8,135,311,16,2,,108311016
8,135,311,29,2,,108311029
8,135,311,31,2,,108311031
8,135,311,35,2,,108311035
8,135,311,36,2,,108311036
8,138,278,4,2,,108278004
8,138,278,23,1,1,108278023
8,140,291,12,2,,108291012
8,140,291,17,2,,108291017
8,142,279,17,2,,108279017
8,142,279,18,2,,108279018
8,142,279,19,2,,108279019
8,142,279,32,2,,108279032
8,142,279,101,2,,108279101
8,142,279,102,2,,108279102
8,142,279,103,2,,108279103
8,147,273,38,1,1,108273038
8,148,300,1,2,,108300001
8,148,300,36,2,,108300036
8,148,300,37,2,,108300037
8,148,302,2,2,,108302002
8,148,302,14,2,,108302014
8,148,302,22,2,,108302022
8,148,302,34,2,,108302034
8,148,302,38,2,,108302038
8,148,302,40,2,,108302040
8,150,274,25,2,,108274025
8,150,274,34,2,,108274034
8,150,274,56,2,,108274056
8,151,308,5,2,,108308005
8,152,288,13,2,,108288013
8,153,284,4,2,,108284004
8,153,284,28,2,,108284028
9,154,328,1,2,,109328001
9,156,317,1,2,,109317001
9,156,317,81,2,,109317081
9,156,320,27,2,,109320027
9,156,320,28,2,,109320028
9,156,322,9,2,,109322009
9,156,322,13,2,,109322013
9,156,322,18,2,,109322018
9,156,322,22,2,,109322022
9,156,322,25,2,,109322025
9,156,322,45,2,,109322045
9,156,322,46,2,,109322046
9,156,322,49,2,,109322049
9,156,322,51,2,,109322051
9,156,322,53,2,,109322053
9,156,322,63,2,,109322063
9,156,322,67,2,,109322067
9,156,322,69,2,,109322069
9,156,322,70,2,,109322070
9,157,316,1,2,,109316001
9,157,316,7,2,,109316007
9,158,312,1,2,,109312001
9,158,312,14,2,,109312014
9,158,312,31,2,,109312031
9,158,312,42,2,,109312042
9,158,312,46,2,,109312046
9,158,312,51,2,,109312051
9,158,312,57,2,,109312057
9,158,312,58,2,,109312058
9,158,312,60,2,,109312060
9,158,313,4,2,,109313004
9,159,324,4,2,,109324004
9,162,318,6,2,,109318006
9,162,318,16,2,,109318016
9,162,321,12,2,,109321012
9,162,321,18,2,,109321018
10,166,335,3,2,,110335003
10,166,335,6,2,,110335006
10,166,335,17,2,,110335017
10,166,335,30,2,,110335030
10,166,335,36,2,,110335036
10,166,335,38,2,,110335038
10,166,335,39,2,,110335039
10,166,335,46,2,,110335046
10,166,335,47,2,,110335047
10,166,335,48,2,,110335048
10,166,335,49,2,,110335049
10,166,335,51,2,,110335051
10,166,335,59,2,,110335059
10,166,335,62,2,,110335062
10,166,336,3,2,,110336003
10,166,337,3,2,,110337003
10,167,340,22,2,,110340022
10,167,340,29,2,,110340029
10,168,338,32,2,,110338032
10,169,329,5,2,,110329005
10,169,329,31,2,,110329031
10,169,329,33,2,,110329033
10,169,329,34,2,,110329034
10,169,329,42,2,,110329042
10,169,329,50,2,,110329050
10,169,329,54,2,,110329054
10,169,329,68,2,,110329068
10,169,332,10,1,1,110332010
10,171,330,11,2,,110330011
