"id1","id2","hhno","nr_sid","s2b_3","s2b_4","s2b_5","s2b_6","s2b_7","s2b_8","s2b_9","s2b_10","s2b_11","s2b_12","s2b_13","s2b_14","s2b_15","s2b_16","s2b_17","s2b_18","s2b_19","s2b_20"
1,1,101003004,1,1,1969,20,29,14,2,2007,4,3,,250,1,,1,,12,15,
1,1,101003005,1,1,1944,19,23,16,1,2006,6,310,,3,1,,1,,11,6,
1,1,101003050,1,1,1989,17,,16,2,2008,4,4,,30,1,,1,,12,6,
1,1,101008004,1,1,1976,25,31,14,3,888,5,150,,250,1,,1,,12,1,
1,1,101008021,1,1,1969,,35,18,12,888,6,52,,104,1,,3,1,12,15,
1,1,101008047,1,1,1962,32,32,16,3,2009,5,20,,4,1,,1,,13,23,
1,1,101008053,1,1,1959,,47,30,3,2009,5,48,,0,1,,1,,12,1,
1,2,101005001,1,1,,,39,16,9,2009,7,5,,90,1,,1,,,,7
1,2,101006002,1,1,,18,23,16,1,,4,12,,24,1,,1,,13,5,
1,2,101006036,1,1,1945,,,14,1,2000,9,1,,1,1,,1,,12,82,
1,2,101007011,1,1,1975,19,22,16,1,2009,6,4,2009,15,1,,1,,12,5,
1,2,101007025,1,1,,,,18,3,2008,8,0,,52,1,,1,,12,11,
1,2,101007028,1,1,1974,4,29,8,1,2009,4,2,,7,1,,1,,13,4,
1,2,101026010,1,1,1976,22,23,7,6,888,1,260,,25,1,,1,,13,2,
1,2,101026024,1,1,1974,18,33,7,2,2008,6,2,,0,1,,1,,13,17,
1,2,101028009,1,1,1983,14,25,8,3,888,6,310,,,1,,1,,11,2,
1,2,101028015,1,1,1962,15,43,61,1,2009,6,348,,,1,,1,,11,2,
1,2,101028031,2,1,1979,12,22,92,1,2008,9,1,,5,1,,1,,,,6
1,2,101028031,1,1,1978,14,17,92,1,2009,9,6,,,1,,1,,,,6
1,5,101004010,1,1,1944,,41,30,1,2004,6,1,,3,1,,1,,12,6,
1,5,101004017,1,1,1962,24,44,30,10,2009,5,5,,300,1,,1,,13,6,
1,6,101001003,1,1,1989,20,20,7,2,2007,5,3,,120,1,,1,,13,6,
1,6,101002002,1,1,1954,25,25,7,1,2006,6,2,,,1,,1,,11,6,
1,8,101013006,1,1,1972,26,36,3,1,2009,6,1,,0,1,,1,,12,1,
1,8,101013008,1,1,1950,,50,21,3,2010,6,52,,0,1,,1,,11,8,
1,8,101013032,1,1,1942,20,21,18,1,888,6,52,,0,1,,6,1,11,8,
1,8,101014118,1,1,1984,25,25,4,3,2009,19,1,2009,300,1,,1,,13,20,
1,8,101015034,1,1,1956,,35,18,1,2008,6,24,,,1,,1,,12,8,
1,8,101015188,1,1,1975,,33,18,3,888,4,50,,300,1,,1,,9,13,
1,8,101016051,1,1,1979,23,25,,3,2009,5,200,,300,1,,1,,13,83,
1,8,101016137,1,1,1984,,23,18,12,2008,5,58,,366,1,,1,,13,8,
1,8,101016145,1,1,1990,19,,18,2,2009,19,3,,96,1,,1,,12,33,
1,10,101017011,1,1,1960,,49,14,3,2009,,289,,,1,,1,,11,10,
1,10,101017019,1,1,1948,16,59,18,1,2009,6,248,,3,1,,4,2,12,10,
1,10,101017020,1,1,1981,,22,51,1,2009,6,265,,10,1,,1,,11,10,
1,10,101018033,1,2,,,,14,6,888,5,300,,150,1,,1,,13,10,
1,10,101018058,1,1,1947,15,40,18,3,888,6,300,,,1,,1,,13,10,
1,10,101019003,1,1,1971,20,25,8,2,2008,4,360,,5,1,,1,,11,10,
1,10,101019005,1,1,1965,,27,16,3,2004,1,35,,50,1,,1,,13,6,
1,10,101020002,1,1,1980,,29,14,3,888,1,8,,360,1,,1,,13,8,
1,10,101020014,1,1,1932,,21,14,3,2009,4,3,,15,1,,1,,11,10,
1,10,101020027,1,1,1945,,28,18,3,2002,6,4,,10,1,,1,,13,10,
1,10,101020035,1,1,1967,,23,45,1,2004,4,10,,22,1,,1,,11,8,
1,10,101021001,1,1,,25,,8,3,2009,6,360,,0,1,,1,,11,10,
1,10,101021034,1,1,1986,20,22,16,3,2009,5,200,,10,1,,1,,11,10,
1,10,101021063,1,1,1984,20,23,4,3,888,5,15,,55,1,,1,,13,10,
1,10,101021068,1,1,1949,18,30,14,3,1994,8,0,2004,50,1,,1,,12,10,
1,10,101027011,1,1,1970,22,24,14,3,2009,5,1,,10,1,,1,,6,148,
1,11,101031001,1,1,1953,,,,10,,1,0,,0,1,,1,,13,,
1,11,101031001,2,3,1978,,,,6,2002,13,4,2008,2,1,,1,,13,,
1,11,101031015,1,1,,,,8,1,,10,0,,0,1,,1,,,,
1,11,101031017,1,1,,,,61,1,2002,6,0,,,1,,1,,,,
1,11,101031021,1,1,1973,,,,10,2003,5,1,2003,0,1,,1,,1,102,
1,11,101031030,1,1,1958,19,19,17,8,2004,1,,,0,1,,1,,,,
1,11,101031038,1,1,1952,,,,3,1999,7,1,,10,1,,1,,5,35,
1,12,101029023,1,2,1950,19,30,17,3,2009,6,342,,20,1,,1,,11,13,
1,12,101029037,1,1,1975,16,20,17,3,1999,4,24,,28,1,,1,,12,124,
1,12,101029040,1,1,1954,18,32,17,3,2003,5,355,,,1,,1,,11,12,
1,12,101030030,1,1,1964,18,18,8,1,2005,4,,2007,,1,,1,,1,102,
1,12,101030063,1,1,1979,10,19,8,2,1998,4,4,,55,1,,1,,1,102,
1,13,101009206,1,1,1982,25,25,6,10,2009,3,,2009,52,1,,1,,,,21
1,13,101009222,1,1,1965,,44,14,10,888,1,24,,10,1,,1,,9,13,
1,13,101010089,1,1,1975,27,27,16,3,2008,4,2,,365,1,,1,,5,36,
1,13,101010132,1,1,1963,34,37,30,3,2004,5,24,,97,1,,1,,12,1,
1,13,101010176,1,1,1978,20,27,8,6,2009,5,300,,200,1,,1,,9,13,
1,13,101011031,1,1,1964,28,32,16,10,2008,1,20,,70,1,,1,,9,13,
1,13,101011085,1,1,1962,24,26,4,3,2010,5,120,,120,1,,1,,9,13,
1,13,101011172,1,1,1969,24,40,17,10,2009,4,10,,360,1,,1,,12,23,
1,13,101012014,1,1,1977,,30,14,10,2010,2,52,,52,1,,1,,9,13,
1,13,101012022,1,1,1976,28,29,14,10,2008,5,1,,52,1,,1,,,,22
1,13,101012038,2,2,1973,,33,14,10,2009,3,21,,52,1,,1,,9,13,
1,13,101012038,1,1,1953,,30,14,10,2009,2,26,,52,1,,1,,3,26,
1,13,101012050,1,1,1984,22,24,4,8,2010,5,52,,52,1,,1,,3,26,
1,13,101012055,1,3,1981,888,,14,10,888,2,52,,52,1,,1,,9,13,
1,16,101023013,1,1,,,31,30,3,1998,6,0,2008,5,1,,1,,12,16,
1,16,101023018,1,1,,22,22,30,1,2005,6,300,2010,0,1,,1,,12,16,
1,16,101023028,1,1,1964,16,22,18,3,1987,6,121,,10,1,,1,,12,16,
1,17,101022033,1,1,1974,22,28,14,3,2006,5,3,,10,1,,1,,13,10,
1,17,101022035,1,1,1959,24,,18,3,2005,6,70,,80,1,,1,,13,17,
1,17,101024016,1,1,1970,17,17,10,3,2008,5,3,,300,1,,1,,13,132,
1,17,101024020,1,1,1984,888,25,17,3,888,5,10,,40,1,,1,,12,17,
1,17,101024023,1,1,1973,18,19,10,1,2008,4,250,,150,1,,1,,13,4,
1,17,101024042,1,1,1975,19,18,8,2,2005,6,150,,170,1,,1,,12,32,
1,17,101024050,1,1,1961,18,18,30,1,2003,4,5,,0,1,,1,,13,29,
2,2,102032018,1,1,,,,63,3,2003,7,40,,60,1,,1,,3,26,
2,2,102032066,1,1,1976,22,22,14,3,2004,4,2,,20,1,,1,,3,26,
2,2,102033034,1,1,1988,888,,14,3,,5,15,,,1,,1,,3,26,
2,2,102033037,1,1,1970,28,,30,10,2005,1,50,,300,1,,1,,5,35,
2,2,102034041,1,1,1984,21,22,14,3,2009,4,2,,59,1,,1,,13,30,
2,2,102034066,1,2,1973,,23,14,3,2009,5,3,,52,1,,1,,3,26,
2,2,102034164,1,1,1940,60,50,14,5,2000,1,11,,,1,,1,,3,26,
2,2,102035004,1,1,,23,23,3,4,2009,4,0,,144,1,,1,2,3,26,
2,2,102035027,1,1,1975,26,26,14,10,888,1,250,,0,1,,1,,3,26,
2,3,102036004,1,1,1961,,20,14,1,888,6,52,,24,1,,1,,13,18,
2,3,102036005,1,1,1974,28,30,14,6,888,5,26,,3,1,,1,,13,18,
2,3,102036009,1,1,1939,25,35,14,1,888,6,52,,,1,,1,,13,18,
2,3,102036011,1,1,1969,,13,14,1,888,7,52,,26,1,,1,,13,18,
2,3,102036011,2,1,1965,,30,30,1,888,6,1,,19,1,,1,,13,73,
2,3,102036012,1,1,1969,20,20,14,1,888,6,26,,17,1,,1,,13,18,
2,3,102036017,1,1,1949,,28,14,1,888,6,52,,,1,,6,2,13,18,
2,5,102051002,1,1,1953,,,8,12,2007,6,365,,,1,,1,,11,19,
2,5,102051009,1,1,1979,20,28,14,3,2009,1,10,,200,1,,1,,5,35,
2,5,102051020,1,1,1957,,26,,12,2005,1,36,,700,1,,1,,5,35,
2,5,102051053,1,1,1957,,43,1,6,888,3,2,,10,1,,1,,13,43,
2,5,102051058,1,1,1947,27,25,62,6,2004,5,,2004,20,1,,1,,13,,
2,5,102051064,1,1,,,22,92,1,1970,4,,,,1,,1,,,,1
2,6,102045018,1,1,1981,23,23,43,1,888,6,350,,200,1,,1,,11,27,
2,6,102045026,1,1,1975,18,19,43,1,888,6,341,,20,1,,1,,11,27,
2,6,102045039,1,1,1969,,25,43,1,888,4,16,,50,1,,1,,11,27,
2,6,102045047,1,1,1960,2,46,43,5,888,7,20,,300,1,,1,,9,13,
2,6,102045056,1,1,1970,20,23,43,3,888,5,230,,100,1,,1,,11,27,
2,6,102045059,1,1,1972,19,26,43,2,1997,4,10,,300,1,,1,,11,27,
2,6,102045060,1,1,1983,18,24,14,3,2009,4,30,,150,1,,1,,12,27,
2,6,102045091,1,1,1950,22,22,43,1,888,4,40,,48,1,,1,,11,27,
2,7,102050013,1,1,1971,16,30,14,1,888,4,0,,300,1,,1,,11,20,
2,7,102050014,1,1,1977,20,25,14,3,2008,5,5,,0,1,,1,,13,20,
2,8,102052009,1,1,1970,27,29,14,3,2001,6,365,,15,5,1,1,,11,22,
2,8,102052024,1,1,1986,21,22,14,3,888,1,14,,26,1,,1,,1,94,
2,8,102052056,1,1,1975,20,32,8,6,2009,7,25,,900,1,,1,,5,43,
2,9,102054004,1,1,1969,20,26,14,3,2005,5,6,,20,1,,1,,,,2
2,9,102054020,1,1,1982,17,26,14,6,2007,5,365,,365,1,,1,,13,21,
2,9,102054032,1,1,1944,20,,14,8,2007,5,3,,4,1,1,1,,11,21,
2,9,102054041,1,1,1965,28,28,14,4,2009,5,20,,20,1,,1,,11,21,
2,9,102055017,1,1,,,,14,1,888,6,3,,,1,,1,,11,21,
2,9,102055063,1,1,,,,14,1,888,6,,,,1,,1,,13,21,
2,9,102055064,1,1,,,,14,3,,6,50,,,1,,1,,11,21,
2,19,102049019,1,1,1962,,30,14,3,888,1,4,,50,1,,1,,5,35,
2,19,102049080,1,1,1961,25,29,30,9,1996,1,12,,300,1,,1,,9,13,
2,19,102049110,1,1,1963,,20,1,3,2009,4,3,,,1,,1,,13,19,
2,20,102048015,1,1,1983,15,23,30,3,2009,1,30,,750,1,,1,,5,35,
2,20,102048051,1,1,1975,20,29,14,3,2005,6,360,,3,1,,1,,11,20,
2,20,102048055,1,1,1945,18,37,14,3,2008,4,300,,0,1,,1,,11,20,
2,20,102048068,1,1,1952,,48,43,1,2008,6,0,2008,4,1,,1,,12,20,
2,20,102048078,1,1,1976,25,26,14,6,2008,5,6,,300,1,,1,,6,13,
2,22,102053074,1,1,1983,,22,14,1,888,6,120,,30,1,,1,,11,22,
2,22,102053079,1,1,1976,,,4,3,2009,4,20,,35,1,,1,,12,22,
2,22,102053089,1,1,1967,22,22,14,3,2009,7,20,,130,1,,1,,12,22,
2,23,102056016,1,1,1949,,30,8,3,1999,1,,,,1,,1,,1,102,
2,23,102056027,1,1,1972,12,24,14,3,2007,5,5,,20,1,,1,,1,102,
2,23,102056035,1,1,1976,18,20,14,3,2004,5,4,,50,1,,1,,13,21,
2,23,102056043,1,1,1982,18,18,8,3,2006,6,50,,20,1,,1,,12,23,
2,23,102056051,1,1,1968,15,41,9,1,2009,6,7,,,1,,1,,13,23,
2,23,102056072,1,1,1950,,20,14,1,2005,4,,,,1,,1,,13,28,
2,23,102057043,1,1,1954,,18,14,1,2000,4,100,,200,1,,1,,11,23,
2,23,102058002,1,1,,,,6,3,2009,4,1,,,1,,1,,1,102,
2,23,102058050,1,1,,,,14,1,,6,24,,,1,,1,,12,26,
2,23,102058123,1,1,,,,14,1,888,6,365,,,1,,1,,11,23,
2,25,102047024,1,1,1984,,23,14,1,2007,6,,2007,,1,,1,,,,
2,25,102047042,1,1,,,,14,1,2008,4,,,8,1,,1,,13,25,
2,25,102047066,1,1,1978,,24,4,3,2008,6,12,,,1,,1,,11,25,
2,25,102047076,1,1,,,,43,1,2002,6,,2008,,1,,1,,12,105,
2,27,102046012,1,1,1975,,28,14,2,2009,6,1,,5,1,,1,,,,7
2,27,102046029,1,1,1960,18,20,14,1,2006,4,40,2009,100,1,,1,,13,31,
2,27,102046035,1,1,1970,20,24,14,1,2009,4,6,2009,200,1,,1,,3,26,
2,27,102046037,1,1,1981,20,21,14,1,2008,4,200,,400,1,,1,,11,27,
2,27,102046054,1,1,1955,20,23,14,3,2009,6,10,,,1,,1,,,27,
2,27,102046074,1,1,,,,30,1,2000,6,10,,,1,,1,,12,125,
2,27,102046081,1,1,1983,20,24,43,3,2007,6,,2007,,1,,1,,,,
2,27,102046099,1,1,1970,,37,14,1,888,4,100,,,1,,1,,11,27,
2,27,102046100,1,1,1981,,17,14,1,2008,4,20,2010,150,1,,1,,11,27,
2,27,102046115,1,1,1949,,35,30,2,2009,6,20,,4,1,,1,,13,52,
2,27,102046119,1,1,1978,20,31,30,1,2009,4,1,,,1,,1,,11,27,
2,29,102041002,1,1,1950,17,25,14,3,1999,3,24,,365,1,,1,,13,29,
2,29,102041019,1,1,1990,888,19,14,3,888,,120,,365,1,,1,,12,29,
2,29,102041021,1,1,1970,,20,30,1,2000,6,4,,0,1,,1,,12,23,
2,29,102041060,1,1,,,,14,6,2009,6,12,,12,1,,1,,13,43,
2,29,102042003,1,1,1976,20,22,14,1,2008,4,150,,250,1,,1,,11,29,
2,29,102042020,1,1,1960,24,25,14,2,888,5,360,,360,1,,1,,11,29,
2,29,102042023,1,1,1974,18,23,14,3,1999,5,12,,90,1,,1,,5,35,
2,29,102042025,1,1,1971,2,36,14,1,2009,5,50,,200,1,,1,,11,29,
2,29,102042026,2,1,1979,20,28,14,2,888,4,35,,150,1,,1,,11,29,
2,29,102042026,1,1,1982,18,24,9,2,888,4,30,,100,1,,1,,11,29,
2,29,102042028,1,1,1935,28,28,14,1,1980,6,50,,100,1,,1,,11,29,
2,29,102043002,1,1,,,,14,1,2006,6,2,,0,1,,1,,13,1,
2,29,102043007,1,1,,,55,17,3,2007,1,1,,200,1,,1,,13,12,
2,29,102043066,1,1,,,,14,3,1990,6,3,,2,1,,1,,12,23,
2,29,102043102,1,1,,,,14,1,2008,5,0,2008,0,1,,1,,11,29,
2,29,102043102,2,1,,,,14,1,2008,5,2,2009,1,1,,1,,11,29,
2,29,102043120,1,1,1960,,25,14,1,2007,4,10,,0,1,,1,,11,29,
2,29,102044020,1,1,,,,14,1,888,6,365,,,1,,1,,11,29,
2,29,102044039,1,1,1979,888,31,14,3,888,4,13,,36,1,,1,,13,19,
2,29,102044053,1,1,,,,14,1,888,5,365,,,1,,1,,11,29,
2,29,102044079,1,1,1976,29,29,4,3,2007,5,2,,,1,,1,,9,13,
2,29,102044113,1,1,,,,14,8,888,5,2,,,1,,1,,11,29,
2,29,102060001,1,1,1984,,18,14,1,888,6,300,,300,1,,1,,11,29,
2,29,102060010,1,1,1984,,23,14,6,888,1,14,2009,50,1,,1,,11,29,
2,29,102060080,1,1,1949,,41,14,1,888,6,18,,,1,,1,,11,29,
2,31,102038014,1,1,1982,19,19,14,3,2009,5,7,2010,104,1,,1,,13,43,
2,31,102038019,1,1,1974,20,20,14,1,888,6,30,,300,1,,1,,12,31,
2,31,102038031,1,1,1960,,23,14,3,2009,6,100,,,1,,1,,12,31,
2,31,102038033,1,1,1975,26,31,14,3,888,6,192,,96,1,,1,,12,31,
2,31,102038038,1,1,1947,,28,14,1,2005,5,,2005,,1,,1,,3,26,
2,31,102038042,1,1,1972,,36,14,1,2010,6,52,,,1,,1,,12,31,
2,31,102038065,1,1,1963,,33,14,3,2007,5,3,,50,1,,1,,5,35,
2,31,102039022,1,1,1979,21,22,14,8,2009,1,4,2009,52,1,,1,,13,21,
2,31,102039062,1,1,1977,22,22,14,1,2006,6,0,2006,0,1,,1,,13,18,
2,31,102039063,1,2,1952,21,29,14,1,2009,6,3,,5,1,,1,,12,30,
2,31,102040036,1,1,1982,22,22,14,3,2009,5,24,,300,1,,1,,13,31,
2,31,102040044,1,1,1944,,45,14,1,2009,6,120,,,1,,1,,12,31,
3,1,103061029,1,1,1979,,28,4,6,2008,5,24,,10,1,,1,,13,35,
3,1,103061045,1,1,50,46,37,90,3,2006,5,1,,12,1,,1,,12,,
3,1,103061047,1,1,1967,20,39,10,6,888,5,20,,25,1,,1,,,,21
3,1,103061055,1,1,1960,26,26,30,3,2008,9,20,,1,,,1,,13,,
3,1,103061064,1,1,1971,21,21,14,3,2009,4,204,,151,1,,1,,5,35,
3,1,103061145,1,1,44,19,20,22,2,1991,4,12,,5,1,,1,,13,35,
3,1,103062051,1,1,1972,,32,22,12,2003,12,,,151,1,,1,,,,22
3,1,103062069,1,1,1982,21,23,8,3,2009,5,18,,200,1,,1,,5,35,
3,1,103062096,1,1,1965,,,22,4,888,4,37,,58,1,,1,,5,,
3,1,103063027,1,1,1969,,36,8,,888,2,200,,100,1,,1,,13,35,
3,1,103063053,1,1,1972,,24,14,1,2007,4,100,,150,1,,1,,13,35,
3,1,103063086,1,1,1983,23,26,30,8,2010,1,15,,250,1,,1,,12,50,
3,1,103063101,1,1,1969,,40,65,12,888,2,80,,150,1,,1,,13,,
3,1,103063108,1,1,1974,,22,14,3,888,4,,2008,70,1,,1,,13,,
3,1,103064002,1,1,1958,42,32,22,6,1999,3,,2000,85,5,2,1,,,,21
3,1,103064006,1,1,1971,16,19,22,2,1995,4,192,,79,1,,1,,11,,
3,1,103064006,2,1,1976,888,30,22,2,2007,4,261,,98,1,,1,,5,35,
3,1,103064009,1,1,1949,,38,15,10,6,2,3,,5,1,,1,,5,35,
3,1,103064027,1,1,,,,,3,888,4,,,2,1,,1,,10,48,
3,1,103064039,1,1,1957,,30,22,4,888,12,,2007,15,1,,1,,,,22
3,1,103065012,1,1,1959,,25,22,10,888,1,,2009,150,1,,1,,,,21
3,1,103065017,1,1,1969,,32,8,1,2003,4,15,,10,1,,1,,12,102,
3,1,103065047,1,1,,,39,15,3,888,4,15,,,1,,1,,11,35,
3,1,103065047,2,1,,,40,22,1,888,4,10,,,1,,1,,11,35,
3,1,103065050,1,1,1986,23,22,22,3,2009,4,1,,,1,,1,,12,44,
3,1,103066040,1,1,1945,,25,22,6,2004,5,20,,30,1,,1,,12,80,
3,1,103066108,2,1,1974,,26,6,,888,1,,2008,5,1,,1,,13,35,
3,1,103066108,1,1,1976,,29,6,,2009,4,18,,20,1,,1,,13,35,
3,1,103066142,1,1,1964,,29,22,5,,1,38,,53,1,,3,1,5,35,
3,1,103067001,1,1,1948,,26,21,8,2007,5,10,,60,1,,1,,13,39,
3,1,103067022,1,1,1975,20,27,14,9,2008,5,8,,200,1,,1,,5,35,
3,1,103067037,1,1,1961,,36,30,5,2007,5,,,120,1,,1,,,,22
3,1,103067049,1,1,1940,,39,30,2,2008,5,3,,40,1,,1,,5,35,
3,1,103067058,1,1,1953,,50,22,5,888,3,40,,200,1,,1,,5,35,
3,1,103067068,1,1,1951,45,56,22,3,2009,5,20,,2,1,,1,,5,35,
3,1,103068034,1,1,52,,31,21,9,2002,7,2,,60,1,,1,,,,21
3,1,103068042,1,1,1970,30,19,30,3,2000,5,,2009,15,1,,1,,5,35,
3,1,103068152,1,1,1964,,24,4,3,2009,7,207,,108,1,,1,,5,35,
3,1,103069031,1,1,1949,,35,22,6,2003,3,,2003,40,1,,1,,,,21
3,1,103069050,1,1,1972,,18,14,2,2005,4,20,,90,1,,1,,12,26,
3,1,103070001,1,1,1970,21,21,22,2,888,4,,,100,1,,1,,12,41,
3,1,103070002,1,1,1964,,35,22,1,2009,4,100,,20,1,,1,,13,35,
3,1,103070010,1,1,1986,888,24,22,6,888,7,,,250,1,,1,,13,35,
3,1,103070019,1,1,1967,18,18,22,2,2008,4,3,,10,1,,1,,13,35,
3,1,103070036,1,1,1958,38,38,22,9,2000,5,,2008,,1,,1,,13,44,
3,1,103072019,1,1,1950,21,21,22,1,1973,4,3,,,1,,1,,13,35,
3,1,103072019,2,1,1965,24,39,22,3,2010,5,365,,316,1,,1,,13,35,
3,1,103072020,1,1,1970,23,24,22,2,2009,4,2,,235,1,,1,,5,35,
3,1,103072046,1,1,1970,27,19,21,1,,4,,,,1,,1,,5,35,
3,1,103072061,1,1,1978,24,20,22,1,1986,4,,2008,15,1,,1,,5,35,
3,1,103073006,1,1,1974,30,30,8,3,888,4,14,,150,1,,1,,,,21
3,1,103073024,1,1,1991,888,19,22,3,2009,5,280,,200,1,,1,,5,35,
3,1,103073052,1,1,1991,888,19,22,1,2009,4,100,,50,1,,1,,5,35,
3,1,103073070,1,1,1983,18,18,63,3,2007,9,50,,300,1,,1,,5,35,
3,1,103074015,1,1,1978,16,26,21,,888,1,52,,105,1,,1,,13,81,
3,1,103074031,1,1,1958,,25,22,3,2008,1,166,,0,1,,1,,5,35,
3,1,103074033,1,1,,19,18,22,4,888,4,0,1978,,1,,1,,5,35,
3,1,103074033,2,1,,31,23,22,3,2009,9,12,,75,1,,1,,5,35,
3,1,103074036,1,1,1967,,20,22,8,2009,4,4,,70,1,,1,,5,35,
3,1,103075022,1,1,,,33,14,6,888,4,96,,200,1,,1,,5,,
3,1,103075033,1,1,,11,18,22,3,888,5,50,,200,1,,1,,5,,
3,1,103075034,1,1,,,,22,12,888,4,52,,300,1,,1,,5,,
3,1,103075037,1,1,,,,22,2,,5,200,,150,1,,1,,5,53,
3,1,103075049,1,1,1978,888,18,22,2,2009,4,144,,100,1,,1,,5,35,
3,1,103075074,1,1,,,,22,12,888,6,240,,0,1,,1,,11,42,
3,1,103075087,1,1,1971,17,19,4,3,888,5,144,,100,1,,1,,5,35,
3,1,103076063,1,1,1945,44,34,22,10,1992,5,0,2006,60,1,,1,,5,35,
3,1,103076072,1,1,1969,33,33,22,3,1997,12,45,,98,1,,1,,5,35,
3,1,103076073,1,1,1956,48,25,21,9,2004,1,4,2009,24,1,,1,,5,35,
3,1,103076082,1,1,1971,36,19,22,3,2009,4,2,,95,1,,1,,5,35,
3,1,103077007,1,1,,888,,22,1,888,4,150,,0,1,,1,,5,3,
3,1,103077007,2,1,,888,,22,1,888,4,150,,80,1,,1,,5,3,
3,1,103077009,1,1,,888,18,22,1,2007,4,,2007,,1,,1,,5,35,
3,1,103077014,1,1,,,29,22,1,2007,9,,,,1,,1,,5,35,
3,1,103077014,3,1,,,51,22,1,888,4,100,,200,1,,1,,5,35,
3,1,103077014,2,1,,,35,22,1,2007,4,20,,20,1,,1,,5,35,
3,1,103077024,1,1,,,,22,3,888,5,35,,0,1,,1,,5,53,
3,1,103077027,1,1,,888,,22,1,2009,4,50,,80,1,,1,,5,35,
3,1,103077042,1,1,,888,,22,6,888,5,300,,,1,,1,,5,42,
3,1,103077043,1,1,,888,,8,1,2007,4,0,2007,0,1,,1,2,1,92,
3,1,103077138,1,1,,,,22,1,2007,11,250,,0,1,,1,2,5,35,
3,1,103078019,1,1,,,29,22,12,888,7,80,,,1,,1,,5,35,
3,1,103078061,1,1,,,,,3,2007,4,2,,,1,,1,,13,42,
3,1,103079004,1,1,1970,,40,21,7,888,1,200,,400,1,,1,,5,35,
3,1,103079014,1,1,1975,,35,30,2,888,5,250,,50,1,,1,,5,35,
3,1,103079016,1,1,1953,25,25,8,1,2009,4,3,2009,100,1,,1,,1,102,
3,1,103079021,1,1,1944,,,22,3,2009,5,280,,300,1,,1,,9,13,
3,1,103079027,1,1,1974,22,22,91,,2009,5,100,,250,1,,1,,1,102,
3,1,103079033,1,1,1971,,27,22,3,888,5,150,,300,1,,1,,5,35,
3,1,103079045,1,1,1983,888,20,22,3,888,5,400,,300,1,,1,,5,35,
3,1,103079058,1,1,1953,888,42,16,10,2009,,200,,,1,,1,,5,35,
3,1,103080015,1,1,1955,14,34,40,10,2000,2,5,,4,2,2,1,,13,80,
3,1,103080021,1,1,,,25,4,3,2008,5,0,2007,200,1,,1,,,,24
3,1,103081017,1,1,1953,,48,45,11,888,4,45,2009,180,1,,1,,5,35,
3,1,103081048,1,1,1930,,27,90,11,1999,9,52,2009,250,1,,1,,5,44,
3,1,103081070,1,1,1949,,32,30,3,2003,5,20,,10,1,,1,,5,35,
3,1,103082032,1,1,1975,22,27,,6,2006,4,,,21,1,,1,,5,40,24
3,1,103082039,1,1,1960,,24,14,3,2008,,20,,30,1,,1,,5,35,
3,1,103084018,1,1,1982,,23,30,1,2009,4,80,,40,1,,1,,5,35,
3,1,103084127,1,1,1961,,45,22,10,2009,1,3,2009,101,1,,1,,5,43,
3,1,103084170,1,1,1974,888,35,71,6,888,5,52,,60,1,,1,,13,43,
3,1,103085050,1,1,1981,26,23,4,4,2007,3,14,2009,48,1,,1,,5,40,
3,1,103085062,1,1,1971,,27,22,10,2007,7,,,70,1,,1,,,,22
3,1,103085116,2,2,1972,23,26,22,4,2008,6,,,6,1,,1,,5,40,
3,1,103085116,1,2,1969,24,27,22,3,2007,4,,,8,1,,1,,5,40,
3,1,103085116,3,1,1975,25,26,22,3,2006,5,,,8,1,,1,,5,40,
3,1,103085126,1,1,1966,,26,22,9,2002,3,1,2008,58,1,,1,,,,22
3,1,103086037,1,1,1951,,56,22,10,2009,1,200,,300,1,,1,,5,35,
3,37,103092107,1,1,1975,,,30,1,2006,4,,2006,,1,,1,,5,35,
3,38,103100011,1,1,1971,17,15,22,3,2002,5,24,2010,360,1,,1,,5,35,
3,38,103100016,1,1,1967,,26,21,3,2006,5,,2007,,1,,1,,11,38,
3,38,103100057,1,1,1970,24,28,21,5,2007,5,12,2010,52,1,,1,,12,38,
3,39,103099004,1,1,1941,,58,21,12,2006,1,40,2010,52,1,,1,,12,39,
3,39,103099005,1,1,1958,,49,21,1,888,4,35,2010,4,1,,1,,12,39,
3,39,103099013,1,1,1974,,34,21,1,2010,5,300,,10,1,,1,,11,39,
3,39,103099014,1,1,1940,,23,21,1,2003,6,50,,0,1,,1,,11,39,
3,39,103099020,1,2,,,25,21,1,2007,6,3,2009,4,1,2,,2,12,39,
3,39,103099021,1,2,,,,21,1,2009,6,30,2009,,1,2,1,2,12,39,
3,39,103099023,1,1,1954,,24,21,2,2008,6,12,,12,1,,1,,13,28,
3,39,103099029,1,2,,,23,21,1,2008,4,8,2008,,1,2,1,2,12,39,
3,40,103090007,1,1,1971,,,8,3,1996,5,,1996,,1,,1,,,,25
3,40,103090032,1,1,1969,,24,5,5,2008,14,,2008,50,1,,1,,,,36
3,41,103087001,1,1,1965,,,22,3,2006,4,4,,,1,,1,,5,35,
3,41,103087022,1,2,1984,,,91,1,888,6,50,,,1,,1,,12,87,
3,41,103088004,1,1,1959,,24,22,1,2010,5,3,,12,1,,1,,5,35,
3,43,103093003,1,1,1929,22,76,22,10,888,16,52,2010,104,1,,3,1,5,43,
3,43,103093015,1,1,1963,,35,92,12,2009,17,1,,100,1,,1,,,,7
3,43,103093017,1,3,,21,24,22,1,2008,6,2,2009,,1,,1,,13,46,
3,43,103093017,2,2,1943,19,22,22,1,2008,6,4,2009,,1,,1,,13,46,
3,43,103093031,1,1,1982,,24,14,3,2004,4,0,,0,1,,1,,5,37,
3,43,103093034,1,1,1962,42,34,22,3,2005,4,0,,24,1,,1,,11,43,
3,43,103094063,1,1,1969,24,42,8,10,2009,1,1,2009,80,1,,1,,,,22
3,43,103095035,1,1,1967,,,30,6,2006,1,,2006,30,1,,1,,,,21
3,43,103095061,1,1,1944,,63,30,9,888,1,36,,104,1,,1,,12,43,
3,43,103095063,1,1,1978,,20,30,1,2008,6,,,52,1,,1,,4,71,
3,43,103095075,1,1,1951,,,30,3,888,6,,2008,,1,,1,,11,,
3,43,103096039,1,1,1952,,23,21,1,2010,6,200,,,1,,1,,11,,
3,43,103096051,1,1,1944,,48,22,5,2010,1,30,,50,1,,1,,12,,
3,43,103096053,1,1,1944,,,22,8,2009,1,40,,50,1,,1,,,37,
3,43,103096085,1,1,1982,,26,22,3,888,4,6,2010,30,1,,1,,11,43,
3,43,103096086,1,1,1950,,52,22,3,888,3,52,2010,300,1,,1,,5,43,
3,43,103097017,1,1,1956,,42,3,1,2008,4,0,2008,15,1,,1,,13,19,
3,43,103098017,2,4,1973,20,26,14,2,2008,5,,,46,1,,1,,4,79,
3,43,103098017,1,3,1969,24,24,14,3,2007,4,,,15,1,,1,,5,40,
3,43,103098052,1,1,1959,,29,8,9,2004,1,,2008,,1,,1,,13,43,
3,44,103089028,1,1,1975,,33,92,10,2009,2,1,,156,1,,1,,,,21
3,44,103091088,1,1,1965,,24,17,1,1998,6,1,2009,365,1,,1,,,,26
3,44,103091113,1,1,1979,,26,4,1,2008,7,2,,5,1,,1,,11,44,
4,3,104101039,1,1,,,24,30,1,2007,7,,2007,16,1,,1,,13,54,
4,3,104101079,1,1,,,,30,3,2007,7,4,,16,1,,1,,5,37,
4,3,104101107,1,1,,,,30,3,2007,4,46,,50,1,,1,,11,53,
4,3,104102010,1,1,,23,,30,1,1986,4,,2009,22,1,,1,,5,35,
4,3,104103043,1,1,,,,30,3,2008,6,24,,,,,1,,11,,
4,6,104114016,1,2,1944,22,22,30,1,2008,9,,,,1,,1,,13,80,
4,6,104115007,1,2,1960,,,30,10,2009,1,20,2009,60,1,,1,,13,20,
4,6,104115017,1,1,1935,,,30,3,2009,4,50,,0,1,2,,,10,48,
4,7,104117034,1,1,1939,,47,30,1,1999,6,5,,,1,,1,,12,50,
4,7,104119027,1,1,1967,,25,30,1,2001,4,1,,52,1,,1,,13,37,
4,7,104119034,1,1,1957,,46,30,10,888,5,12,,20,1,,1,,11,55,
4,46,104107021,1,1,,10,,30,9,2004,1,3,,30,1,,1,,5,35,
4,46,104107040,1,1,,,,30,1,2006,4,2,,0,1,,1,,11,46,
4,46,104108005,1,1,,,,30,1,2009,6,3,,,1,,1,,11,46,
4,46,104108005,2,1,,,,30,1,2009,6,4,,,1,,1,,11,46,
4,46,104108005,3,1,,,,30,1,2009,,1,,,1,,1,,11,46,
4,46,104108017,1,1,,,,30,1,2008,6,38,,0,1,,1,,11,46,
4,46,104108018,1,1,,,,30,1,2,6,15,,0,1,,1,,12,46,
4,46,104108025,1,3,,,,30,1,2007,6,8,,,1,,1,,11,46,
4,46,104108036,1,1,,,19,30,1,10,6,30,2009,,1,,1,,11,46,
4,46,104108036,2,1,,,,30,1,7,6,21,2009,,1,,1,,11,46,
4,46,104109028,1,1,,,,30,3,2007,6,3,2009,6,1,,1,,12,59,
4,46,104109051,1,1,,8,,30,1,7,6,,2008,,1,,1,,11,46,
4,49,104120006,1,1,1931,,,14,8,2008,18,3,,12,1,,1,,3,26,
4,49,104120010,1,1,1942,,,30,3,1985,6,,2003,,1,,1,,,,2
4,49,104120028,1,1,1982,24,24,30,6,2008,5,20,,160,1,,1,,12,49,
4,49,104120060,1,1,1980,888,27,41,2,888,13,5,,12,1,,1,,12,49,
4,49,104121023,1,1,1973,,31,41,3,2006,4,10,,,1,,1,,12,49,
4,49,104121091,1,1,,,,41,8,2001,1,1,,56,1,,1,,12,50,
4,49,104123029,1,6,,,2,41,3,888,5,25,,45,1,,1,,5,41,
4,49,104123035,1,1,1978,,,30,3,2009,4,2,,20,1,,1,,13,55,
4,49,104124002,1,1,1966,888,43,30,10,2010,1,45,,,1,,7,1,11,49,
4,49,104124014,1,1,,,,30,8,,1,2,,18,1,,1,,12,75,
4,50,104126004,1,1,1964,888,32,41,3,2010,5,250,,250,1,,1,,11,50,
4,50,104342022,1,1,1930,,,30,1,2010,6,45,,0,1,,1,,12,50,
4,50,104342026,1,1,,,,30,2,888,6,20,,0,1,,1,,12,50,
4,51,104127008,1,1,,,,30,1,2009,5,30,2009,,1,,1,,12,51,
4,51,104127011,1,1,1943,65,41,30,3,2009,6,2,2009,15,1,,1,,13,25,
4,51,104127041,1,2,1972,32,30,30,6,888,6,3,,5,1,,1,,12,51,
4,51,104133009,1,1,1960,,,,1,2007,6,0,2007,0,1,,1,,12,49,
4,51,104133043,1,1,1977,,27,30,3,2007,1,2,,20,1,,1,,5,41,
4,51,104133045,1,1,1964,42,26,30,3,2006,5,50,2010,,1,,1,,5,35,
4,53,104105012,1,1,,,,30,1,2008,7,0,2008,48,1,,1,,,,1
4,53,104105030,1,1,1983,888,,30,1,2009,5,30,2009,50,1,,1,,11,,
4,53,104105035,1,1,1959,22,22,30,1,1991,6,30,2009,,1,,1,,11,54,
4,53,104105036,1,1,1954,35,16,30,1,888,6,30,,0,1,,1,,11,54,
4,54,104104007,1,1,,,,30,3,2009,3,30,,0,1,,1,,12,54,
4,54,104106034,1,1,1970,,39,30,9,2008,14,6,,40,,,1,,11,54,
4,54,104106054,1,1,1957,,28,30,1,2007,4,16,2009,,1,,1,,11,54,
4,58,104129016,1,1,1986,15,22,90,1,888,5,55,2010,,1,,1,,13,58,
4,58,104129017,1,1,1989,20,19,90,1,2010,6,35,2010,,1,,1,,12,59,
4,58,104130023,1,1,1959,20,20,30,3,2004,4,1,,12,1,,1,,12,55,
4,58,104130043,1,1,,,,30,3,2008,4,15,,55,1,,1,,13,43,
4,58,104131015,1,1,1967,,32,30,2,888,4,200,,60,1,,1,,11,58,
4,58,104131017,1,1,1969,,20,30,1,2009,4,22,,1,1,,1,,,54,
4,58,104131021,1,1,1980,,16,30,1,2009,5,5,,0,1,,1,,12,54,
4,58,104131028,1,1,,,,90,1,2010,6,105,2010,0,1,,1,,12,58,
4,58,104131033,1,1,1959,888,47,91,1,888,4,185,,0,1,,1,,11,58,
4,58,104131056,1,1,1964,,35,30,3,2004,4,156,,20,1,,1,,11,58,
4,58,104132009,3,1,1982,,,,1,2003,6,13,,0,1,,1,,12,58,
4,58,104132009,1,1,1969,,,,1,2001,6,15,,0,1,,1,,12,58,
4,58,104132009,4,1,1980,,,,1,2005,6,17,,0,1,,1,,12,58,
4,58,104132009,2,1,1979,,,,1,2001,6,12,,0,1,,1,,12,58,
4,58,104132018,1,1,,,,90,1,2006,4,0,2009,0,1,,1,,12,58,
4,58,104132019,1,1,,,,91,1,888,4,0,,0,1,,1,,12,58,
4,59,104128028,1,1,1960,,,47,2,2008,4,70,,105,1,,6,1,11,59,
4,59,104128062,1,1,,,,91,1,2009,4,200,,,1,,1,,11,,
4,60,104110002,1,1,,,,30,3,888,1,10,2009,30,1,,1,,13,60,
4,60,104110009,1,1,1969,21,21,30,3,2006,6,10,,,1,,1,,11,60,
4,60,104110011,1,1,1939,24,24,30,8,2006,1,3,,10,1,,1,,13,60,
4,60,104110021,1,1,1955,,,30,2,2003,4,5,,200,1,,1,,13,60,
4,60,104111010,1,1,,,,30,1,2006,4,1,,10,1,,1,,5,35,
4,60,104111078,1,1,,,,30,3,2009,5,52,2009,365,1,,1,,13,60,
4,60,104112034,1,1,1964,22,22,30,3,888,4,10,,45,1,,1,,13,40,
4,60,104112044,1,1,,,,30,1,2006,6,,1995,,1,,1,,12,60,
4,60,104112056,1,1,,,,30,1,2008,6,5,,,1,,1,,12,60,
4,60,104113089,1,1,1959,,30,30,6,2004,5,4,,,1,,1,,5,35,
4,62,104118008,1,1,1956,888,47,30,3,888,11,104,,52,1,,1,,11,55,
4,62,104118011,1,2,1937,,35,30,3,2009,8,3,,12,1,,1,,5,3,
4,62,104118035,1,1,1941,,45,30,2,2009,8,80,,,1,,1,,11,55,
5,5,105147062,1,1,1947,,52,4,8,2002,1,253,2009,84,1,,1,,12,80,
5,7,105155024,1,1,1941,,19,6,8,1993,12,0,,50,1,,1,,,,21
5,7,105156041,1,1,1934,,21,21,1,2003,4,1,,20,1,,1,,13,,
5,7,105156068,1,2,1986,,,21,2,2009,6,20,,2,1,,1,,12,72,
5,8,105158014,1,1,,,,8,3,2001,5,0,,1,1,,1,,4,79,
5,8,105158024,1,4,1941,,,6,12,7,5,0,2003,20,1,,1,,12,72,
5,8,105158025,1,1,1950,,22,4,1,888,4,6,,50,1,,1,,12,63,
5,8,105158034,1,1,,,,8,1,1999,7,48,2009,0,1,,1,,12,76,
5,8,105158035,1,1,1962,,28,4,6,2009,12,1,,58,1,,1,,,,28
5,8,105159002,1,1,,,41,4,6,2005,5,3,,30,1,,1,,4,79,
5,8,105159005,1,1,1944,,,8,3,2004,4,50,,10,1,,1,,4,79,
5,8,105159016,1,1,33,,24,15,6,2009,4,6,,365,1,,1,,13,75,
5,8,105160016,1,1,1957,,27,8,8,2009,5,200,,365,1,,1,,13,64,
5,8,105160027,1,1,,,27,6,3,2007,4,40,2009,200,1,,1,,5,35,
5,8,105160032,1,1,1969,23,26,30,2,2008,4,300,,200,1,,1,,4,79,
5,9,105161003,1,1,1955,,,4,1,,5,24,,,1,,1,,13,64,
5,9,105161011,1,1,1957,,22,44,3,888,5,2,,10,1,,1,,5,35,
5,9,105161036,1,1,,,,91,1,888,6,360,,10,1,,1,,11,64,
5,9,105162008,1,1,1971,,23,4,1,2009,6,100,,50,1,,1,,11,64,
5,9,105162019,2,1,1973,,24,4,1,2009,6,10,,50,1,,1,,12,64,
5,9,105162019,1,1,1927,,,4,1,2007,5,48,,200,1,,1,,13,64,
5,9,105162020,1,1,1967,,18,30,1,2,6,2,,50,1,,1,,12,63,
5,9,105163047,1,1,1985,,22,8,3,2010,4,100,,200,1,,1,,12,80,
5,9,105163065,1,1,1970,,34,21,1,2009,4,48,,300,1,,1,,11,67,
5,9,105163078,1,1,1964,,,8,3,6,5,12,,150,1,,1,,5,35,
5,10,105164019,1,1,1968,,22,30,1,2,6,300,,360,1,,1,,11,63,
5,10,105164020,1,1,1963,,27,30,3,2010,6,200,,300,1,,1,,12,63,
5,10,105164031,1,1,,,,30,1,2008,6,10,,20,1,,1,,12,63,
5,10,105165027,1,1,1983,,18,44,12,2010,4,10,,20,1,,1,,12,63,
5,10,105165031,1,1,1948,20,,44,3,2010,5,140,,150,1,,1,1,13,63,
5,10,105165042,1,1,1986,888,20,44,3,2010,5,50,,300,1,,1,,11,63,
5,11,105166012,1,1,60,,,21,1,2007,6,14,,0,1,,1,,12,12,
5,11,105166060,1,1,1965,18,18,21,1,2010,5,50,2010,100,1,,1,,12,78,
5,12,105168009,1,1,1969,,32,30,3,2008,5,4,,200,1,,1,,12,10,
5,12,105168025,1,1,1970,25,25,21,1,2009,4,100,,300,1,,1,,13,43,
5,12,105168043,1,1,1955,,,21,12,888,4,1,,100,1,,1,,12,79,
5,12,105168044,1,1,1937,,28,30,1,2009,6,12,,50,1,,1,,12,,
5,12,105168052,1,1,1977,,30,30,12,2009,4,50,,40,1,,1,,11,78,
5,12,105168054,1,1,1980,,27,21,1,2010,4,365,,365,1,,1,,13,78,
5,12,105168082,1,1,1936,,19,30,1,2004,4,1,,,1,,1,,12,82,
5,12,105168088,1,1,1977,,28,21,3,2009,8,52,2009,365,1,,1,,5,35,
5,12,105169038,1,1,1969,,20,21,3,2009,4,100,,150,,,1,,13,78,
5,12,105169038,2,1,1959,,25,21,2,2009,4,100,,150,,,1,,13,78,
5,12,105170007,1,1,1953,,55,21,1,2010,4,5,,,1,,3,1,12,81,
5,12,105170008,1,1,1967,-8,23,21,3,2009,5,12,,,1,,1,,12,78,
5,12,105170010,1,2,1975,,29,21,3,2009,5,100,,,1,,1,,12,83,
5,12,105170036,1,1,1936,,,21,8,2009,6,10,2009,30,1,,1,,13,78,
5,12,105170037,1,1,1975,,27,21,3,2010,4,100,,300,1,,1,,13,64,
5,13,105171008,1,1,1973,,44,,3,888,4,35,,365,1,,1,,13,66,
5,13,105171010,1,1,1957,888,26,44,1,2004,4,0,,0,1,,1,,11,66,
5,13,105171018,1,2,1962,,44,44,3,888,5,12,,200,1,,1,,11,66,
5,13,105171022,1,1,,,,30,1,2008,6,12,,0,1,,1,,12,,
5,14,105173004,1,1,1968,,39,30,12,888,4,200,,12,1,,1,,11,75,
5,14,105173029,1,1,,,,30,1,,6,200,,10,1,,1,,11,75,
5,14,105174008,1,1,1967,,20,30,12,2006,6,12,,25,1,,1,,11,75,
5,14,105174011,1,1,1949,,,30,1,2009,6,40,,,1,,1,,11,75,
5,14,105174054,1,1,1953,,18,30,3,2010,4,1,,100,5,2,1,,12,54,
5,14,105174055,1,1,1949,,30,30,1,2008,6,,,12,1,,1,,,,2
5,15,105175007,1,1,1969,,,15,3,2009,5,12,,20,1,,1,,12,75,
5,15,105175028,1,1,1973,15,34,14,3,2004,5,100,,80,1,,1,,13,77,
5,15,105175070,1,1,1958,36,38,14,1,2009,4,,2005,25,1,,1,,12,,
5,15,105175102,1,1,1967,,42,15,2,888,4,360,,200,1,,1,,13,77,
5,15,105175105,1,1,1961,,47,71,9,,3,300,,30,1,,1,,13,77,
5,15,105176005,1,1,1954,,38,8,2,2005,5,11,,10,1,,1,,13,33,
5,15,105176008,1,1,1953,29,35,15,2,2007,5,3,,50,1,,1,,9,13,
5,15,105177001,1,1,1957,,25,30,1,2010,6,12,,200,1,,1,,11,74,
5,15,105177002,1,1,1964,,15,30,1,2010,6,2,,200,1,,1,,11,74,
5,15,105177009,1,1,1974,,20,30,1,2010,6,4,,200,1,,1,,11,74,
5,15,105177010,2,1,1978,,29,21,1,2010,4,365,,365,1,,1,,12,74,
5,15,105177010,1,1,1979,,21,30,3,2010,4,100,,300,1,,1,,13,75,
5,15,105177011,1,1,1992,15,15,30,1,2010,4,365,,365,1,,1,,13,74,
5,15,105177017,1,1,1942,,,21,1,2009,6,1,,15,1,,1,,11,,
5,15,105177027,1,1,,,,30,1,2010,6,10,,100,1,,1,,12,74,
5,66,105172005,1,1,1959,31,,,3,2009,1,3,,52,1,,1,,5,35,
5,66,105172015,1,1,,,,44,1,2008,4,0,2008,0,1,,1,,11,,
5,66,105172019,1,2,,,,,1,2009,6,300,2009,0,1,,1,,,66,
5,66,105172026,1,1,1971,888,35,44,1,2008,1,1,,0,1,,1,,13,72,
5,67,105149025,1,2,1982,21,21,4,2,2009,4,10,2009,0,1,,1,,11,67,
5,67,105149044,1,1,1981,,28,21,1,2009,4,36,2009,350,1,,1,,13,67,
5,67,105150006,1,2,1969,,19,8,3,2006,5,170,2010,,1,,1,,11,,
5,67,105150055,1,1,1975,,26,8,1,2009,7,170,,60,1,,1,,5,35,
5,67,105151004,1,1,1949,19,39,17,3,2008,5,10,,,1,,1,,13,12,
5,67,105151010,1,1,,,,6,3,2008,5,3,,20,1,,1,,12,71,
5,67,105151011,1,3,,,20,6,3,2008,5,10,,10,1,,1,,13,73,
5,67,105151014,1,1,,,,62,1,2009,4,10,,,1,,1,,7,156,
5,67,105152005,1,1,1954,,25,8,8,2000,5,4,,30,1,,1,,13,74,
5,67,105153050,1,1,1952,,58,6,5,888,3,50,,80,1,,1,,13,,
5,67,105154040,1,1,1978,2,,6,3,2008,5,18,2009,30,1,,1,,5,43,
5,68,105137011,1,1,1976,,29,14,3,2007,,100,,40,1,,1,,11,,
5,69,105134030,1,2,,,,21,6,,5,200,,200,1,,1,,13,,
5,69,105135020,1,1,1970,,35,8,3,888,5,20,2010,30,1,,1,,11,69,
5,70,105136010,1,1,1959,49,36,8,2,2008,6,24,2009,,1,,1,,12,70,
5,70,105136029,1,1,1977,,30,8,1,888,6,54,2010,,1,,1,,11,70,
5,70,105136030,1,1,1961,47,22,8,3,2010,6,162,2010,,1,,1,,11,70,
5,70,105136034,1,1,1974,,32,8,6,888,6,200,2010,,1,,1,,11,70,
5,70,105138009,1,1,,16,16,6,1,2009,4,1,,0,1,,1,,13,70,
5,70,105138023,1,1,1975,23,25,6,3,2009,4,0,,13,1,,1,,13,65,
5,71,105148060,1,3,,,,6,6,1,4,20,,10,1,,1,,12,144,
5,73,105142024,1,1,1975,,28,14,10,2007,20,24,,40,1,,1,,9,13,
5,73,105142037,1,1,1965,,30,6,3,2007,8,60,,25,1,,1,,13,73,
5,80,105143007,1,1,1947,,28,4,3,2,4,25,,0,1,,1,,13,80,
5,80,105144007,1,3,1984,23,23,8,2,2008,9,20,,3,1,,1,,12,80,
5,80,105144019,1,1,1951,,35,5,8,1999,5,,,0,1,,1,,4,79,
5,80,105144059,1,1,1958,22,26,4,6,1994,7,0,1994,0,1,,1,,,,1
5,80,105144068,1,4,1984,22,22,4,6,2009,4,1,,0,1,,1,,5,36,
5,80,105144068,2,3,1959,21,25,14,5,888,3,2,,0,1,,1,,1,102,
5,80,105144093,1,1,1960,,37,8,3,2009,4,10,2009,20,1,,1,,,,7
5,80,105145014,1,1,1973,22,22,14,3,2009,5,3,,13,1,,1,,12,25,
5,80,105145031,1,2,1969,,,6,2,2008,6,2,,2,1,,1,,11,80,
5,80,105146005,1,1,1944,27,27,4,4,2009,4,0,2009,0,1,,1,,12,64,
5,80,105146007,1,4,1986,888,21,22,3,2009,1,10,,10,1,,1,,5,35,
5,80,105146033,1,2,1983,888,22,44,3,2008,4,3,,10,1,,1,,1,102,
5,82,105139001,1,1,1963,,23,30,3,1997,1,2,,13,1,,1,,4,62,
5,82,105139051,1,1,,,,15,5,2009,5,10,,3,1,,1,,5,35,
5,82,105140001,1,2,1965,,29,21,3,2009,6,13,,0,1,,1,,11,82,
5,82,105140002,1,1,1940,,59,21,3,2000,6,0,,0,1,,1,,4,,
5,109,108296010,1,1,1959,21,21,63,1,2008,9,365,,,1,,1,,12,146,
6,1,106178015,1,1,,,,,10,,,,,,,,,,,,
6,1,106178055,1,1,1985,24,24,8,3,2008,6,10,2009,,1,,1,,12,94,
6,1,106178069,1,1,,,,30,2,1994,6,3,2009,20,1,,1,,12,,
6,1,106178071,1,3,,,,10,3,2007,5,,2007,2,1,,1,,1,102,
6,1,106178071,2,1,1969,32,38,91,3,2007,11,,2007,2,1,,1,,,,8
6,1,106178103,1,1,,18,20,3,3,2009,5,7,2009,3,1,,1,,1,89,
6,1,106181005,1,1,1969,24,24,52,1,2006,6,2,2009,3,1,,1,,7,9,
6,1,106181008,1,1,,23,25,,1,2009,6,4,2009,0,1,,1,,11,94,
6,1,106181032,1,3,1996,20,19,8,1,2009,,,2009,6,1,,1,,1,102,
6,1,106183006,1,1,1950,24,24,8,3,2007,6,,,,1,,1,,11,,
6,1,106183007,1,1,,36,36,8,1,888,6,3,2009,0,1,,1,,11,95,
6,1,106183007,2,1,,20,44,8,1,2006,6,3,2009,0,1,,1,,12,,
6,1,106183034,1,1,,888,,10,3,888,4,1,2009,0,1,,1,,12,4,
6,1,106183065,1,2,27,,17,8,3,2008,5,3,2009,4,1,,1,,1,102,
6,1,106217063,1,1,1957,,35,8,3,2006,4,3,,104,1,,1,,5,35,
6,10,106202005,1,2,1973,,,92,11,2004,1,,2005,2,1,,1,,5,35,
6,10,106202012,1,1,1973,,,8,3,888,4,15,,10,1,,1,,12,96,
6,10,106203002,1,1,1984,21,,8,8,888,1,50,,100,1,,1,,1,102,
6,10,106203028,1,1,1949,,,8,3,888,1,10,,15,1,,1,,1,102,
6,10,106204029,1,1,1967,28,,8,6,2006,1,5,,25,1,,1,,13,102,
6,10,106204032,1,1,1956,,,8,3,1994,1,0,2007,10,1,,1,,,,25
6,10,106204056,1,1,,,,,6,888,4,96,,150,1,,1,,12,102,
6,10,106211019,1,1,1983,,18,8,3,2008,9,50,2009,100,1,,1,,5,35,
6,10,106213005,1,1,1959,,35,,1,2002,7,30,,20,1,,1,,1,102,
6,10,106213008,1,1,1975,,27,30,6,888,4,30,,50,1,,1,,1,102,
6,10,106215021,1,1,1979,,25,8,2,888,5,94,,120,1,,1,,1,102,
6,10,106215049,1,1,1949,,50,8,1,888,4,51,,43,1,,1,,1,102,
6,10,106215050,1,1,1981,888,26,8,10,888,4,,,25,1,,1,,1,102,
6,10,106216010,1,1,1965,888,,8,3,888,5,30,,21,1,,1,,1,102,
6,10,106216013,1,1,1934,,,8,8,888,1,22,,16,1,,1,,1,102,
6,10,106216032,1,3,1969,2,29,8,3,888,4,30,,25,1,,1,,1,102,
6,10,106219031,1,1,,,65,,1,888,13,250,,24,1,,1,,1,102,
6,10,106219049,1,2,1972,15,25,8,3,2007,4,15,,100,1,,1,,1,102,
6,10,106219053,1,1,1952,18,22,8,3,1999,9,12,,12,1,,1,,1,102,
6,10,106219126,1,1,1961,,25,8,3,1987,11,300,,,1,,1,,1,102,
6,11,106223072,1,1,,888,,8,12,888,5,2,,,1,,1,,13,,
6,12,106225020,1,1,1934,68,,91,1,2002,5,52,,40,1,,1,,12,111,
6,16,106234001,1,1,1964,,30,8,10,2008,1,3,,15,1,,1,,,,
6,16,106234007,1,1,1942,,,8,1,2009,6,31,,45,1,,1,,12,106,
6,16,106234035,1,1,1967,,,8,3,,4,15,,55,1,,1,,12,102,
6,16,106234035,2,1,1974,,,8,1,,4,29,,35,1,,1,,12,106,
6,16,106234042,1,1,1950,,23,8,9,2009,6,15,,25,1,,1,,12,106,
6,16,106234053,1,1,1962,,,8,3,2009,4,10,,12,1,,1,,11,106,
6,16,106235143,1,1,,888,23,8,2,888,4,350,2009,100,1,,1,,12,106,
6,16,106235149,1,1,1955,19,20,8,3,888,4,4,2009,20,1,,1,,1,102,
6,16,106235149,2,1,1962,23,23,8,3,888,6,330,2009,150,1,,1,,12,106,
6,16,106235158,2,1,,,30,8,3,888,4,300,2009,,1,,1,,12,106,
6,16,106235158,1,1,,18,19,8,1,2001,4,320,2009,,1,,1,,12,106,
6,16,106235159,1,1,,20,19,8,1,888,6,100,,,1,,1,,12,106,
6,16,106236029,1,1,1954,20,20,57,1,2009,4,10,,50,1,,1,2,13,106,
6,16,106236038,1,1,1981,888,19,10,3,888,5,4,,7,1,,1,,13,,
6,16,106236052,1,1,1967,,38,10,1,888,4,52,,22,1,,1,,11,106,
6,16,106236062,1,1,1974,,32,8,1,888,6,28,,0,1,,1,,4,,
6,16,106236064,1,1,1962,,27,8,3,888,4,20,,35,1,,1,,13,106,
6,84,106193028,1,1,1967,,,8,1,2000,5,1,,1,1,,1,,1,102,
6,84,106193028,2,2,1940,,,14,12,2005,4,1,,1,1,,1,,12,,
6,84,106193038,1,1,,,24,8,4,2004,4,48,2009,240,1,,1,,5,,
6,84,106193059,1,1,,35,35,8,10,888,1,15,,105,1,,1,,1,102,
6,84,106193060,1,1,1981,,26,8,3,2007,4,,,4,1,,1,,12,51,
6,84,106193062,1,1,1940,,68,8,3,888,15,250,,,1,,1,,11,,
6,84,106193122,1,1,1981,,29,8,6,2009,11,1,,1,1,,1,,11,84,
6,86,106220024,1,1,1990,888,20,8,3,888,4,14,,20,1,,1,,11,86,
6,86,106220033,1,1,1940,23,23,8,3,888,3,25,,29,1,,1,,11,86,
6,86,106220034,1,1,1954,,54,8,1,888,6,79,,,1,,1,,12,103,
6,86,106220052,1,1,1970,24,24,8,3,24,6,200,,,1,,1,,11,86,
6,86,106220054,1,1,1939,31,31,8,8,888,1,34,,,1,,1,,11,86,
6,86,106220075,1,1,1974,25,34,8,3,888,5,49,,,1,,1,,11,86,
6,86,106224004,1,1,1974,,26,8,2,2009,6,365,,0,1,,1,,12,86,
6,86,106224014,1,1,1976,,20,8,3,2009,1,365,,0,1,,1,,11,86,
6,86,106224027,1,1,1984,22,24,8,3,2009,4,52,,365,1,,1,,13,86,
6,86,106224037,1,1,1954,20,51,72,3,888,6,365,,0,1,,1,,11,86,
6,86,106224038,1,1,1939,,60,8,3,888,6,365,,52,1,,1,,11,86,
6,88,106238005,1,1,70,,,8,1,888,7,360,,100,1,,1,,11,88,
6,88,106238016,1,1,1977,,32,22,3,888,6,0,2008,0,1,,1,,,,2
6,88,106238038,1,1,1970,,,10,6,888,6,10,,40,1,,1,,13,116,
6,89,106187018,1,1,1975,,27,21,3,2009,5,1,2010,2,1,,1,,12,80,
6,89,106188002,1,1,1982,20,20,8,1,2010,6,5,2009,4,1,,1,,12,84,
6,89,106188004,1,1,1950,,25,8,8,1985,5,1,,,1,,1,,12,89,
6,89,106188021,1,1,1952,,15,8,3,1995,5,1,2009,3,1,,1,,12,103,
6,89,106188028,1,1,,,,8,1,2000,6,5,,,1,,1,,12,89,
6,89,106191020,1,1,,,,8,6,2009,1,3,2009,,1,,1,,12,59,
6,89,106191030,1,1,1964,,32,8,2,1990,4,1,2010,,1,,1,,12,33,
6,89,106191033,1,1,1948,,26,8,3,2000,6,,2010,,1,,1,,,,
6,89,106191050,1,1,1943,18,33,8,3,,,,,,1,,1,,11,,
6,89,106192006,1,1,1940,,26,8,3,2000,6,,,2,1,,1,,13,89,
6,89,106192010,1,1,,,25,8,3,1991,1,0,,,1,,1,,1,102,
6,91,106185012,1,1,1962,,27,8,3,1999,6,,,0,1,,1,,12,12,
6,91,106185012,2,1,1962,,30,8,2,2003,6,,,0,1,,1,,12,91,
6,91,106185013,1,2,1950,,30,8,6,1984,5,0,,0,1,,1,,12,91,
6,91,106185036,1,1,1968,,23,4,1,888,6,54,,0,1,,1,,11,91,
6,92,106195232,1,1,,,,14,2,2006,11,7,,25,1,,1,,12,103,
6,92,106196011,1,1,1964,39,39,8,3,2005,6,100,,120,1,,1,,12,92,
6,92,106196017,1,1,,,,8,10,2009,7,4,,24,1,,1,,5,35,
6,92,106196022,1,1,,2,2,8,3,2007,6,,,,1,,1,,,,
6,92,106196023,1,1,,,29,8,1,2006,6,,,,1,,1,,,,
6,92,106196029,1,1,,2,2,8,3,2005,6,,,,1,,1,,,,
6,93,106194007,1,1,1960,,22,30,1,1991,6,4,,0,1,,1,,12,93,
6,93,106194018,1,1,1956,,20,4,3,1978,5,2,,0,1,,1,,,,1
6,93,106194021,1,1,,,,30,2,1995,4,,,,1,,1,,12,,
6,93,106194021,2,2,1965,,,5,3,,4,,,,1,,1,,12,16,
6,93,106194043,1,1,1965,,18,21,2,1992,6,4,,0,1,,1,,12,80,
6,93,106194069,1,1,1968,,41,4,3,2009,5,3,,2,1,,1,,5,35,
6,93,106194069,2,1,1964,,30,4,3,2009,6,4,,2,1,,1,,12,64,
6,94,106179056,1,1,,20,25,,3,2002,6,,,,5,2,1,2,1,102,
6,94,106179080,1,1,,,26,10,1,2008,6,1,2008,10,1,,1,,12,118,
6,94,106179120,1,1,,,23,8,2,2009,5,3,2009,3,1,,1,,1,102,
6,94,106179127,1,1,1987,18,18,8,3,1994,5,2,,,1,,1,,12,,
6,94,106180002,1,1,1966,,25,8,3,1992,6,3,2008,,1,,1,,12,91,
6,94,106180004,1,1,33,,18,8,1,2005,6,5,2009,,1,,1,,12,94,
6,94,106180018,2,1,1934,,,8,1,1974,6,,,,1,,1,,1,102,
6,94,106180018,1,1,1944,,,8,1,2009,6,1,2009,1,1,,1,,1,102,
6,94,106180023,1,1,1992,,2,70,1,2008,6,,,3,1,,1,,12,156,
6,95,106182026,1,1,1962,,19,8,3,2010,5,10,2010,5,1,,1,,12,127,
6,95,106182042,1,1,,,,8,3,888,6,300,,0,1,,1,,11,,
6,95,106182047,1,1,1965,,20,8,3,1979,6,3,,,1,,1,,11,95,
6,95,106182047,2,2,1961,,26,6,3,1980,5,0,,,1,,1,,12,64,
6,95,106182095,1,1,1978,,27,8,6,2008,6,25,,45,1,,1,,1,102,
6,95,106184071,1,1,1970,,38,30,3,2009,5,10,,4,1,,1,,12,95,
6,95,106184093,1,1,1,,,8,1,888,5,100,,200,1,,1,,12,95,
6,95,106184102,1,1,,,,8,1,2000,6,,,,1,,1,,1,102,
6,95,106184104,1,1,1978,,20,8,3,2008,5,4,,5,1,,1,,12,88,
6,95,106184107,1,1,1940,,46,8,3,2010,5,30,2010,3,1,,1,,11,95,
6,96,106199003,1,1,,,,8,2,888,6,0,2009,20,1,,1,,12,96,
6,96,106199005,1,1,1969,,,70,2,2007,6,0,2008,20,1,,1,,12,96,
6,96,106199014,1,1,1961,23,23,8,3,2002,6,52,,365,1,,1,,1,102,
6,96,106199015,1,1,1979,,25,92,12,2009,6,1,,0,1,,1,,,2,
6,96,106199016,1,1,1960,,,8,3,2008,4,300,,0,1,,1,,12,100,
6,96,106199019,1,1,1964,23,25,8,3,1999,6,8,,50,1,,1,,12,96,
6,96,106199030,1,1,,,,53,1,888,6,0,2008,10,1,,1,,12,,
6,97,106189062,1,1,1900,,12,8,1,2009,13,1,,1,1,,5,1,1,102,
6,97,106189072,1,1,1963,21,21,8,3,888,5,250,,130,1,,1,,11,,
6,97,106189080,1,1,1976,,25,8,1,2005,5,1,,1,1,,1,,1,102,
6,98,106190001,1,1,1969,,,8,2,1989,4,300,2009,,1,,1,,,98,
6,98,106190002,1,1,1964,,,8,1,1992,6,3,,,1,,1,,12,98,
6,98,106190005,1,1,1950,,,8,3,888,4,12,,2,1,,1,,13,81,
6,98,106190014,1,1,1957,,23,8,2,1998,5,30,,2,1,,1,,11,98,
6,98,106190021,1,1,,,21,8,2,1990,4,,,1,1,,1,,12,89,
6,98,106190023,2,1,,,,8,3,,5,,,,1,,1,,5,35,
6,98,106190023,1,1,,,,8,3,,6,,,,1,,1,,12,4,
6,98,106190035,1,1,1980,23,24,14,3,2003,4,4,,20,1,,1,,13,90,
6,98,106190043,1,1,1988,16,16,8,3,2008,6,2,,4,1,,1,,12,98,
6,99,106200025,1,1,1959,,,8,3,888,1,3,,200,1,,1,,11,99,
6,99,106200039,1,1,1984,,,8,3,2005,4,20,,,1,,1,,12,102,
6,99,106200057,1,1,1958,,21,8,3,,6,365,,,1,,1,,11,,
6,99,106200065,1,1,,,,69,3,2009,6,30,,,1,,1,,8,169,
6,99,106206008,1,1,1983,,,8,6,2008,5,70,,365,1,,1,,1,102,
6,99,106206014,1,1,1947,,21,8,3,2001,1,365,,0,4,2,5,1,11,99,
6,99,106206023,1,1,1974,,22,8,3,2009,6,365,,0,1,,1,,11,99,
6,99,106206026,1,1,1981,,22,8,3,888,5,5,,50,1,,1,,1,102,
6,99,106206031,1,1,1931,,23,8,1,2000,6,200,,0,1,,1,,11,,
6,99,106206040,1,1,1964,,21,8,2,2009,6,365,,50,1,,1,,11,,
6,99,106231005,1,1,1974,888,23,8,3,888,5,2,,10,1,,1,,13,112,
6,99,106231026,1,1,1942,,,8,1,888,6,20,,,1,,1,,11,99,
6,100,106197008,1,1,1987,888,21,8,3,888,11,200,,0,1,,1,,11,100,
6,100,106197022,1,1,1989,19,19,8,3,2009,11,365,,20,1,,1,,12,100,
6,100,106198029,1,1,,,,8,3,2005,1,52,,300,1,,3,1,13,102,
6,100,106198096,1,1,,,,8,3,2009,6,200,,250,1,,1,,11,100,
6,100,106198117,1,1,1976,,,8,3,888,4,45,,150,1,,1,,12,104,
6,100,106198154,1,1,,,,8,3,2008,5,300,,0,1,,1,,11,100,
6,102,106201003,1,1,1978,,26,4,6,2008,5,4,,300,1,,1,,5,35,
6,102,106201005,1,1,1969,,,52,1,2000,4,300,,350,1,,1,,11,102,
6,102,106201006,1,1,1979,,,14,6,2008,4,10,,350,1,,1,,3,26,
6,102,106201010,1,1,1965,,29,8,3,2006,4,10,,200,1,,1,,13,102,
6,102,106201023,1,1,1982,,22,52,1,2009,4,,2009,3,1,,1,,12,,
6,102,106205005,1,1,1974,,32,8,12,2008,7,50,,365,1,,1,,1,102,
6,102,106205009,1,1,1962,,44,8,9,,1,52,,365,1,,1,,1,,
6,102,106205025,1,1,1974,,27,8,3,2001,4,52,,365,1,,1,,13,,
6,102,106205036,1,1,1970,,26,8,6,2007,5,5,,50,1,,1,,13,,
6,102,106207033,1,1,,,30,8,3,2007,4,0,2007,300,1,,1,,,,25
6,102,106207054,1,1,,,,8,3,2008,4,50,,100,1,,1,,13,102,
6,102,106208007,1,1,1947,62,25,10,5,2009,5,1,,20,1,,2,,,,22
6,102,106208031,1,1,1953,,53,8,,2009,3,30,,25,1,,1,1,13,104,
6,102,106208059,1,1,1950,,59,8,3,2009,5,1,,50,1,,1,,,,23
6,102,106209042,1,1,1963,33,31,8,10,1996,1,1,,750,1,,1,,,,22
6,102,106210003,1,1,1992,888,,91,3,888,13,0,,360,1,,1,,11,102,
6,102,106210015,1,1,1959,,,14,3,2004,4,300,,250,1,,1,,11,102,
6,102,106210086,1,1,1993,888,,63,2,888,4,5,,0,1,,1,,11,102,
6,102,106210120,1,1,1960,,30,18,3,2002,1,0,2002,50,1,,1,,,,19
6,102,106212012,1,1,1955,,25,8,10,1994,12,3,,200,1,,1,,,,22
6,102,106212019,1,1,1987,888,,30,6,888,4,24,,364,1,,1,,11,102,
6,102,106212022,1,1,1979,18,20,8,6,2008,4,24,,364,1,,1,,13,104,
6,102,106214017,1,1,1952,,51,8,8,2005,1,2,,20,1,,1,,,,22
6,102,106214020,1,1,1967,,,8,3,888,4,20,,30,1,,1,,1,102,
6,102,106214021,1,1,1938,,23,57,7,888,6,,,20,5,2,1,2,8,166,
6,102,106214035,1,1,1945,,,8,3,888,1,10,2009,10,1,,1,,1,102,
6,103,106221087,1,1,1977,30,30,14,6,888,1,25,,35,1,,1,,13,103,
6,103,106222018,1,1,1974,20,26,8,10,888,7,300,,10,1,,1,,11,103,
6,103,106222021,1,1,1979,,26,6,6,888,5,300,,250,1,,1,,11,103,
6,103,106222024,1,2,1978,20,24,8,6,888,7,52,,,1,,1,,11,103,
6,103,106222026,1,1,1984,888,15,8,2,888,4,365,,365,1,,1,,11,103,
6,103,106222027,1,1,1974,22,22,8,3,2007,4,4,,144,1,,1,,13,106,
6,103,106222041,1,1,1980,20,16,8,1,888,4,300,,200,1,,1,,11,103,
6,103,106222057,1,1,,,,8,3,888,4,365,,52,1,,1,,11,103,
6,106,106237044,1,1,1963,,38,8,6,2005,2,,2008,40,1,,1,,,,25
6,106,106237053,1,1,1953,,33,8,3,888,4,40,,71,1,,1,,11,106,
6,106,106237064,1,1,1949,,1,8,2,888,4,10,,25,1,,1,,1,102,
6,106,106237071,1,1,,19,19,8,1,888,6,300,,,1,,1,,13,106,
6,108,106229007,1,1,,888,,64,1,2004,6,0,2004,0,1,,1,,13,154,
6,108,106229011,1,1,1985,888,18,50,6,888,13,91,,0,1,,1,,12,109,
6,108,106230014,1,1,,888,16,65,1,2009,6,0,2007,120,1,,1,,13,159,
6,109,106228011,1,1,1975,20,20,62,1,2005,4,40,,0,1,,1,,12,141,
6,109,106228050,1,1,35,,15,10,2,2006,4,3,,0,1,,1,,13,115,
6,109,106232062,1,1,1978,25,27,52,1,2009,4,12,,4,1,,1,,7,156,
6,109,106232076,1,3,34,18,,8,1,888,6,40,,,1,,1,,11,,
6,109,106232081,1,3,27,,19,8,3,2000,6,300,,,1,,1,,11,111,
6,109,106232091,1,1,1980,25,26,8,1,888,4,300,,,1,,1,,11,109,
6,109,106233002,1,1,1959,,20,8,2,1999,6,12,,52,1,,1,,12,109,
6,109,106233008,1,1,1984,888,23,8,3,888,4,12,,52,1,,1,,11,109,
6,109,106233035,1,1,1940,30,30,8,1,2005,5,25,,0,1,,1,,11,109,
6,109,106233080,1,1,1950,,29,8,3,2009,4,20,,100,1,,1,,5,35,
6,110,106227039,1,1,1970,,29,4,5,2009,2,52,,365,5,2,1,,1,102,
6,110,106227109,1,1,1954,,27,8,3,2009,4,24,,180,1,,1,,13,110,
6,111,106226005,1,1,1955,,9,8,3,888,5,10,,100,1,,1,,5,35,
6,111,106226011,1,1,1950,,20,8,8,888,5,200,,,1,,1,,11,111,
6,111,106226011,2,1,1954,,23,8,3,888,6,200,,,1,,1,,11,111,
6,111,106226044,1,1,1979,18,14,8,1,2007,4,100,,,1,,1,,13,111,
6,111,106226102,1,1,1978,,17,8,1,2006,5,100,,,1,,1,,11,111,
7,8,107258030,1,1,1974,,,10,1,2007,4,4,,30,1,,1,,13,133,
7,8,107260018,1,1,1963,,22,0,3,1989,4,10,2007,15,1,,1,,1,102,
7,8,107260038,1,1,1962,,20,0,1,888,6,10,,30,1,,1,2,12,130,
7,8,107260048,1,1,1963,,,,1,2009,6,40,,30,1,,1,,13,133,
7,8,107261024,1,1,1974,,23,10,6,888,6,365,,,1,,1,,1,129,
7,8,107261035,1,1,1977,,22,10,1,888,9,365,,0,1,,1,,11,129,
7,8,107261065,1,1,,,15,10,1,888,6,365,,,1,,1,,11,129,
7,112,107239022,1,1,1913,,,30,1,2004,6,,,10,1,,3,2,13,15,
7,112,107239027,1,1,1973,20,20,15,1,2007,6,5,,10,5,2,1,,12,12,
7,112,107240006,1,1,1947,,33,8,2,888,6,150,,10,1,,3,1,11,112,
7,112,107240021,1,1,1981,,,8,2,2007,6,340,,0,1,,1,,11,112,
7,112,107241009,1,1,1968,,,10,1,888,6,40,2009,50,1,,1,,13,116,
7,112,107241035,1,1,1968,,26,90,1,2009,6,5,,10,1,,1,,13,,
7,112,107242019,1,1,1969,,,8,2,2007,5,3,,,1,,1,,13,112,
7,112,107242040,1,1,28,18,18,64,1,2009,6,5,,,1,,1,,13,121,
7,112,107244014,1,1,1961,21,48,8,2,888,6,300,,,1,,1,,13,112,
7,112,107244038,1,1,1984,23,20,2,1,888,5,340,,200,1,,1,,13,112,
7,112,107244045,1,1,,,40,8,1,888,6,320,,,1,,1,,13,112,
7,112,107244079,1,1,1944,,16,14,1,1999,4,,2007,,1,,1,,1,102,
7,112,107244093,1,1,,18,25,8,1,2007,4,,2008,,1,,1,,12,112,
7,112,107246009,1,1,1965,,,2,8,888,1,20,,45,1,,7,1,11,112,
7,112,107246053,1,1,1962,,,8,1,888,6,65,,30,1,,1,,11,112,
7,113,107245009,2,1,1954,,20,81,1,888,4,5,,12,1,,1,,1,102,
7,113,107245009,3,1,1969,,30,82,1,888,4,8,,5,1,,1,,13,133,
7,113,107245009,1,1,1959,,19,91,1,888,4,20,,5,1,,1,,13,133,
7,113,107245013,1,1,1983,,18,91,2,2009,4,3,,20,1,,1,,1,102,
7,113,107245014,1,1,1982,,19,8,3,2009,4,15,,50,1,,1,,1,102,
7,113,107245018,1,1,1972,,29,8,1,888,6,5,,0,1,,1,,13,87,
7,113,107245021,1,1,1979,,26,8,3,2008,1,,2009,5,1,,1,,13,113,
7,113,107245030,1,1,1979,,,14,4,2009,1,2,,50,1,,1,,13,52,
7,113,107245032,1,1,1989,,,2,1,888,9,200,,10,1,,1,,13,113,
7,114,107247008,1,1,1948,27,27,4,1,2004,5,,,,1,,1,,13,4,
7,114,107247020,1,1,,,31,2,1,2002,5,302,,,1,,1,,2,127,
7,114,107247036,1,1,1969,17,22,8,1,888,4,3,,,1,,1,,1,102,
7,114,107247048,1,1,1969,19,19,2,1,2004,4,4,,,1,,1,,13,114,
7,114,107247059,1,1,1974,23,27,8,1,,5,300,,300,1,,1,,13,114,
7,114,107248006,1,1,1972,,,8,1,888,6,30,,10,1,,1,,12,114,
7,114,107248034,1,1,1955,,,63,1,888,4,30,,10,1,,1,,11,114,
7,115,107268002,1,1,20,,,90,3,888,9,0,,6,1,,1,,5,35,
7,115,107268008,1,1,,,,91,3,2004,3,3,,0,1,,1,,12,115,
7,115,107268086,1,1,,,,81,3,2010,5,52,,200,1,,1,,11,115,
7,117,107253002,1,1,,888,,10,6,2010,9,3,,50,1,,1,,12,117,
7,117,107253009,1,1,1952,44,,10,2,1994,4,,,,1,,1,,,,1
7,117,107253035,1,1,1966,,,10,3,2009,6,12,,,1,,1,,12,117,
7,117,107253047,1,1,1977,,18,10,6,888,6,52,,,1,,1,,11,117,
7,119,107256005,1,1,,81,,10,3,2007,6,,,,1,,1,,11,119,
7,119,107256018,1,1,1971,,27,30,9,2007,12,,2007,182,1,,1,,,,24
7,119,107256040,1,1,1966,,26,8,5,2002,4,,,100,1,,1,,,,22
7,120,107254013,1,1,,,,10,1,888,6,,,,1,,1,,11,120,
7,120,107254013,2,2,,888,,10,1,888,6,20,,,1,,1,,11,120,
7,120,107254016,1,1,1988,,18,10,6,2009,10,60,2010,300,1,,1,,13,120,
7,120,107254027,1,1,,,,10,12,2009,6,200,2009,,1,,1,,12,,
7,120,107254031,1,1,,,20,10,12,888,6,10,,,1,,1,,12,120,
7,120,107254034,1,1,1971,,29,10,3,2006,6,20,,,1,,1,,13,117,
7,120,107255031,1,1,1958,26,26,10,1,888,6,365,,,1,,1,,11,120,
7,120,107255034,1,1,1930,,,10,1,2007,6,100,2009,,1,,1,,11,120,
7,120,107255053,1,1,1981,888,,10,1,888,5,365,,365,1,,1,,12,120,
7,120,107255065,1,1,,,,10,3,,6,300,2010,,1,,1,,11,120,
7,120,107255069,1,1,1975,22,22,10,3,2001,6,365,,,1,,1,,11,120,
7,120,107257002,1,1,,,,10,1,888,6,10,2010,,1,,1,,11,120,
7,120,107257008,1,1,,,,10,3,888,6,200,2010,,1,,1,,11,120,
7,120,107257023,1,1,1986,,18,10,1,888,6,,,,1,,1,,11,120,
7,120,107257023,2,1,1982,,22,10,1,888,6,,,,1,,1,,11,120,
7,120,107257029,1,1,1968,26,30,21,3,2008,1,,,12,1,,1,,13,116,
7,120,107257037,1,1,,,,10,1,888,6,5,2010,,1,,1,,11,120,
7,120,107257041,1,8,,,,10,1,888,6,6,,,1,,1,,13,120,
7,121,107265004,1,1,,,,73,1,1975,4,,2005,50,1,,1,,5,35,
7,121,107265004,2,1,,,,73,1,1975,4,,2005,50,1,,1,,5,35,
7,121,107265013,1,1,1939,,,62,1,1999,4,,2006,,1,,1,,13,137,
7,122,107266005,1,1,39,38,,8,3,2009,6,,2009,20,1,,1,,,,15
7,122,107266009,1,1,1,,,70,1,2003,12,,,3,1,,1,,12,121,
7,122,107266021,1,1,1962,,22,10,7,2003,12,,,200,1,,1,,,,22
7,122,107266025,1,1,1979,,21,10,3,2006,12,,2006,52,1,,1,,,,15
7,122,107267001,1,1,1968,21,21,10,3,2009,9,4,,10,1,,1,,1,102,
7,122,107267002,1,1,1947,8,14,10,2,8,6,360,,0,1,,1,,11,122,
7,122,107267023,1,1,1980,,27,8,12,2009,5,4,,20,1,,1,,12,87,
7,124,107263002,1,1,1966,,,10,1,888,5,60,2009,50,1,,1,,12,124,
7,124,107263006,1,1,1966,,,10,1,888,5,40,,50,1,,1,,12,124,
7,124,107264008,1,1,1954,,,10,1,888,6,50,,50,1,,1,,11,124,
7,124,107264009,1,1,,,69,10,1,888,6,100,2009,,1,,1,,11,124,
7,124,107264034,1,1,1947,18,23,10,8,2009,1,80,,100,1,,1,,11,124,
7,125,107269014,1,1,,,,30,1,2010,4,,,,1,,1,,12,125,
7,125,107269022,1,1,1963,,19,,1,2008,4,4,,10,1,,1,,13,125,
7,125,107269041,1,1,,,,53,1,2010,4,365,,,1,,1,,5,35,
7,125,107270013,1,1,,,,64,3,,3,10,,50,1,,1,,12,73,
7,125,107270019,1,1,1978,,28,91,1,,4,200,,,1,,1,,11,125,
7,125,107270029,1,1,,,,63,8,2010,5,15,2010,100,1,,1,,1,102,
7,125,107270030,2,1,,,,51,1,2000,4,3,,52,1,,1,,1,102,
7,125,107270030,1,1,,,,91,1,2010,4,365,,70,1,,1,,11,125,
7,125,107270034,1,1,,,,91,1,888,4,365,,,1,,1,,11,125,
7,125,107270037,1,1,,,,91,1,2000,5,12,,52,1,,1,,1,102,
7,126,107271017,1,1,,,,40,1,1987,6,,,,1,,1,,,,
7,126,107272001,1,1,,,45,40,1,888,6,50,2010,0,1,,1,,13,126,
7,126,107272008,1,1,1984,,18,30,2,2010,4,,,,1,,1,,13,,
7,126,107272013,1,1,1955,,,30,1,2008,4,0,2007,52,1,,1,,12,,
7,126,107272018,1,1,,,,10,2,888,6,365,,0,1,,1,,11,126,
7,127,107250016,1,1,1977,,28,10,3,888,6,,2008,50,1,,1,,,,24
7,127,107251036,1,1,1952,,28,10,3,888,5,31,,15,1,,1,,12,127,
7,128,107252008,1,1,,,,10,3,888,9,25,,50,1,,1,,13,128,
7,128,107252023,1,1,1940,,19,10,1,2009,5,80,,50,1,,1,,2,127,
7,128,107252026,1,1,1985,888,24,10,3,888,6,320,,,1,,1,,12,128,
7,128,107252032,1,1,1955,,,,1,2007,6,58,,70,1,,1,,13,128,
7,128,107252036,1,1,1982,,27,71,1,888,6,150,,,1,,1,,12,128,
7,130,107249008,1,1,1948,,53,8,6,,7,6,,20,1,,1,,1,102,
7,130,107249011,2,1,1985,,22,81,6,888,1,120,,45,1,,1,,13,130,
7,130,107249011,1,1,1976,,25,8,6,888,4,100,,40,1,,1,,13,130,
7,130,107249021,1,2,1962,888,24,8,3,888,5,46,,15,1,,1,,11,130,
7,130,107249029,1,1,1983,,20,10,6,888,1,120,,40,1,,1,,11,130,
7,130,107249061,1,1,1986,888,21,8,1,888,13,300,,,1,,1,,13,130,
7,132,107262001,1,1,1974,,20,30,6,2008,4,1,,50,1,,1,,13,132,
7,132,107262008,1,1,1952,,19,73,1,1999,6,0,2006,0,1,,1,,12,167,
7,132,107262008,2,1,1954,,17,73,1,1999,6,0,2006,0,1,,1,,12,167,
7,132,107262016,1,1,1976,,18,,1,2008,9,2,,7,1,,1,,13,132,
7,132,107262017,2,1,1964,,24,73,1,2006,4,0,2006,6,1,,1,,13,167,
7,132,107262017,1,1,1960,,19,73,1,2004,4,0,2004,6,1,,1,,13,167,
7,133,107259006,1,1,,18,18,62,1,2006,4,1,,0,1,,1,,12,163,
7,133,107259006,2,1,,18,18,62,1,2006,4,1,,0,1,,1,,12,163,
8,9,108297042,1,5,,888,21,63,1,2008,6,25,,,1,,1,,11,9,
8,9,108297052,1,1,1975,2,2,63,1,2008,6,1,,,1,,1,,12,146,
8,10,108299092,1,1,1969,,24,62,10,2009,3,1,2009,25,1,,1,,,,35
8,10,108301004,1,3,1939,22,22,63,1,2008,6,70,,,1,,1,,6,148,
8,10,108301014,1,1,1964,12,23,63,1,18,11,100,,10,1,,1,,6,148,
8,10,108303002,1,1,1979,16,16,63,11,2005,4,6,,20,1,,1,,1,102,
8,10,108303021,1,1,1960,35,18,63,1,1991,8,17,,0,1,,1,,11,148,
8,10,108304041,1,1,1967,21,21,63,1,2008,6,32,,5,1,,1,,12,148,
8,10,108304044,1,1,1987,18,18,63,10,2007,1,10,,20,1,,1,,6,148,
8,10,108305003,1,7,,,,63,1,1998,4,18,,30,1,,1,,6,148,
8,10,108305060,1,1,1956,,30,65,10,2009,1,2,,100,1,,1,,,,37
8,135,108310004,1,1,1967,,15,51,1,2010,4,150,,360,1,,1,,13,135,
8,135,108310005,1,1,1965,888,20,51,1,2009,6,,2009,,1,,1,,12,101,
8,135,108310071,1,1,1970,29,29,51,2,2010,4,300,2010,,1,,1,,11,135,
8,135,108311004,1,1,1972,,,8,3,2009,4,200,,52,1,,1,,11,135,
8,135,108311033,1,1,,,65,51,1,888,5,365,,,1,,1,,11,135,
8,135,108311035,1,1,1980,,25,51,4,2009,6,,,100,1,,1,,2,127,
8,135,108311036,1,1,,,,51,1,2000,6,365,,,1,,1,,13,135,
8,135,108311036,2,2,,,,51,8,2007,1,,2008,100,1,,1,,12,139,
8,137,108286012,1,1,1983,19,19,11,1,2010,9,,,6,1,,1,,12,49,
8,137,108286015,1,1,1976,21,21,11,1,2009,6,140,,,1,,1,,12,137,
8,137,108287028,1,1,1970,18,19,22,1,2009,6,2,,,1,,1,,13,137,
8,140,108291008,1,1,,888,19,63,1,2009,6,1,,2,1,,1,,12,136,
8,140,108291017,1,1,1988,20,19,63,1,2007,8,1,,,1,,1,,12,146,
8,140,108291036,1,1,1982,22,23,63,1,2006,6,5,,,1,,1,,12,141,
8,140,108291040,1,1,1984,24,24,63,1,2008,1,4,,2,1,,1,,1,102,
8,140,108292012,1,1,1963,19,19,53,1,2008,9,30,,0,1,,1,,12,140,
8,140,108293014,1,3,,,21,53,1,2002,6,30,,0,1,,1,,11,140,
8,141,108294002,1,1,,,,63,1,2009,6,,2009,,1,,1,,12,137,
8,141,108294008,1,1,1982,20,20,63,1,2009,6,,2009,,1,,1,,11,141,
8,141,108294014,1,1,1959,,24,63,3,2008,6,10,,15,1,,1,,13,141,
8,142,108275003,1,1,1973,21,22,30,1,2007,6,6,,10,1,,1,,12,154,
8,142,108275005,1,1,1984,21,21,30,1,2009,6,2,,,1,,1,,12,48,
8,142,108275036,1,1,1975,17,17,53,1,2010,9,,2010,,1,,1,,11,138,
8,142,108277002,1,1,1984,16,16,53,2,2009,6,3,,3,1,,1,,,,2
8,142,108279032,1,2,1968,20,20,90,1,2010,9,4,,365,1,,1,,6,148,
8,143,108281078,1,1,1982,17,17,53,1,2005,8,0,2005,0,1,,1,,13,115,
8,144,108280005,1,1,1958,,31,30,1,2007,6,2,,6,1,,1,,12,142,
8,144,108280008,1,1,1985,20,20,30,1,2006,9,3,,30,1,,1,,13,144,
8,144,108280009,1,1,1960,19,19,30,1,2010,4,10,,10,1,,1,,13,144,
8,144,108280011,1,1,1971,20,20,30,1,2002,4,0,2004,50,1,,1,,12,45,
8,144,108280014,1,1,1954,,,30,1,2006,6,4,,0,1,,1,,12,48,
8,147,108273004,2,1,,,19,62,1,2006,6,100,,0,1,,1,,11,147,
8,147,108273004,1,1,,,18,62,1,2006,6,100,,0,1,,1,,11,147,
8,147,108273015,1,1,1960,,,62,1,2001,6,300,,0,1,,1,,11,147,
8,147,108273060,1,2,,,,62,1,2008,6,5,,0,1,,1,,13,147,
8,148,108298024,1,1,,,19,63,1,2006,4,365,,,1,,1,,11,148,
8,148,108300002,1,1,1985,888,19,63,3,2008,5,208,,365,1,,1,,11,148,
8,148,108300020,1,1,1985,17,17,63,1,2006,6,1,2008,,1,,1,,12,146,
8,148,108300021,1,1,1987,19,19,63,1,2009,9,365,,365,1,,1,,12,148,
8,148,108300025,1,1,,,18,63,1,888,4,18,,,1,,1,,6,148,
8,148,108302009,1,1,1955,24,30,63,3,2009,6,300,,,1,,1,,6,148,
8,148,108302034,1,1,1970,,36,8,2,2008,4,200,,20,1,,1,,6,148,
8,150,108274006,1,1,,,,45,1,2007,6,250,,,1,,1,,11,150,
8,150,108274016,1,1,,,,45,1,2009,6,3,,,1,,1,,,150,
8,150,108274033,1,1,1975,21,21,,1,,4,1,,,1,,1,,12,134,
8,151,108307004,1,1,1957,,25,65,3,2010,7,2,,12,1,,1,,13,160,
8,151,108307021,1,1,,,,52,1,2010,4,2,,,1,,1,,13,72,
8,151,108307023,1,1,,,12,65,1,2010,6,,2010,,1,,1,,5,35,
8,151,108307034,1,1,1980,16,16,65,1,2008,6,,2008,30,1,,1,,,100,
8,151,108308006,1,1,,,,65,1,2009,6,0,,,1,,1,,1,102,
8,151,108308035,1,1,1980,18,18,65,2,2008,4,2,2009,0,1,,1,,11,151,
8,151,108308041,1,1,1952,,24,65,1,2007,6,12,,0,1,,7,1,11,151,
8,151,108308043,1,1,1970,,20,65,1,2005,4,4,,12,1,,1,,12,139,
8,151,108309005,1,1,,,,52,1,2009,6,,,,1,,1,,12,151,
8,151,108309033,1,1,1964,16,16,8,2,2003,4,,2003,,1,,1,,13,97,
8,151,108309041,1,1,,70,,52,1,2003,4,52,,,1,,1,,11,151,
8,152,108289008,1,1,1987,22,22,63,1,2010,6,1,,,1,,1,,11,152,
8,152,108289012,1,1,1984,22,22,63,1,2008,6,6,,,1,,1,,12,152,
8,152,108289013,1,1,1975,28,28,63,1,2007,6,,2007,,1,,1,,12,140,
8,152,108290018,1,1,1985,20,22,63,1,2008,6,2,,0,1,,1,,12,140,
8,153,108282012,1,1,1969,25,25,53,1,2010,6,40,,0,1,,1,,12,153,
8,153,108284006,1,1,,,,63,1,2007,6,365,,,1,,1,,11,153,
8,153,108284012,1,1,1983,20,20,63,1,2009,6,4,,,1,,1,,12,152,
8,153,108284016,1,1,1972,,27,63,6,2009,4,4,,10,1,,1,,5,35,
9,154,109325034,1,1,,,,64,1,2008,6,0,,48,1,,1,,13,132,
9,154,109325038,1,1,1984,,,81,1,2010,6,1,,0,1,,1,,12,154,
9,154,109325044,1,1,1954,38,16,64,1,2007,6,0,2007,0,1,,1,,13,132,
9,154,109325044,2,1,1968,17,,64,1,2007,6,0,2007,0,1,,1,,13,132,
9,154,109326005,1,1,1960,,,64,1,2010,4,1,2010,0,1,,1,,13,154,
9,154,109326005,2,1,1970,,,64,1,2010,5,1,2010,,1,,1,,1,102,
9,154,109326008,1,1,1975,888,25,51,1,2010,5,4,2010,10,1,,1,,1,102,
9,154,109326014,1,1,,,,51,3,2009,4,1,,0,1,,1,,6,148,
9,154,109326018,1,1,1951,20,20,64,1,2009,6,0,2009,0,1,,1,,12,154,
9,154,109326033,1,1,,,,64,1,2005,6,0,2005,24,1,,1,,1,102,
9,154,109326037,1,1,,,,81,1,2009,4,0,,24,1,,1,,13,93,
9,154,109327003,1,1,1962,22,22,81,1,2009,6,2,2010,,1,,1,,12,154,
9,154,109327007,1,1,1975,,30,81,1,2010,6,,2010,5,1,,1,,12,,
9,154,109327011,1,1,1975,,25,81,1,2010,4,,2010,9,1,,1,,1,102,
9,154,109327020,1,1,,,,91,1,2009,6,,2009,,1,,1,,1,102,
9,154,109328007,1,1,1975,,22,81,12,2009,1,0,2009,5,1,,1,,,,15
9,154,109328009,1,1,,,,81,1,2009,5,300,2010,0,1,,1,,5,35,
9,154,109328017,1,1,1979,,21,81,6,2006,5,1,,10,1,,1,,,,9
9,154,109328046,1,1,1965,888,,81,1,2010,4,200,,12,1,,1,,1,102,
9,156,109317001,1,1,,,,52,1,2009,6,,2009,0,1,,1,,7,157,
9,156,109317044,1,1,,,,67,3,2009,5,,2009,10,1,2,1,,7,161,
9,156,109317060,1,4,1947,,,71,1,2008,4,,2008,,1,,1,,7,160,
9,156,109317085,1,1,,,,52,3,888,3,1,,0,1,,1,,7,162,
9,156,109317117,1,1,,23,25,15,1,2007,6,3,,15,1,,1,,1,,
9,156,109319018,1,1,1977,27,,52,1,2004,6,100,,,,,1,,2,156,
9,156,109319018,2,1,,,16,52,1,,,,,,,,,,,,
9,156,109319025,1,3,1983,,18,15,1,2006,5,5,2009,,1,,1,,1,102,
9,156,109320001,2,1,1933,,18,52,1,2008,6,1,,0,1,,1,,5,35,
9,156,109320001,1,1,1960,,22,52,1,2010,5,0,2010,0,1,,1,,1,102,
9,156,109320001,3,1,1972,,24,52,3,2007,4,0,2007,0,1,,1,,5,35,
9,156,109320006,1,1,1983,888,25,52,2,2010,6,0,2010,12,1,,1,,1,102,
9,156,109320011,1,1,,,,52,1,2009,6,0,2009,20,1,,1,,1,102,
9,156,109320013,1,1,,,,52,3,2009,9,4,,3,1,,1,,6,148,
9,156,109322013,1,1,1962,,28,71,9,2005,2,13,2010,300,1,,1,,6,148,
9,156,109322018,1,1,1983,23,23,67,6,2010,10,3,2010,365,1,,1,,12,122,
9,156,109322020,1,1,1964,,28,8,10,2010,1,3,2010,20,1,,1,,12,,
9,156,109322025,1,1,1973,5,32,63,8,2010,10,6,2010,365,1,,1,,8,169,
9,156,109322045,1,1,,,,52,10,2007,1,12,2010,300,1,,1,,1,102,
9,156,109322051,2,1,,,,52,9,2010,5,200,,200,1,,1,,7,156,
9,156,109322051,1,1,,,,90,1,2010,4,,2010,15,1,,1,,1,102,
9,157,109315006,1,1,1964,,22,52,1,2006,6,0,2006,0,1,,1,,1,102,
9,157,109315014,1,1,40,15,19,,1,,4,1,2009,3,1,,1,,,,2
9,157,109316001,1,1,,,,52,1,2006,4,150,,,1,,1,,11,157,
9,157,109316001,2,1,,,,52,1,2002,4,150,,,1,,1,,11,157,
9,157,109316007,1,1,1976,,24,91,3,2009,4,,2008,52,1,1,1,,7,160,
9,157,109316025,1,1,,,,52,1,2004,,,2004,,1,,1,,1,,
9,157,109316025,2,1,,,,52,1,2007,,,2007,,1,,1,,5,,
9,158,109312031,1,1,1960,19,,,9,1999,2,51,,0,1,,1,,13,,
9,158,109313010,1,2,1949,,28,61,6,2000,5,1,2009,15,1,,1,,11,158,
9,158,109313012,1,1,,,,,10,2009,1,,2009,52,1,,1,,5,43,
9,158,109313016,1,1,1945,19,19,,1,2003,4,300,,0,1,,1,,11,158,
9,158,109313021,1,1,,,18,61,1,2009,6,200,,0,1,,1,,11,158,
9,158,109314001,2,1,,,20,61,1,1996,13,3,,5,1,,1,,13,158,
9,158,109314001,1,1,,,22,61,3,1990,13,4,,,1,,1,,13,158,
9,158,109314003,1,1,1959,,21,,1,1995,6,,,,1,,1,,12,158,
9,158,109314009,1,1,,,,61,1,2001,8,180,,,1,,1,,11,158,
9,158,109314016,1,1,,,,61,1,,13,2,,,1,,1,,5,35,
9,159,109324006,1,1,1972,37,24,51,1,2009,4,0,2009,0,1,,1,,12,27,
9,159,109324022,1,1,,,16,51,1,,6,1,2007,3,1,,1,,12,114,
9,162,109318002,1,1,,2,,52,1,2000,4,0,,,1,,1,,1,6,
9,162,109318004,1,1,1941,20,21,52,1,2007,6,1,2008,5,1,,1,,1,102,
9,162,109318011,1,1,40,,20,52,1,,6,3,,25,1,,1,,1,102,
9,162,109318018,1,1,45,,19,52,2,2009,5,1,2009,10,1,,1,,1,102,
9,162,109321027,1,1,1986,18,18,64,6,2009,4,50,2010,10,1,,1,,7,156,
9,162,109321035,1,1,1962,,34,52,3,2009,5,2,2009,100,1,,1,,5,36,
10,166,110333016,1,1,,,,62,1,,6,100,,0,1,,1,,11,166,
10,166,110334001,1,1,,,,62,1,2008,9,,,,1,,1,,2,123,
10,166,110334009,1,1,,,,62,1,2010,6,100,,,1,,1,,12,166,
10,166,110334009,2,1,,,,62,1,2010,6,300,,,1,,1,,11,166,
10,166,110334011,1,3,,,,62,1,2009,6,1,,,1,,1,,12,166,
10,166,110334013,1,1,1948,60,17,62,1,2003,4,,,,1,,1,,8,169,
10,166,110334015,1,1,,,7,62,1,2010,6,300,,,1,,1,,12,166,
10,166,110335038,1,1,,,,62,1,888,6,45,,,1,,1,,11,166,
10,166,110335041,1,1,,,,62,1,2009,6,100,,,1,,1,,11,166,
10,166,110335047,1,1,1968,25,25,62,2,1995,4,10,,,1,,1,,8,169,
10,166,110335049,1,1,,,,63,3,2008,9,,,,1,,1,,3,26,
10,166,110336002,1,1,43,,,62,1,2010,5,,,,1,,1,,11,166,
10,166,110336002,2,1,50,,,62,1,2009,6,1,,,1,,1,,12,166,
10,166,110336004,1,1,1945,50,18,62,1,2005,6,300,,,1,,1,,11,166,
10,166,110336013,1,1,1960,,,62,1,2007,12,1,2002,2,1,,1,,12,15,
10,166,110336016,1,1,,,,62,1,2007,6,3,,,1,,1,,13,132,
10,166,110337010,1,1,,,,62,1,,7,300,,,1,,1,,11,166,
10,166,110337033,1,1,,,21,62,1,2010,6,100,,,1,,1,,11,166,
10,166,110337033,2,1,,,25,62,1,2010,6,100,,,1,,1,,11,166,
10,166,110337056,1,1,,,,,1,2010,9,10,,,1,,1,,11,166,
10,167,110340004,1,1,1971,,25,,8,2007,5,5,2010,3,1,,1,,12,167,
10,167,110340032,1,1,,33,33,73,1,2008,6,200,,,1,,1,,11,167,
10,168,110338009,1,1,1975,,20,73,1,2010,6,100,,,1,,1,,11,168,
10,168,110338009,2,1,1970,,21,73,1,2010,6,100,,,1,,1,,11,168,
10,168,110338010,1,1,48,,,73,1,2007,6,70,,,1,,1,,11,168,
10,168,110338019,1,1,1950,,18,73,1,2010,6,100,2010,,1,,1,,11,168,
10,168,110339009,1,1,1972,,,73,1,1995,4,100,2010,,1,,1,,11,168,
10,168,110339010,1,1,1975,,,73,1,2009,6,360,,,1,,1,,11,168,
10,168,110339024,1,1,,,,73,12,2006,6,10,,,1,,1,,11,168,
10,168,110339033,1,1,1985,24,24,73,6,2009,4,3,2010,,1,,1,,11,168,
10,168,110339039,1,1,,,,,1,,6,,,,1,,1,,11,168,
10,168,110339049,1,1,1987,,19,73,1,2007,5,,,52,1,,1,,5,35,
10,169,110329037,1,1,,,,62,1,2009,4,300,,0,1,,1,,11,169,
10,169,110329072,1,1,,,,62,1,2000,4,100,,0,1,,1,,11,169,
10,169,110329074,1,1,,888,,62,1,2008,7,100,,0,1,,1,,11,169,
10,169,110331007,1,1,,,,62,1,2002,6,2,,,1,,1,,12,169,
10,169,110331009,2,1,,,,62,1,,9,3,2009,,1,,1,,2,126,
10,169,110331009,1,1,,,,62,2,,9,3,2009,,1,,1,,1,102,
10,169,110331012,1,1,,,,62,1,2009,4,15,2010,,1,,1,,11,169,
10,169,110331015,1,1,,,,62,1,2010,6,25,,,1,,1,,11,169,
10,169,110332009,2,1,,,,62,3,20,4,4,2009,0,1,,1,,8,169,
10,169,110332009,1,1,,,,62,1,,4,6,,,1,,1,,11,169,
10,171,110330004,1,1,,,,62,1,2007,,,2007,,1,,1,,2,103,
10,171,110330005,1,1,,,,62,1,2009,6,1,,,1,,1,,1,102,
10,171,110330006,1,5,1957,,,62,1,2010,6,100,,,1,,1,,11,171,
10,171,110330020,1,1,1964,,,62,1,1,6,,,,1,,1,,12,169,
10,171,110330023,2,1,,,,62,1,2009,4,3,2010,,1,,1,,12,171,
10,171,110330023,1,1,,,,62,1,2009,4,3,2010,,1,,1,,12,171,
