"id1","id2","id3","id4","credit_no","s3bii_15","s3bii_16","s3bii_17","s3bii_18ii","s3bii_19i","s3bii_19ii","s3bii_19iii","s3bii_20","s3bii_21i","s3bii_21ii","s3bii_22a","s3bii_22bi","s3bii_22b2i","s3bii_22b2ii","s3bii_23i","s3bii_23ii","s3bii_24i","s3bii_24ii","hhno"
1,12,29,33,1,1,1,3,-8,2009,12,7,1,100,0,2,,,,48,0,52,0,101029033
1,13,10,64,1,1,1,4,-8,,8,,1,50,0,2,,,,0,0,50,0,101010064
1,13,12,17,2,1,1,4,-8,1,,,1,350,0,2,,,,0,0,350,0,101012017
1,6,2,52,3,2,1,4,,2009,11,,1,60,0,2,,,,0,0,60,0,101002052
1,13,12,17,1,2,1,4,-8,,6,,1,580,0,2,,,,0,0,580,0,101012017
1,10,18,2,1,1,1,4,-8,2005,8,,1,2000,0,2,,,,1000,0,1000,0,101018002
1,6,2,21,1,1,1,1,-8,2008,7,7,1,1500,0,2,,,,800,0,700,0,101002021
1,10,19,13,1,1,1,1,-8,2009,1,,1,1580,0,2,,,,0,0,1580,0,101019013
1,10,18,11,1,1,1,4,-8,2010,1,,1,40,0,2,,,,0,0,40,0,101018011
1,13,9,68,2,1,1,,,2006,2,,1,1600,0,2,,,,0,0,1600,0,101009068
1,13,9,258,1,2,1,3,-8,2009,11,12,1,100,0,2,,,,0,0,100,0,101009258
1,13,12,94,1,1,1,1,-8,2008,,,1,200,0,2,,,,0,0,200,0,101012094
1,6,2,52,1,2,1,4,,2009,10,,1,45,0,2,,,,0,0,45,0,101002052
1,6,2,43,1,1,1,4,,2009,10,,1,10,0,2,,,,0,0,10,0,101002043
1,6,2,41,1,2,1,7,-8,2008,7,,1,360,0,2,,,,0,0,360,0,101002041
1,13,11,161,1,1,1,4,146,2009,12,,1,30,0,2,,,,0,0,30,0,101011161
1,6,2,52,2,2,1,4,,2009,10,4,1,30,0,2,,,,0,0,30,0,101002052
1,6,2,28,1,2,1,4,-8,2003,,,1,255,0,2,,,,0,0,255,0,101002028
1,13,9,68,1,1,1,4,,2006,2,,1,5000,0,1,20,100,,0,0,8000,0,101009068
1,13,12,36,1,1,1,4,,2008,7,24,1,300,0,2,,,,0,0,300,0,101012036
1,10,18,11,2,1,1,3,-8,2010,1,,1,20,0,2,,,,0,0,20,0,101018011
1,5,4,1,1,2,1,7,-8,2009,11,,1,140,0,2,,,,0,0,140,0,101004001
1,17,22,11,1,1,1,4,-8,2009,3,,1,150,0,2,,,,0,0,150,0,101022011
1,10,21,63,2,1,1,4,-8,2009,5,,1,10,0,2,,,,0,0,10,0,101021063
1,8,16,154,1,1,1,4,-8,2009,9,,1,50,0,2,,,,0,0,50,0,101016154
1,2,28,31,2,1,1,2,34,2010,1,,1,26,0,2,,,,0,0,26,0,101028031
1,5,4,5,1,1,1,4,-8,2010,1,26,1,100,0,2,,,,0,0,100,0,101004005
1,8,15,65,1,2,1,4,89,2009,10,,1,50,0,2,,,,0,0,50,0,101015065
1,8,15,149,1,1,1,4,-8,2009,9,,1,10,0,2,,,,0,0,10,0,101015149
1,2,26,24,3,1,1,4,-8,2009,3,28,1,30,50,2,,,,0,0,30,50,101026024
1,2,5,3,1,1,1,3,-8,2009,2,,6,100,0,2,,,,0,0,100,0,101005003
1,2,26,10,2,1,1,4,-8,2009,10,,1,45,0,2,,,,0,0,45,0,101026010
1,2,28,31,7,1,1,4,-8,2009,11,,1,340,0,2,,,,250,0,90,0,101028031
1,2,26,10,1,1,1,4,30,2009,5,,1,41,0,2,,,,0,0,41,0,101026010
1,2,28,31,4,1,1,4,-8,2009,11,,1,280,0,2,,,,100,0,180,0,101028031
1,2,25,3,1,1,1,4,-8,2009,2,5,1,100,0,2,,,,0,0,100,0,101025003
1,2,26,26,1,1,1,4,-8,2000,,,1,500,0,2,,,,350,0,150,0,101026026
1,12,30,63,1,1,1,4,24,2009,8,,1,150,0,2,,,,0,0,150,0,101030063
1,10,27,13,1,1,1,4,-8,2009,7,,1,500,0,2,,,,380,0,120,0,101027013
1,10,17,19,1,1,1,3,-8,2009,3,,1,100,0,2,,,,0,0,100,0,101017019
1,12,30,6,1,1,1,4,-8,2009,,,1,4,0,2,,,,0,0,4,0,101030006
1,2,26,10,5,1,1,4,-8,2009,6,,1,19,0,2,,,,0,0,19,0,101026010
1,2,7,68,2,2,1,4,-8,2009,1,,1,14,0,2,,,,0,0,14,0,101007068
1,1,8,60,1,1,1,4,-8,,5,,1,50,0,2,,,,50,0,50,0,101008060
1,6,1,15,1,1,1,4,-8,2009,10,10,1,2,0,2,,,,0,0,2,0,101001015
1,2,26,10,4,1,1,4,-8,2009,6,,1,23,0,2,,,,0,0,23,0,101026010
1,5,4,2,1,1,1,4,-8,2010,1,26,1,20,0,2,,,,0,0,20,0,101004002
1,2,26,24,1,1,1,4,-8,2010,1,5,1,40,50,2,,,,0,0,40,50,101026024
1,1,8,74,1,1,1,4,-8,2009,8,,1,70,0,2,,,,0,0,70,0,101008074
1,2,26,24,2,1,1,4,55,2009,3,21,1,20,0,2,,,,0,0,20,0,101026024
1,17,22,5,2,1,1,4,-8,2010,1,,1,50,0,2,,,,0,0,50,0,101022005
1,10,27,10,2,1,1,4,-8,2010,1,,1,4,50,2,,,,0,0,4,50,101027010
1,17,22,5,1,1,1,4,-8,2010,2,4,1,150,0,2,,,,0,0,150,0,101022005
1,2,7,68,1,1,2,7,-8,2009,2,,1,1000,0,2,,,,250,0,750,0,101007068
1,2,28,31,1,1,1,4,-8,2010,1,,1,180,0,2,,,,60,0,120,0,101028031
1,2,28,31,6,1,1,4,-8,2010,1,,1,200,0,2,,,,0,0,200,0,101028031
1,2,26,8,1,1,1,3,20,2009,9,,1,30,0,2,,,,0,0,30,0,101026008
1,2,26,10,3,1,1,4,-8,2009,6,,1,18,0,2,,,,0,0,18,0,101026010
1,17,24,20,1,1,1,4,20,2009,8,,1,100,0,2,,,,50,0,50,0,101024020
1,2,28,31,3,1,1,4,-8,2010,1,,1,300,0,2,,,,0,0,300,0,101028031
1,2,26,23,1,1,1,4,-8,2009,6,,1,1300,0,2,,,,0,0,1300,0,101026023
1,10,21,58,1,1,1,4,-8,2009,11,,1,100,0,2,,,,0,0,100,0,101021058
1,2,26,29,2,1,1,4,-8,2008,3,,1,80,0,2,,,,0,0,80,0,101026029
1,10,17,31,1,1,1,4,-8,2008,8,,1,20,0,2,,,,0,0,20,0,101017031
1,10,21,68,1,1,1,4,-8,2008,3,,1,300,0,2,,,,0,0,300,0,101021068
1,12,30,63,3,1,1,3,-8,2008,3,,1,700,0,2,,,,0,0,700,0,101030063
1,12,30,63,2,1,1,4,-8,2009,4,,1,1200,0,2,,,,700,0,500,0,101030063
1,10,27,9,1,1,1,4,,2009,6,,1,50,0,2,,,,30,0,20,0,101027009
1,2,26,29,1,1,1,4,-8,2009,1,,1,35,0,2,,,,0,0,35,0,101026029
1,17,22,5,3,1,1,4,-8,2010,1,,1,20,0,2,,,,0,0,20,0,101022005
1,12,30,31,1,1,1,4,-8,2006,10,,1,400,0,2,,,,0,0,400,0,101030031
1,10,27,31,1,1,1,4,-8,2009,6,,1,140,0,2,,,,40,0,100,0,101027031
1,6,1,2,1,1,1,4,-8,2007,8,15,1,50,0,2,,,,0,0,50,0,101001002
1,1,8,74,2,1,1,4,-8,2009,1,,1,150,0,2,,,,25,0,125,0,101008074
1,10,27,10,3,1,1,4,17,2010,1,,1,9,50,2,,,,0,0,9,50,101027010
1,10,21,63,1,1,1,3,78,2009,11,,1,10,0,2,,,,0,0,10,0,101021063
1,10,27,10,1,1,1,4,71,2010,1,,1,1,50,2,,,,0,0,1,50,101027010
1,10,20,4,1,1,1,4,-8,2009,9,,1,600,0,2,,,,0,0,600,0,101020004
1,2,28,31,8,1,1,4,-8,2009,12,,1,130,0,2,,,,70,0,60,0,101028031
1,2,28,31,5,1,1,4,-8,2009,11,,1,140,0,2,,,,90,0,50,0,101028031
1,1,3,50,1,1,1,4,-8,2009,1,,1,50,0,2,,,,0,0,50,0,101003050
1,17,22,11,2,1,1,4,-8,2007,4,,1,40,0,2,,,,0,0,40,0,101022011
1,1,3,12,1,1,1,4,-8,2009,11,,1,350,0,2,,,,0,0,350,0,101003012
1,6,1,35,1,1,1,4,,2009,12,15,1,300,0,2,,,,0,0,300,0,101001035
1,10,27,41,1,1,1,4,-8,2008,5,,1,30,0,2,,,,0,0,30,0,101027041
1,5,4,1,2,1,1,7,-8,2009,,,1,2000,0,2,,,,0,0,2000,0,101004001
1,10,21,51,1,1,1,1,-8,2009,1,,1,40,0,2,,,,0,0,40,0,101021051
1,2,26,6,1,1,1,4,-8,2009,7,15,1,60,0,2,,,,30,0,30,0,101026006
1,2,26,23,2,1,1,4,-8,2009,10,,1,300,0,2,,,,0,0,300,0,101026023
1,10,21,45,1,1,1,4,-8,2008,6,,1,90,0,2,,,,20,0,70,0,101021045
1,2,26,6,2,1,1,4,-8,2009,7,20,1,34,50,2,,,,20,0,14,50,101026006
1,2,26,23,3,1,1,4,-8,2009,6,,1,200,0,2,,,,0,0,200,0,101026023
2,3,36,17,1,1,1,4,-8,2008,12,20,1,30,0,2,,,,10,0,20,0,102036017
2,6,45,51,1,1,1,3,-8,2007,,,1,60,0,2,,,,0,0,60,0,102045051
2,2,32,8,1,2,1,4,-8,2009,11,,1,5,0,2,,,,0,0,5,0,102032008
2,3,36,3,1,1,1,4,-8,2006,6,10,1,500,0,2,,,,140,0,360,0,102036003
2,2,33,12,3,1,1,4,-8,2008,8,,1,2000,0,2,,,,0,0,2000,0,102033012
2,6,45,2,1,1,1,4,-8,2009,12,1,1,50,0,2,,,,0,0,50,0,102045002
2,6,45,4,3,1,1,4,-8,2009,,,1,100,0,2,,,,0,0,100,0,102045004
2,2,35,27,1,1,1,4,-8,2008,,,1,100,0,2,,,,0,0,100,0,102035027
2,7,50,19,1,1,1,4,,2008,,,1,5,0,2,,,,0,0,5,0,102050019
2,7,50,14,1,1,1,3,,2008,,,1,200,0,2,,,,0,0,200,0,102050014
2,7,50,13,1,1,1,4,,2009,9,,1,150,0,2,,,,0,0,150,0,102050013
2,2,35,13,1,1,1,4,-8,2008,10,,1,80,0,2,,,,0,0,80,0,102035013
2,7,50,19,2,1,1,4,,2008,,,1,10,0,2,,,,0,0,10,0,102050019
2,29,42,20,1,1,1,4,,2008,8,,1,600,0,2,,,,300,0,300,0,102042020
2,7,50,27,1,1,1,4,,2009,9,,1,20,0,2,,,,0,0,20,0,102050027
2,29,42,38,2,1,1,5,,2009,8,,1,250,0,2,,,,0,0,250,0,102042038
2,3,36,12,1,1,1,6,-8,2008,12,20,1,40,0,2,,,,0,0,40,0,102036012
2,3,36,2,1,1,1,4,,2008,11,21,1,200,0,2,,,,0,0,200,0,102036002
2,6,45,60,1,1,1,4,-8,2009,9,10,1,250,0,2,,,,0,0,250,0,102045060
2,6,45,4,1,1,1,4,-8,2006,,,1,350,0,2,,,,0,0,350,0,102045004
2,3,36,6,1,1,1,4,-8,2008,11,14,1,500,0,2,,,,0,0,500,0,102036006
2,2,32,38,1,1,1,4,,2009,11,,1,8,0,2,,,,0,0,8,0,102032038
2,9,54,4,1,1,1,4,,2009,8,,1,10,0,2,,,,0,0,10,0,102054004
2,2,35,14,2,2,1,5,-8,2009,7,,1,10,0,2,,,,0,0,10,0,102035014
2,2,33,12,1,1,1,7,-8,2002,9,,1,3100,0,2,,,,0,0,3100,0,102033012
2,8,52,43,1,1,1,3,-8,2004,3,,1,50,0,2,,0,,0,0,50,0,102052043
2,6,45,91,1,1,1,4,-8,2008,10,,1,150,0,2,,,,0,0,150,0,102045091
2,8,52,58,1,2,1,4,-8,2008,6,,1,8,0,2,,0,,0,0,8,0,102052058
2,6,45,13,1,1,1,4,-8,2000,,,1,350,0,2,,,,0,0,350,0,102045013
2,6,45,4,2,1,1,4,-8,2009,,,1,200,0,2,,,,0,0,200,0,102045004
2,8,52,77,1,1,1,4,,2009,5,6,1,200,0,2,,,,50,0,150,0,102052077
2,2,33,37,1,1,1,7,,2009,4,,1,200,0,2,,,,0,0,200,0,102033037
2,2,35,14,3,2,1,3,-8,2009,9,,1,30,0,2,,,,0,0,30,0,102035014
2,29,42,38,1,1,1,5,,2008,6,,1,250,0,2,,,,0,0,250,0,102042038
2,6,45,56,1,1,1,4,-8,2008,,,1,300,50,2,,,,50,0,250,50,102045056
2,9,54,32,1,1,1,4,,2007,1,,1,50,0,2,,,,0,0,50,0,102054032
2,6,45,13,2,1,1,4,-8,2007,,,1,960,0,2,,,,0,0,960,0,102045013
2,2,35,14,4,2,1,3,-8,2009,9,,1,50,0,2,,,,0,0,50,0,102035014
2,29,42,14,1,1,1,4,,2008,,,1,40,0,2,,,,0,0,40,0,102042014
2,2,33,28,1,1,1,4,,2009,11,,1,45,0,2,,,,0,0,45,0,102033028
2,2,33,12,2,1,1,4,-8,2008,7,,1,2000,0,2,,,,0,0,2000,0,102033012
2,2,33,18,1,2,2,5,-8,2009,6,,1,185,0,2,,,,108,0,77,0,102033018
2,2,35,14,1,2,1,4,-8,2009,10,,1,10,0,2,,,,0,0,10,0,102035014
2,29,43,92,1,1,1,4,,2009,8,,1,60,0,2,,,,0,0,60,0,102043092
2,9,55,15,1,1,1,4,-8,2009,11,,1,2,0,2,,,,0,0,2,0,102055015
2,19,49,27,2,2,1,4,,2009,12,,1,1,40,2,,,,0,0,1,40,102049027
2,19,49,66,1,1,1,4,,2009,,,1,80,0,2,,,,0,0,80,0,102049066
2,31,39,54,1,2,1,4,-8,2009,1,20,1,20,0,2,,,,0,0,20,0,102039054
2,19,49,66,3,1,1,4,,2009,12,25,1,100,0,2,,,,0,0,100,0,102049066
2,9,55,120,2,1,1,4,-8,2009,8,,1,200,0,2,,,,0,0,200,0,102055120
2,31,39,5,1,1,1,4,-8,,,21,1,300,0,2,,,,0,0,300,0,102039005
2,25,47,42,1,1,1,4,,2008,,,1,200,0,2,,,,100,0,100,0,102047042
2,19,49,118,3,2,1,3,-8,2009,6,,1,4,0,2,,,,0,0,4,0,102049118
2,9,55,120,1,1,1,4,-8,2009,8,,1,500,0,2,,,,0,0,500,0,102055120
2,23,56,27,1,1,1,4,,2007,10,,1,1000,0,2,,,,0,0,1000,0,102056027
2,25,47,9,1,1,1,3,,2010,1,,1,1000,0,2,,,,500,0,500,0,102047009
2,31,38,10,1,1,1,4,-8,2008,8,,1,270,0,2,,,,250,0,20,0,102038010
2,22,53,27,3,1,1,4,,2008,12,,1,40,0,2,,,,0,0,40,0,102053027
2,29,60,1,1,2,2,3,40,2007,,,1,1200,0,2,,,,0,0,1200,0,102060001
2,19,49,66,2,1,1,4,,2009,4,,1,150,0,2,,,,0,0,150,0,102049066
2,23,58,116,2,1,1,3,,2008,,,1,14,0,2,,,,0,0,14,0,102058116
2,29,41,54,1,1,1,4,,2007,1,,1,160,0,2,,,,30,0,60,0,102041054
2,23,56,14,1,1,1,4,,2009,12,,1,200,0,2,,,,0,0,200,0,102056014
2,23,58,116,1,1,1,3,,2010,,,1,40,0,2,,,,0,0,40,0,102058116
2,19,49,39,1,1,1,4,-8,2008,,,1,100,0,2,,,,0,0,100,0,102049039
2,19,49,118,2,2,1,3,-8,2009,8,,1,3,0,2,,,,0,0,3,0,102049118
2,19,49,65,1,1,1,4,,2009,4,28,1,100,0,2,,,,0,0,100,0,102049065
2,23,56,74,1,1,1,4,-8,2009,24,12,1,100,0,2,,,,0,0,100,0,102056074
2,29,60,53,1,1,1,4,-8,2008,2,,1,150,0,2,,,,100,0,50,0,102060053
2,25,47,9,4,1,1,4,,2009,10,,1,320,0,2,,,,150,0,170,0,102047009
2,25,47,9,2,1,1,3,,2010,2,,1,1000,0,2,,,,500,0,500,0,102047009
2,5,51,13,2,1,1,4,,,2,,1,8,0,2,,,,0,0,8,0,102051013
2,31,40,36,3,1,1,4,-8,2010,1,,1,50,0,2,,,,0,0,50,0,102040036
2,20,48,55,1,1,1,3,-8,2010,1,,1,10,0,2,,,,0,0,10,0,102048055
2,27,46,100,1,1,1,4,-8,2009,8,,1,90,0,2,,,,0,0,90,0,102046100
2,29,60,91,1,1,1,4,-8,2006,6,,1,35,0,2,,,,0,0,35,0,102060091
2,23,57,134,1,1,1,4,,2009,,,1,150,0,2,,,,0,0,150,0,102057134
2,23,57,99,3,1,1,4,-8,2009,,,1,170,0,2,,,,0,0,170,0,102057099
2,9,55,34,1,2,2,3,-8,2009,3,6,1,20,0,2,,,,0,0,20,0,102055034
2,31,40,36,4,1,1,4,-8,2007,,,1,50,0,2,,,,0,0,50,0,102040036
2,23,56,51,2,1,1,4,,2005,5,,1,10,0,2,,,,0,0,10,0,102056051
2,23,56,58,1,1,1,4,-8,2010,3,,1,35,0,2,,,,0,0,35,0,102056058
2,23,56,54,1,1,1,3,,2009,12,,1,100,0,2,,,,0,0,100,0,102056054
2,22,53,27,5,1,1,4,,2009,9,,1,100,0,2,,,,0,0,100,0,102053027
2,5,51,53,1,1,1,4,,2009,10,5,1,80,0,2,,,,0,0,80,0,102051053
2,27,46,55,1,1,1,4,,2009,1,,1,420,0,2,,,,0,0,420,0,102046055
2,22,53,89,2,1,1,4,,2006,,,1,150,0,2,,,,0,0,150,0,102053089
2,23,56,51,1,1,1,4,55,2007,3,,1,10,0,2,,,,0,0,10,0,102056051
2,22,53,27,4,1,1,4,,2008,11,,1,150,0,2,,,,0,0,150,0,102053027
2,31,40,36,1,1,1,4,-8,2008,,,1,20,0,2,,,,0,0,20,0,102040036
2,5,51,71,1,1,1,4,-8,2009,11,,1,100,0,2,,,,100,0,0,0,102051071
2,5,51,13,1,1,1,4,,,2,,1,10,0,2,,,,0,0,10,0,102051013
2,29,43,79,1,1,1,4,-8,2009,8,,1,40,0,2,,,,0,0,40,0,102043079
2,25,47,43,1,1,1,4,,2006,,,1,34,0,1,,,,10,0,24,0,102047043
2,19,49,80,1,1,1,4,,2007,4,,1,180,0,2,,,,0,0,180,0,102049080
2,5,51,71,2,1,1,4,-8,2009,11,,1,40,0,2,,,,40,0,0,0,102051071
2,2,37,1,1,1,1,4,,2009,11,,1,20,0,2,,,,20,0,0,0,102037001
2,23,56,35,1,1,1,4,,2010,2,,1,70,0,2,,,,0,0,70,0,102056035
2,19,49,27,3,1,1,4,,2009,8,,1,100,0,2,,,,0,0,100,0,102049027
2,20,48,78,1,1,1,4,-8,2010,1,,1,20,0,2,,,,0,0,20,0,102048078
2,27,46,99,1,1,1,4,,2010,2,,1,300,0,2,,,,0,0,300,0,102046099
2,27,46,54,2,1,1,4,,2009,3,,1,30,0,2,,,,0,0,30,0,102046054
2,29,43,102,1,1,1,,-8,2006,,,1,40,0,2,,,,0,0,40,0,102043102
2,29,43,28,1,1,1,7,,2009,,,1,10,0,2,,,,0,0,10,0,102043028
2,29,41,21,1,1,1,3,,2007,,,1,3000,0,2,,,,2450,0,550,0,102041021
2,19,49,65,2,1,1,4,,2009,2,9,1,350,0,2,,,,0,0,350,0,102049065
2,31,39,57,1,1,1,4,-8,2007,4,,1,35,0,2,,,,0,0,35,0,102039057
2,5,51,6,1,1,1,4,,2009,3,,1,60,0,2,,,,0,0,0,0,102051006
2,29,43,57,2,1,1,7,,2009,8,,1,200,0,2,,,,0,0,200,0,102043057
2,20,48,51,1,1,1,3,-8,2008,10,5,1,20,0,2,,,,0,0,20,0,102048051
2,23,58,1,1,1,2,4,,2007,,,1,150,0,2,,,,0,0,150,0,102058001
2,22,53,27,1,1,1,4,,2009,7,,1,80,0,2,,,,0,0,80,0,102053027
2,23,57,99,2,1,1,4,-8,2008,,,1,60,0,2,,,,0,0,60,0,102057099
2,22,53,89,4,1,1,4,,2008,,,1,300,0,2,,,,0,0,300,0,102053089
2,22,53,89,3,1,1,4,,2007,,,1,600,0,2,,,,0,0,600,0,102053089
2,22,53,27,2,1,1,4,,2008,11,,1,120,0,2,,,,0,0,120,0,102053027
2,29,43,57,1,1,1,7,,2002,,,1,1540,0,2,,,,0,0,1540,0,102043057
2,23,57,99,1,1,1,4,-8,2008,,,1,100,0,2,,,,0,0,100,0,102057099
2,31,40,36,2,1,1,4,-8,2009,12,,1,20,0,2,,,,0,0,20,0,102040036
2,22,53,85,1,1,1,4,,2009,11,,1,15,0,2,,,,7,10,7,90,102053085
2,25,47,9,3,1,1,4,,2009,8,,1,680,0,2,,,,200,0,480,0,102047009
2,31,40,36,5,1,1,4,-8,2010,,,1,10,0,2,,,,0,0,10,0,102040036
2,19,49,118,1,1,2,4,,2009,7,,1,10,0,2,,,,0,0,10,0,102049118
2,27,46,115,1,1,1,4,,2010,1,,1,40,0,2,,,,0,0,40,0,102046115
2,23,57,134,2,2,1,4,,2010,,,1,170,0,2,,,,0,0,170,0,102057134
2,27,46,54,1,1,1,4,,2007,12,,1,60,0,2,,,,0,0,60,0,102046054
2,27,46,54,3,1,1,4,,2008,2,,1,12,0,2,,,,0,0,12,0,102046054
2,5,51,20,2,1,1,3,,2009,7,,1,200,0,2,,,,0,0,200,0,102051020
2,29,43,79,3,1,1,4,-8,2009,,,1,40,0,2,,,,0,0,40,0,102043079
2,5,51,20,1,1,1,3,,2009,5,,1,100,0,2,,,,0,0,100,0,102051020
2,5,51,20,3,1,1,3,,2009,9,,1,50,0,2,,,,0,0,50,0,102051020
2,27,46,115,2,1,1,4,,2010,1,,1,15,0,2,,,,0,0,15,0,102046115
2,29,43,113,1,2,1,4,,2008,,,1,20,0,2,,,,0,0,20,0,102043113
2,19,49,39,2,1,1,4,-8,2009,,,1,200,0,2,,,,0,0,200,0,102049039
2,19,49,27,1,2,1,4,,2010,1,,1,2,0,2,,,,0,0,2,0,102049027
2,29,43,79,2,1,1,4,-8,2009,3,,1,150,0,2,,,,0,0,150,0,102043079
2,22,53,89,1,1,1,4,,2005,,,1,200,0,2,,,,0,0,200,0,102053089
2,23,56,51,3,2,1,4,,2010,3,,1,36,0,2,,,,0,0,36,0,102056051
2,2,37,6,1,1,1,4,-8,2007,,,1,100,0,2,,,,60,0,100,0,102037006
3,1,74,30,1,1,1,4,,2008,,,1,150,0,2,,,,0,0,150,0,103074030
3,1,79,20,1,1,1,4,-8,2009,,,1,320,0,2,,,,0,0,320,0,103079020
3,1,78,60,1,1,1,1,-8,,5,,1,20,0,2,,,,0,0,0,0,103078060
3,1,73,53,2,1,1,4,-8,2009,,,1,70,0,2,,,,0,0,70,0,103073053
3,1,68,17,1,1,1,4,,2009,,,1,400,0,2,,,,200,0,200,0,103068017
3,1,77,27,4,1,1,4,-8,2009,,,1,60,0,2,,,,0,0,60,0,103077027
3,1,78,67,1,1,1,4,-8,,6,,1,350,0,2,,,,0,0,350,0,103078067
3,1,75,34,3,1,1,6,,2008,1,,1,5,0,2,,,,0,0,5,0,103075034
3,1,69,19,1,1,1,6,,2009,,,1,300,0,2,,,,0,0,300,0,103069019
3,1,77,27,3,1,1,4,-8,2008,,,1,40,0,2,,,,25,0,15,0,103077027
3,1,73,70,1,1,1,4,-8,2009,,,1,120,0,2,,,,0,0,120,0,103073070
3,1,75,22,1,1,1,5,-8,2009,,,1,144,0,2,,,,0,0,144,0,103075022
3,1,73,26,1,1,1,4,-8,2009,,,1,90,0,2,,,,0,0,90,0,103073026
3,1,67,51,1,1,1,1,,,3,,1,340,0,2,,,,0,0,340,0,103067051
3,1,67,29,3,1,1,4,,2010,,,1,60,0,2,,,,0,0,60,0,103067029
3,1,84,50,1,1,1,4,,,,7,1,20,0,2,,,,0,0,20,0,103084050
3,1,73,70,4,1,1,5,-8,2009,,,1,40,0,2,,,,0,0,40,0,103073070
3,1,67,58,2,1,1,4,-8,2009,,,1,100,0,2,,,,0,0,100,0,103067058
3,1,62,69,1,1,1,4,-8,2009,,,1,3000,0,2,,,,0,0,3000,0,103062069
3,1,74,36,2,1,1,4,-8,2008,,,1,500,0,2,,,,0,0,500,0,103074036
3,1,77,27,2,1,1,4,-8,2008,,,1,70,0,2,,,,0,0,70,0,103077027
3,1,73,53,1,1,1,4,-8,2009,,,1,15,0,2,,,,0,0,15,0,103073053
3,1,79,33,2,1,1,3,-8,2007,,,1,20,0,2,,,,0,0,20,0,103079033
3,1,79,50,2,2,1,4,-8,2009,,,1,50,0,2,,,,0,0,50,0,103079050
3,1,67,29,4,1,1,4,,2010,,,1,50,0,2,,,,0,0,50,0,103067029
3,1,73,4,1,1,1,4,-8,2009,,,1,100,0,2,,,,0,0,100,0,103073004
3,1,84,117,1,2,1,1,-8,2008,,,1,7200,0,2,,,,1800,0,5400,0,103084117
3,1,67,37,1,1,1,4,,2008,,,1,7000,0,2,,,,0,0,7000,0,103067037
3,1,67,22,1,1,1,4,-8,2009,,,1,300,0,2,,,,0,0,300,0,103067022
3,1,78,60,2,1,1,4,-8,,3,,1,30,0,2,,,,0,0,0,0,103078060
3,1,73,24,1,1,1,4,-8,2010,,,1,50,0,2,,,,0,0,50,0,103073024
3,1,79,50,3,2,1,4,-8,2009,,,1,200,0,2,,,,0,0,200,0,103079050
3,1,74,36,1,1,1,4,-8,2008,,,1,1200,0,2,,,,0,0,1200,0,103074036
3,1,79,33,1,1,1,4,-8,2003,,,1,40,0,2,,,,0,0,40,0,103079033
3,1,79,33,3,1,1,4,-8,2008,,,1,20,0,2,,,,0,0,20,0,103079033
3,1,77,29,3,1,1,,-8,2009,,,1,280,0,2,,,,0,0,280,0,103077029
3,1,79,52,1,1,1,4,-8,2009,,,1,130,0,2,,,,0,0,130,0,103079052
3,1,74,14,2,1,1,4,-8,2008,,,1,80,0,2,,,,0,0,80,0,103074014
3,1,73,10,3,1,1,4,-8,2009,,,1,10,0,2,,,,0,0,10,0,103073010
3,1,76,83,1,1,1,4,-8,3,,,1,40,0,2,,,,0,0,40,0,103076083
3,1,77,27,1,1,1,4,-8,2008,,,1,35,0,2,,,,5,0,30,0,103077027
3,1,80,26,1,2,1,4,,,3,,1,200,0,2,,,,100,0,100,0,103080026
3,1,73,70,2,1,1,4,-8,2009,,,1,50,0,2,,,,0,0,50,0,103073070
3,1,62,62,1,1,1,4,-8,2009,,,1,200,0,2,,,,0,0,200,0,103062062
3,1,67,53,1,1,1,7,,2009,,,1,6000,0,2,,,,0,0,6000,0,103067053
3,1,61,131,1,1,1,4,-8,2009,,,1,200,0,2,,,,0,0,200,0,103061131
3,1,75,34,2,1,1,6,,2008,1,,1,10,0,2,,,,0,0,10,0,103075034
3,1,74,30,2,1,1,4,,2009,,,1,80,0,2,,,,0,0,80,0,103074030
3,1,67,58,1,1,1,4,-8,2009,,,1,160,0,2,,,,0,0,160,0,103067058
3,1,67,29,5,1,1,4,,2009,,,1,50,0,2,,,,0,0,50,0,103067029
3,1,79,50,4,2,1,4,-8,2009,,,1,50,0,2,,,,0,0,50,0,103079050
3,1,77,29,1,1,1,,-8,2009,,,1,180,0,2,,,,0,0,180,0,103077029
3,43,98,76,1,1,1,4,,2009,10,,1,70,0,2,,,,0,0,70,0,103098076
3,43,97,19,1,2,1,4,,2009,8,,1,100,0,2,,,,0,0,100,0,103097019
3,43,97,15,1,1,1,4,,2009,10,,1,500,0,2,,,,0,0,500,0,103097015
3,1,73,70,3,1,1,5,-8,2009,,,1,120,0,2,,,,0,0,120,0,103073070
3,1,67,3,1,1,1,4,-8,,,,1,2240,0,2,,,,0,0,2240,0,103067003
3,1,67,29,1,1,1,4,-8,2010,,,1,90,0,2,,,,0,0,90,0,103067029
3,1,70,38,1,1,1,4,-8,,,14,1,260,0,2,,,,0,0,260,0,103070038
3,1,80,21,1,1,1,4,,2009,11,,1,120,0,2,,,,0,0,120,0,103080021
3,43,98,76,2,1,1,4,,2010,1,,1,60,0,2,,,,0,0,60,0,103098076
3,1,84,92,1,1,1,4,-8,2009,3,,1,4000,0,2,,,,0,0,600,0,103084092
3,1,80,56,2,1,1,4,-8,,1,,1,200,0,1,,10,,210,0,0,0,103080056
3,1,75,34,1,1,1,6,,2008,1,,1,15,0,2,,,,0,0,15,0,103075034
3,1,61,131,2,1,1,5,-8,2009,,,1,400,0,2,,,,0,0,400,0,103061131
3,1,62,195,1,1,1,4,,2009,,,1,150,0,2,,,,0,0,150,0,103062195
3,1,77,29,2,1,1,,-8,2009,,,1,650,0,2,,,,0,0,650,0,103077029
3,1,67,29,2,1,1,4,,2010,,,1,60,0,2,,,,0,0,60,0,103067029
3,1,82,41,1,1,1,4,-8,2008,9,,1,2500,0,2,,,,1500,0,1000,0,103082041
3,43,97,15,2,1,1,4,,2009,3,,1,500,0,2,,,,0,0,500,0,103097015
3,1,80,56,1,1,1,4,-8,,2,,1,400,0,1,,20,,210,0,210,0,103080056
3,1,80,21,2,1,1,4,,2009,11,,1,130,0,2,,,,0,0,130,0,103080021
3,1,72,2,1,1,1,4,-8,2009,,,1,250,0,2,,,,0,0,250,0,103072002
3,1,77,138,1,1,1,4,,2009,,,1,41,0,2,,,,0,0,41,0,103077138
3,1,79,50,1,2,1,4,-8,2009,,,1,350,0,2,,,,0,0,350,0,103079050
3,1,77,138,2,1,1,4,,2009,,,1,19,0,2,,,,0,0,19,0,103077138
3,1,73,10,1,1,1,4,-8,2009,,,1,30,0,2,,,,0,0,30,0,103073010
3,1,73,10,2,1,1,4,-8,2009,,,1,40,0,2,,,,0,0,40,0,103073010
3,1,73,52,1,1,1,4,-8,2009,,,1,100,0,2,,,,0,0,100,0,103073052
3,1,74,30,4,1,1,4,,2009,,,1,90,0,2,,,,0,0,90,0,103074030
3,1,74,30,3,1,1,4,,2009,,,1,50,0,2,,,,0,0,50,0,103074030
3,1,74,14,1,1,1,5,-8,2008,,,1,200,0,2,,,,0,0,200,0,103074014
3,1,75,49,1,1,1,4,-8,,3,,1,300,0,2,,,,0,0,300,0,103075049
3,1,74,26,1,2,1,4,,,6,,1,100,0,2,,,,0,0,100,0,103074026
3,1,75,33,1,1,1,5,,2009,8,,1,50,0,2,,,,0,0,50,0,103075033
3,41,88,12,1,1,,10,,,,,,0,0,,,,,0,0,0,0,103088012
3,43,95,52,1,1,1,4,,2009,12,14,1,30,0,2,,,,0,0,30,0,103095052
3,41,87,34,1,1,1,3,,2007,,,1,150,0,2,,,,0,0,150,0,103087034
3,41,87,12,1,1,,,,,,,,0,0,,,,,0,0,0,0,103087012
3,41,87,12,4,2,1,3,-8,2009,,,1,50,0,2,,,,0,0,50,0,103087012
3,43,96,98,1,1,1,4,,2009,,,1,250,0,2,,,,80,0,170,0,103096098
3,43,96,58,1,1,1,4,,3,,,1,75,0,2,,,,0,0,75,0,103096058
3,41,87,12,3,2,1,3,-8,2009,,,1,20,0,2,,,,0,0,20,0,103087012
3,41,87,12,2,2,1,10,12,2009,,,1,800,0,2,,,,0,0,800,0,103087012
3,43,96,50,1,2,1,4,,,2,,1,40,0,2,,,,0,0,40,0,103096050
4,7,117,11,1,1,1,4,-8,,7,,1,100,0,2,,,,0,0,100,0,104117011
4,7,117,33,1,1,1,6,-8,1,,,1,120,0,2,,,,0,0,120,0,104117033
4,7,117,33,3,2,1,6,-8,1,,,1,40,0,2,,,,0,0,40,0,104117033
4,58,131,31,1,1,1,3,-8,2009,7,5,1,1000,0,2,,,,0,0,1000,0,104131031
4,58,131,8,1,1,1,6,,5,,,1,200,0,2,,,,0,0,200,0,104131008
4,7,117,11,2,2,1,4,-8,,2,,1,7,0,2,,,,0,0,7,0,104117011
4,58,130,21,1,1,1,4,-8,,6,,1,100,0,2,,,,0,0,100,0,104130021
4,58,131,9,1,1,1,6,,1,,,1,100,0,2,,,,60,0,40,0,104131009
4,3,103,20,1,1,1,4,16,7,,,1,25,0,2,,,,0,0,25,0,104103020
4,49,120,27,2,1,1,4,,,1,,1,30,0,2,,,,0,0,20,0,104120027
4,58,131,59,1,1,1,4,,2009,4,25,1,100,0,2,,,,0,0,100,0,104131059
4,49,120,33,1,1,1,3,,2,,,1,300,0,2,,,,0,0,300,0,104120033
4,7,117,33,2,1,,6,-8,1,,,1,200,0,2,,0,,120,0,80,0,104117033
4,49,120,33,2,1,1,3,,,2,,1,80,0,2,,,,0,0,80,0,104120033
4,3,101,57,1,1,1,4,,2009,11,,1,40,0,2,,,,0,0,40,0,104101057
4,58,130,46,1,1,1,5,,,3,,1,30,0,2,,,,0,0,30,0,104130046
4,7,117,10,1,2,1,5,-8,2003,,,1,100,0,2,,,,0,0,100,0,104117010
4,58,131,8,2,1,1,6,,1,,,1,70,0,2,,,,0,0,70,0,104131008
4,49,120,27,1,1,1,4,,,1,,1,30,0,2,,,,0,0,30,0,104120027
4,59,128,28,1,1,1,4,-8,2009,11,15,1,50,0,2,,,,0,0,50,0,104128028
4,3,101,57,2,1,1,4,,2009,10,,1,100,0,2,,,,50,0,50,0,104101057
4,58,130,21,2,1,1,4,-8,,7,,1,30,0,2,,,,0,0,30,0,104130021
4,7,117,34,1,1,1,4,-8,,4,,1,126,0,2,,,,0,0,126,0,104117034
4,3,101,69,1,1,1,4,,2009,7,,1,50,0,2,,,,0,0,50,0,104101069
4,51,133,38,1,2,1,4,-8,2009,2,,1,100,0,2,,,,0,0,100,0,104133038
4,6,114,7,1,1,1,4,-8,2006,,,9,30,0,2,,,,0,0,300,0,104114007
4,51,127,8,1,1,1,4,,,1,,1,40,0,2,,,,0,0,40,0,104127008
4,58,132,29,1,1,1,4,-8,2010,,,1,350,0,2,,,,0,0,350,0,104132029
4,50,126,7,1,1,1,4,,1,,,1,100,0,2,,,,0,0,100,0,104126007
4,51,133,25,1,1,1,4,,,,25,1,20,0,2,,,,0,0,20,0,104133025
4,49,121,16,1,1,1,4,,2,,,1,35,0,2,,,,0,0,35,0,104121016
4,51,133,45,2,1,1,4,-8,2009,11,12,1,220,0,2,,,,0,0,220,0,104133045
4,58,132,18,2,1,1,5,-8,,,7,1,65,0,2,,,,20,0,45,0,104132018
4,58,129,25,1,1,1,4,,1,,,1,200,0,2,,,,0,0,200,0,104129025
4,58,132,18,1,1,1,5,-8,,,5,1,30,0,2,,,,10,0,20,0,104132018
4,60,111,53,1,1,1,3,-8,2010,,,1,100,0,2,,,,0,0,100,0,104111053
4,62,118,11,1,2,1,4,-8,2009,8,,1,150,0,2,,,,0,0,150,0,104118011
4,51,127,12,1,2,1,4,-8,2009,12,17,1,7,0,2,,,,4,0,3,0,104127012
4,46,108,30,2,1,1,3,-8,2009,,,1,200,0,2,,,,0,0,200,0,104108030
4,50,342,26,1,2,1,4,,1,,,1,50,0,2,,,,0,0,50,0,104342026
4,55,122,15,1,2,1,4,-8,2008,11,15,1,20,0,2,,,,0,0,20,0,104122015
4,6,114,1,1,1,1,4,-8,2009,,,1,20,0,2,,,,0,0,0,0,104114001
4,55,122,14,1,1,1,4,-8,2008,,,1,40,0,2,,,,15,0,25,0,104122014
4,51,133,45,1,1,1,4,-8,2009,6,15,1,200,0,2,,,,50,0,150,0,104133045
4,46,109,25,1,1,1,4,,2009,,,1,50,0,2,,,,0,0,50,0,104109025
4,46,108,30,1,1,1,4,-8,2009,,,1,50,0,2,,,,0,0,50,0,104108030
4,49,121,103,1,1,1,4,-8,2009,10,19,1,100,0,2,,,,0,0,100,0,104121103
4,58,132,9,1,1,1,4,-8,2009,12,19,1,1200,0,2,,,,0,0,1200,0,104132009
4,46,109,22,1,1,1,4,,2007,5,,1,20,0,2,,,,0,0,0,0,104109022
4,54,104,41,1,1,1,4,-8,2008,,,1,45,0,2,,,,0,0,45,0,104104041
4,58,132,36,1,1,1,4,-8,2009,,,1,160,0,2,,,,0,0,160,0,104132036
4,58,129,26,1,1,1,4,,2,,,1,100,0,2,,,,0,0,100,0,104129026
4,49,121,3,1,1,1,3,,1995,,,1,13,0,2,,,,0,0,13,0,104121003
4,58,132,19,1,1,1,4,,,3,,1,400,0,2,,,,150,0,250,0,104132019
4,62,118,29,1,1,1,4,-8,2009,,,1,500,0,2,,,,0,0,500,0,104118029
5,68,137,27,4,1,1,4,,,,,1,50,0,2,,,,0,0,50,0,105137027
5,15,175,65,1,1,1,4,-8,2008,3,,1,280,0,,,,,0,0,280,0,105175065
5,12,168,9,2,1,1,5,-8,1,,,1,20,0,2,,,,2,0,18,0,105168009
5,70,136,10,1,1,1,4,-8,,3,,1,20,0,2,,,,0,0,20,0,105136010
5,73,142,24,1,1,1,6,,1,,,1,1500,0,2,,,,600,0,900,0,105142024
5,7,155,21,5,2,1,4,-8,,1,,1,13,0,2,,,,0,0,13,0,105155021
5,82,139,8,2,1,1,4,-8,,6,,1,50,0,2,,,,0,0,50,0,105139008
5,12,168,52,3,1,1,4,,3,,,1,80,0,2,,,,0,0,80,0,105168052
5,15,175,105,1,1,1,4,-8,2009,11,,1,45,0,2,,,,20,0,25,0,105175105
5,12,168,9,3,1,1,5,-8,1,,,1,15,0,2,,,,0,0,15,0,105168009
5,9,163,53,6,2,2,6,,,6,,1,100,0,2,,,,0,0,100,0,105163053
5,10,165,53,4,1,1,4,,,9,,1,10,0,2,,,,0,0,10,0,105165053
5,9,163,53,4,2,2,6,,,3,,1,400,0,2,,,,0,0,400,0,105163053
5,73,142,13,1,1,1,1,,,4,,1,500,0,2,,,,0,0,500,0,105142013
5,8,158,25,1,1,1,6,-8,3,,,1,0,0,2,,,,0,0,300,0,105158025
5,68,137,27,3,1,1,4,,,,,1,20,0,2,,,,0,0,20,0,105137027
5,7,155,21,2,1,1,5,-8,,1,,1,100,0,2,,,,0,0,100,0,105155021
5,9,163,37,1,1,1,3,-8,,6,,1,300,0,2,,,,0,0,300,0,105163037
5,10,165,53,2,1,1,4,,,1,,1,20,0,2,,,,0,0,20,0,105165053
5,82,139,100,1,1,2,4,,,3,,1,40,0,2,,,,0,0,40,0,105139100
5,12,168,52,1,1,1,4,,3,,,1,150,0,2,,,,50,0,120,0,105168052
5,70,136,22,1,1,1,4,-8,,1,,1,40,0,2,,,,0,0,40,0,105136022
5,15,175,38,1,2,1,6,,2009,11,,1,200,0,2,,,,0,0,200,0,105175038
5,9,163,53,2,1,1,4,,,6,,1,200,0,2,,,,0,0,200,0,105163053
5,68,137,27,1,1,1,3,-8,,,,1,150,0,2,,,,0,0,150,0,105137027
5,9,163,16,1,2,1,10,16,3,,,1,150,0,2,,,,0,0,150,0,105163016
5,80,143,13,1,1,1,4,,,11,,1,250,0,2,,,,0,0,250,0,105143013
5,9,163,53,1,1,1,4,,,4,,1,300,0,2,,,,0,0,300,0,105163053
5,8,158,37,1,1,1,4,,5,,,1,0,0,2,,,,0,0,8,0,105158037
5,68,137,27,2,1,1,4,,,,,1,300,0,2,,,,0,0,300,0,105137027
5,12,168,86,3,1,1,6,-8,2009,,,1,250,0,2,,,,0,0,250,0,105168086
5,12,168,52,2,1,1,4,,3,,,1,150,0,2,,,,0,0,150,0,105168052
5,8,158,24,1,1,1,4,,1,,,1,50,0,2,,,,0,0,50,0,105158024
5,10,165,53,3,1,1,4,,,5,,1,50,0,2,,,,0,0,50,0,105165053
5,8,158,26,1,1,1,4,,1,,,1,200,0,2,,,,200,0,0,0,105158026
5,12,168,9,1,1,1,5,-8,1,,,1,20,0,2,,,,0,0,20,0,105168009
5,12,168,86,2,1,1,6,-8,2009,,,1,40,0,2,,,,0,0,40,0,105168086
5,9,163,69,1,1,1,6,-8,,,14,1,10,0,2,,,,0,0,10,0,105163069
5,8,158,35,1,1,1,4,,,1,,1,80,0,2,,,,35,0,45,0,105158035
5,12,168,43,1,2,1,6,-8,2009,,,1,128,0,,,,,65,20,62,80,105168043
5,9,163,69,2,1,1,6,-8,,,7,1,5,0,2,,,,0,0,5,0,105163069
5,8,158,24,2,4,2,6,,1,,,1,40,0,2,,,,0,0,40,0,105158024
5,15,175,41,1,2,1,6,-8,2009,10,,1,1000,0,2,,,,0,0,1000,0,105175041
5,8,159,11,2,1,1,4,,1,,,1,1200,0,2,,,,1000,0,200,0,105159011
5,8,158,37,4,1,1,4,,3,,,1,0,0,2,,,,50,0,40,0,105158037
5,8,158,34,1,1,1,4,-8,,4,,1,60,0,1,20,,,0,0,60,0,105158034
5,7,155,14,1,1,1,4,1,,,,1,30,0,2,,,,0,0,30,0,105155014
5,8,157,83,2,1,1,5,,2008,5,,1,0,0,,,,,0,0,0,0,105157083
5,8,157,70,1,2,1,4,,2004,,,1,500,0,1,100,,,200,0,100,0,105157070
5,8,159,11,1,1,1,4,,10,,,1,2500,0,2,,,,0,0,2500,0,105159011
5,7,155,2,1,1,1,4,,,7,,1,200,0,2,,,,0,0,200,0,105155002
5,10,165,27,1,1,1,1,,,2,,1,100,0,2,,,,0,0,100,0,105165027
5,7,155,21,3,2,1,4,-8,,1,,1,60,0,2,,,,0,0,60,0,105155021
5,8,158,28,1,1,1,6,,1,,,1,3000,0,2,,,,2000,0,1000,0,105158028
5,12,168,52,4,1,1,4,,4,,,1,20,0,2,,,,0,0,20,0,105168052
5,8,158,25,2,1,1,6,-8,1,,,1,0,0,2,,,,0,0,200,0,105158025
5,15,175,107,1,2,1,6,-8,2009,12,,1,200,0,2,,,,100,0,100,0,105175107
5,12,168,9,4,1,1,5,-8,1,,,1,30,0,2,,,,5,0,25,0,105168009
5,9,163,9,1,1,1,7,,,1,,1,100,0,2,,,,50,0,50,0,105163009
5,9,163,47,2,2,1,6,,,2,,1,100,0,2,,,,0,0,100,0,105163047
5,7,155,21,1,1,1,5,-8,,1,,1,100,0,2,,,,0,0,100,0,105155021
5,9,163,47,1,1,1,1,,3,,,1,300,0,2,,,,0,0,300,0,105163047
5,9,163,34,1,1,1,6,,,2,,1,500,0,2,,,,0,0,500,0,105163034
5,68,137,11,1,1,1,4,,3,,,1,20,0,2,,,,0,0,20,0,105137011
5,80,143,7,1,1,1,4,-8,2,,,1,160,0,2,,,,0,0,160,0,105143007
5,15,175,102,1,1,1,4,-8,2007,1,1,1,300,0,2,,,,0,0,100,0,105175102
5,12,168,46,1,2,1,4,,2009,,,1,15,0,2,,,,0,0,15,0,105168046
5,8,158,37,3,1,1,4,,3,,,1,0,0,2,,,,60,0,426,0,105158037
5,80,143,9,1,1,1,4,,4,,,1,30,0,2,,,,0,0,30,0,105143009
5,9,163,72,3,1,1,6,,1,,,1,50,0,2,,,,0,0,50,0,105163072
5,9,163,72,1,1,1,6,,1,,,1,24,0,2,,,,0,0,24,0,105163072
5,8,157,10,1,1,1,4,,,11,,1,30,0,2,,,,0,0,30,0,105157010
5,8,157,83,1,1,1,4,,2008,6,23,8,2000,0,1,100,,,60,0,2500,0,105157083
5,8,158,37,2,1,1,3,,5,,,1,0,0,2,,,,15,0,5,0,105158037
5,9,163,72,2,1,1,6,,1,,,1,50,0,2,,,,0,0,50,0,105163072
5,8,159,13,1,1,1,4,,,0,1,1,70,0,1,5,,,0,0,70,0,105159013
5,15,175,28,1,1,1,6,,2009,12,,1,100,0,2,,,,0,0,100,0,105175028
5,9,163,53,3,1,1,4,,,5,,1,200,0,2,,,,0,0,200,0,105163053
5,10,165,53,1,1,1,8,,,2,,1,500,0,2,,,,0,0,500,0,105165053
5,10,165,5,1,2,1,5,-8,,1,,1,68,0,2,,,,32,0,36,50,105165005
5,15,175,81,1,2,1,4,-8,2009,8,,1,80,0,2,,,,0,0,80,0,105175081
5,7,155,21,4,2,1,4,-8,,1,,1,13,0,2,,,,0,0,13,0,105155021
5,12,168,86,1,1,1,6,-8,2009,,,1,50,0,2,,,,20,0,30,0,105168086
5,9,163,9,2,1,1,4,,,,14,1,10,0,2,,,,0,0,10,0,105163009
5,7,155,18,1,1,1,4,,2010,1,,1,60,0,2,,,,30,0,30,0,105155018
5,82,139,8,1,1,1,4,-8,,2,,1,40,0,2,,,,20,0,20,0,105139008
5,8,157,78,1,2,1,4,,2007,8,,1,30,0,2,,,,0,0,30,0,105157078
5,12,168,78,1,1,1,4,,,2,,1,20,0,2,,,,0,0,20,0,105168078
5,8,157,83,3,1,1,5,,2008,2,,1,0,0,,,,,0,0,0,0,105157083
5,9,163,53,5,2,2,6,,,4,,1,200,0,2,,,,0,0,200,0,105163053
5,12,169,38,1,1,1,3,-8,2003,,,1,72,0,2,,,,0,0,72,0,105169038
5,14,174,61,2,1,1,4,,4,,,1,100,0,2,,,,0,0,100,0,105174061
5,9,161,11,1,1,1,11,,11,,,1,6,0,2,,,,0,0,6,0,105161011
5,7,156,68,2,2,1,4,-8,1,,,1,120,0,2,,,,0,0,120,0,105156068
5,11,166,1,5,2,1,9,,2009,,,1,300,0,2,,,,0,0,300,0,105166001
5,7,156,49,2,2,1,3,-8,,1,,1,50,0,2,,,,0,0,50,0,105156049
5,69,134,11,1,1,1,3,,,,14,1,100,0,2,,,,0,0,100,0,105134011
5,67,152,28,1,1,1,4,-8,2010,,,1,40,0,2,,,,10,0,30,0,105152028
5,13,171,10,1,1,1,4,-8,,4,,1,100,0,1,250,,,300,0,100,0,105171010
5,15,176,8,1,1,1,6,-8,,6,,1,60,0,2,,,,0,0,60,0,105176008
5,80,146,29,3,1,1,4,-8,2,,,1,20,0,2,,,,0,0,20,0,105146029
5,7,156,41,1,1,1,4,-8,2,,,1,50,0,2,,,,0,0,50,0,105156041
5,67,154,46,2,1,1,4,,,4,,1,110,0,2,,,,0,0,110,0,105154046
5,80,146,45,1,1,1,3,-8,2,,,1,200,0,2,,,,0,0,200,0,105146045
5,15,176,6,2,1,1,6,,,,4,1,0,0,2,,,,0,0,50,0,105176006
5,14,174,61,1,1,1,4,,5,,,1,2000,0,2,,,,0,0,2000,0,105174061
5,71,148,46,1,1,1,4,-8,,2,,1,100,0,1,500,,,0,0,150,0,105148046
5,7,156,70,1,1,1,4,-8,7,,,1,140,0,2,,,,0,0,140,0,105156070
5,67,153,24,1,1,1,4,,,3,,1,60,0,2,,,,0,0,60,0,105153024
5,82,140,15,1,1,1,4,,2007,,,7,50,0,2,,,,25,0,25,0,105140015
5,5,147,14,1,1,1,4,,,2,,1,70,0,2,,,,0,0,70,0,105147014
5,15,176,22,1,1,1,3,,3,,,1,50,0,2,,,,0,0,50,0,105176022
5,15,176,87,2,1,1,8,-8,,3,,1,90,0,2,,,,0,0,90,0,105176087
5,11,166,39,1,2,1,6,,,,21,1,10,0,2,,,,0,0,10,0,105166039
5,7,156,70,2,1,1,4,-8,6,,,1,37,0,2,,,,0,0,37,0,105156070
6,109,296,34,1,1,1,4,,2009,5,,1,25,0,2,,,,0,0,25,0,108296034
6,109,296,34,2,1,1,4,,2009,9,,1,30,0,2,,,,0,0,30,0,108296034
5,11,166,57,1,1,1,1,,,1,,1,43,0,2,,,,0,0,43,0,105166057
5,15,177,2,2,2,1,4,-8,,6,,1,15,50,2,,,,0,0,15,50,105177002
5,12,170,21,4,1,1,6,,2,,,1,30,0,2,,,,0,0,30,0,105170021
5,11,166,12,1,1,1,3,,2007,,,1,10,0,2,,,,0,0,10,0,105166012
5,67,153,50,1,1,1,1,,,6,,1,4000,0,2,,,,1000,0,3000,0,105153050
5,5,147,15,1,1,1,3,,2,,,1,40,0,2,,,,0,0,40,0,105147015
5,11,166,1,2,2,1,4,,2008,,,1,36,0,2,,,,20,0,16,0,105166001
5,14,174,31,1,1,1,3,-8,,2,,1,10,0,2,,,,0,0,10,0,105174031
5,80,146,29,2,1,1,4,-8,3,,,1,25,0,2,,,,0,0,25,0,105146029
5,15,177,2,1,2,1,4,-8,1,,,1,70,0,2,,,,0,0,70,0,105177002
5,10,164,38,1,1,1,1,,,6,,1,100,0,2,,,,0,0,100,0,105164038
5,15,177,4,2,1,1,4,-8,,3,,1,30,0,2,,,,0,0,30,0,105177004
5,11,166,40,1,1,1,3,-8,1,,,1,15,0,2,,,,0,0,15,0,105166040
5,80,146,29,4,1,1,4,-8,1,,,1,20,0,2,,,,0,0,20,0,105146029
5,5,147,13,2,1,1,4,-8,,,3,1,40,0,2,,,,0,0,40,0,105147013
5,82,140,23,1,1,1,4,,2010,2,14,1,20,0,2,,,,20,0,20,0,105140023
5,5,147,54,1,1,1,3,-8,2005,,,1,480,0,2,,,,100,0,380,0,105147054
5,71,148,35,1,1,1,4,,,8,,1,200,0,2,,,,0,0,200,0,105148035
5,67,150,21,1,1,1,3,,,1,,1,10,0,2,,,,0,0,10,0,105150021
5,67,150,45,1,2,1,4,,2,,,1,26,0,2,,,,26,0,26,0,105150045
5,12,170,21,1,1,1,6,,,2,,1,30,0,2,,,,0,0,30,0,105170021
5,14,174,52,2,1,1,4,,,3,,1,40,0,2,,,,0,0,40,0,105174052
5,67,153,29,1,1,1,4,,1,,,1,100,0,2,,,,0,0,100,0,105153029
5,80,146,53,1,1,1,4,-8,,5,,1,50,0,2,,,,0,0,50,0,105146053
5,14,174,70,2,1,1,4,-8,,3,,1,20,0,2,,,,0,0,20,0,105174070
5,67,154,44,1,2,1,4,,3,,,1,10,0,2,,,,0,0,10,0,105154044
5,10,164,26,1,1,1,3,30,,5,,1,15,0,2,,,,0,0,15,0,105164026
5,13,171,32,2,1,1,4,-8,1,1,,1,400,0,2,,,,310,0,90,0,105171032
5,7,156,13,1,1,1,4,-8,3,,,1,105,0,2,,,,0,0,105,0,105156013
5,10,164,8,1,1,1,4,,,5,,1,15,0,2,,,,0,0,15,0,105164008
5,7,156,70,4,1,1,4,-8,3,,,1,100,0,2,,,,0,0,100,0,105156070
6,109,296,45,2,1,1,3,,2009,4,,1,70,0,2,,,,0,0,70,0,108296045
5,15,176,3,3,1,1,6,,,4,,1,20,0,2,,,,0,0,20,0,105176003
5,9,161,6,2,1,1,,,,6,,1,100,0,2,,,,50,0,50,0,105161006
6,109,296,20,1,1,1,4,,2009,10,15,1,50,0,2,,,,0,0,50,0,108296020
5,67,151,34,1,1,1,4,-8,2006,,,1,870,0,2,,,,0,0,870,0,105151034
5,5,147,13,1,1,1,3,-8,,3,,1,20,0,2,,,,0,0,20,0,105147013
5,12,169,35,2,1,1,4,-8,2009,,,1,15,0,2,,,,0,0,15,0,105169035
5,14,174,52,1,1,1,4,,,3,,1,60,0,2,,,,0,0,60,0,105174052
5,9,162,15,2,1,2,4,,,4,,1,200,0,2,,,,30,0,150,0,105162015
5,9,162,29,2,1,1,1,,2008,,,1,150,0,2,,,,0,0,150,0,105162029
5,67,150,55,1,2,1,3,,1,,,1,70,0,2,,,,0,0,70,0,105150055
5,10,164,29,4,2,1,1,,,2,,1,60,0,2,,,,0,0,60,0,105164029
5,10,164,30,1,2,1,6,,,1,,1,50,0,2,,,,0,0,50,0,105164030
5,9,162,27,1,1,1,4,,2,,,1,430,0,2,,,,300,0,130,0,105162027
5,11,166,1,1,1,1,8,,2009,,,1,500,0,2,,,,0,0,500,0,105166001
5,11,166,52,1,1,1,4,,1,,,1,100,0,2,,,,0,0,100,0,105166052
5,67,153,3,1,1,1,4,,2,,,1,100,0,2,,,,50,0,50,0,105153003
5,12,169,7,1,1,1,4,-8,,,2,1,40,0,2,,,,0,0,40,0,105169007
5,10,164,29,3,1,1,3,,,2,,1,16,0,2,,,,0,0,16,0,105164029
5,11,166,31,1,1,1,6,,3,,,1,47,0,2,,,,0,0,47,0,105166031
5,11,166,1,4,2,1,4,,2009,,,1,2,20,2,,,,0,0,2,20,105166001
5,12,170,21,2,1,1,6,,,2,,1,45,0,2,,,,0,0,45,0,105170021
5,80,145,41,1,2,1,4,-8,,3,,1,100,0,2,,,,100,0,0,0,105145041
5,13,171,32,1,1,1,4,-8,,4,,1,300,0,2,,,,0,0,300,0,105171032
5,11,166,1,3,2,1,3,,2009,,,1,2,20,2,,,,0,0,2,20,105166001
5,12,169,35,3,1,1,4,-8,2009,,,1,15,0,2,,,,0,0,15,0,105169035
5,67,153,37,1,4,1,1,,,4,,1,320,0,2,,,,0,0,320,0,105153037
5,67,152,45,1,2,2,4,,,1,,1,60,0,2,,,,0,0,60,0,105152045
5,14,174,70,3,1,1,4,-8,,4,,1,100,0,2,,,,0,0,100,0,105174070
5,15,176,87,1,1,1,4,,,,14,1,9,0,2,,,,0,0,9,0,105176087
5,15,177,2,4,3,1,4,-8,,2,,1,0,0,,,,,0,0,0,0,105177002
5,11,166,12,2,1,1,3,,2007,,,1,20,0,2,,,,0,0,20,0,105166012
5,15,176,22,2,1,1,6,,3,,,1,150,0,2,,,,0,0,150,0,105176022
5,15,177,39,1,1,1,4,,4,,,1,80,0,2,,,,0,0,80,0,105177039
5,14,174,70,1,1,1,4,-8,,1,,1,50,0,2,,,,0,0,50,0,105174070
5,15,176,3,2,1,1,6,,,4,,1,15,0,2,,,,0,0,15,0,105176003
5,9,162,1,1,1,1,5,,2008,,,1,270,0,2,,,,0,0,270,0,105162001
5,67,152,29,1,1,1,4,-8,3,,,1,300,0,1,6,,,0,0,300,0,105152029
5,13,171,32,3,1,1,4,-8,,6,,1,30,0,2,,,,0,0,30,0,105171032
5,13,171,25,1,1,1,3,,,,,1,70,0,2,,,,0,0,70,0,105171025
5,67,154,21,2,1,1,3,-8,,3,,1,20,0,2,,,,10,0,10,0,105154021
5,14,174,61,4,1,1,4,,1,,,1,100,0,2,,,,0,0,100,0,105174061
5,9,162,1,2,2,1,5,,,2,,1,30,0,2,,,,0,0,30,0,105162001
5,11,166,52,2,2,1,3,,,2,,1,30,0,2,,,,0,0,30,0,105166052
5,69,135,37,1,1,1,4,-8,,3,,1,60,0,2,,,,0,0,60,0,105135037
5,67,152,44,1,2,1,4,,2006,,,1,120,0,2,,,,60,0,60,0,105152044
6,109,296,45,1,1,1,3,,2009,4,,1,70,0,2,,,,0,0,70,0,108296045
5,12,170,7,1,1,1,,-8,2010,1,,1,15,0,2,,,,0,0,15,0,105170007
5,71,148,77,2,1,1,4,-8,,5,,1,11,0,2,,,,11,0,0,0,105148077
5,10,164,29,1,1,1,3,,,3,,1,180,0,2,,,,0,0,180,0,105164029
5,12,170,7,3,1,1,,-8,2010,1,,1,12,0,2,,,,0,0,12,0,105170007
5,12,170,22,1,1,1,5,-8,1,,,1,15,0,2,,,,0,0,15,0,105170022
5,80,146,25,1,1,1,3,,1,,,1,80,0,2,,,,0,0,80,0,105146025
5,9,162,27,2,1,1,4,,3,,,1,150,0,2,,,,0,0,150,0,105162027
5,9,162,15,5,1,2,6,,,4,,1,30,0,2,,,,0,0,30,0,105162015
5,14,174,53,2,1,1,4,,,4,,1,40,0,2,,,,0,0,40,0,105174053
5,14,173,1,1,2,1,4,,,1,,1,200,0,2,,,,0,0,200,0,105173001
5,7,156,68,1,1,1,4,-8,1,,,1,307,50,2,,,,0,0,307,50,105156068
5,71,148,40,1,1,1,4,,1,,,1,2000,0,2,,,,0,0,2000,0,105148040
5,82,140,22,1,1,1,4,-8,2009,,,1,80,0,2,,,,15,0,65,0,105140022
5,80,146,13,1,1,1,4,,1999,,,1,30,0,2,,,,25,0,5,0,105146013
5,9,162,29,1,1,1,1,,2005,,,1,350,0,2,,,,0,0,350,0,105162029
5,15,176,22,3,1,1,6,,3,,,1,30,0,2,,,,0,0,30,0,105176022
5,15,176,3,5,2,1,6,,2,,,1,50,0,2,,,,0,0,50,0,105176003
5,9,162,24,1,1,1,6,,4,,,1,300,0,2,,,,120,0,180,0,105162024
5,14,174,61,5,1,1,4,,0,3,,1,50,0,2,,,,0,0,50,0,105174061
5,15,176,3,4,1,1,6,,,4,,1,30,0,2,,,,0,0,30,0,105176003
6,109,296,29,1,1,1,4,-8,2005,,,1,600,0,2,,,,150,0,600,0,108296029
5,14,174,61,3,1,1,4,,1,6,,1,50,0,2,,,,0,0,50,0,105174061
5,9,162,35,1,1,1,4,,1,,,1,30,0,2,,,,0,0,30,0,105162035
5,11,166,56,1,1,1,5,,,1,,1,217,0,2,,,,0,0,217,0,105166056
5,5,147,15,2,1,1,4,,2,,,1,30,0,2,,,,0,0,30,0,105147015
5,10,164,30,2,1,1,4,,2,,,1,160,0,2,,,,0,0,160,0,105164030
5,7,156,10,1,1,1,3,-8,2009,10,3,1,50,0,2,,,,0,0,50,0,105156010
5,13,171,5,1,1,1,5,-8,,,16,1,4,80,2,,,,0,0,4,80,105171005
5,10,164,21,2,3,1,4,,,,7,1,30,0,2,,,,0,0,30,0,105164021
5,12,170,12,1,1,1,6,,,1,,1,40,0,2,,,,0,0,40,0,105170012
5,15,177,4,1,1,1,4,-8,,8,,1,50,0,2,,,,25,0,25,0,105177004
5,71,148,40,2,1,1,4,,1,,,1,1000,0,2,,,,0,0,1000,0,105148040
5,9,162,24,2,1,1,6,,3,,,1,1600,0,2,,,,0,0,1600,0,105162024
5,71,148,46,2,1,1,4,-8,,4,,1,100,0,1,500,,,0,0,150,0,105148046
5,12,169,3,1,1,1,5,,,2,,1,120,0,2,,,,0,0,120,0,105169003
5,80,146,13,2,1,1,4,,1999,,,1,30,0,2,,,,0,0,30,0,105146013
5,7,156,70,3,1,1,4,-8,3,,,1,750,0,2,,,,0,0,750,0,105156070
5,15,176,6,1,2,1,6,-8,,,14,1,0,0,2,,,,0,0,10,0,105176006
5,7,156,48,1,1,1,8,,2010,2,1,1,100,0,2,,,,50,0,50,0,105156048
5,9,162,20,1,1,1,6,,4,,,1,80,0,2,,,,20,0,60,0,105162020
5,7,156,49,1,1,1,4,-8,1,,,1,1000,0,2,,,,0,0,1000,0,105156049
5,69,135,69,1,1,1,4,,2009,3,7,1,150,0,2,,,,0,0,0,0,105135069
5,10,164,19,1,1,1,6,-8,,6,,1,110,0,2,,,,90,0,20,0,105164019
5,80,146,13,3,1,1,4,,2001,,,1,100,0,2,,,,45,0,55,0,105146013
5,9,161,6,1,1,1,,,5,,,1,310,0,2,,,,0,0,310,0,105161006
5,10,164,21,1,3,1,3,,,2,,1,100,0,2,,,,0,0,100,0,105164021
5,10,164,29,2,1,1,3,,,2,,1,480,0,2,,,,0,0,480,0,105164029
5,15,176,3,1,1,1,6,,1,,,1,350,0,2,,,,0,0,350,0,105176003
5,67,154,46,1,1,1,4,,,3,,1,50,0,2,,,,0,0,50,0,105154046
5,67,154,22,1,1,1,3,,2,,,1,50,0,2,,,,0,0,50,0,105154022
5,12,169,38,2,1,1,4,-8,2004,,,1,54,0,2,,,,0,0,54,0,105169038
5,9,162,15,3,1,2,6,,,1,,1,100,0,2,,,,0,0,100,0,105162015
5,13,171,32,4,1,1,4,-8,,8,,1,30,0,2,,,,5,0,25,0,105171032
5,67,154,46,3,1,1,4,,,2,,1,40,0,2,,,,0,0,40,0,105154046
5,15,177,4,3,1,1,4,-8,,1,,1,24,0,2,,,,0,0,24,0,105177004
5,9,162,27,3,1,1,4,-8,,2,,1,90,0,2,,,,0,0,90,0,105162027
5,12,170,21,3,1,1,6,,,2,,1,50,0,2,,,,0,0,50,0,105170021
5,14,174,53,3,1,1,4,,,1,,1,40,0,2,,,,0,0,40,0,105174053
5,82,140,11,1,1,1,4,-8,2,,,1,250,0,2,,,,100,0,150,0,105140011
5,9,161,6,3,1,1,,34,,2,,1,14,0,2,,,,0,0,14,0,105161006
5,12,169,35,1,1,1,4,-8,2009,,,1,15,0,2,,,,0,0,15,0,105169035
5,15,177,2,3,2,1,4,-8,,4,,1,20,0,2,,,,10,0,10,0,105177002
5,9,161,13,1,1,1,4,,,1,,1,24,0,2,,,,15,0,9,0,105161013
5,9,162,15,1,1,2,6,,,8,,1,80,0,2,,,,0,0,80,0,105162015
6,109,296,48,1,1,1,3,,2009,10,,1,25,0,2,,,,0,0,25,0,108296048
5,13,171,5,2,1,1,5,-8,,,14,1,2,70,2,,,,0,0,2,70,105171005
5,15,177,12,1,1,1,5,,,1,,1,60,0,2,,,,20,0,40,0,105177012
5,12,170,7,2,1,1,,-8,2010,1,,1,20,0,2,,,,0,0,20,0,105170007
5,11,166,8,1,1,1,4,-8,2009,,,1,50,0,2,,,,0,0,50,0,105166008
5,71,148,78,1,1,1,4,-8,2,,,1,8,50,2,,,,0,0,8,50,105148078
5,80,145,30,1,1,1,3,,,4,,1,40,0,2,,,,0,0,40,0,105145030
5,80,145,82,1,1,1,4,-8,,,,1,4,50,2,,,,0,0,4,50,105145082
5,9,162,20,2,1,1,6,,,2,,1,50,0,2,,,,0,0,50,0,105162020
5,67,151,10,1,1,1,4,,,2,,1,300,0,2,,,,200,0,100,0,105151010
5,14,174,61,6,2,1,4,,1,,,1,10,0,2,,,,0,0,10,0,105174061
5,10,164,35,1,2,1,4,-8,,1,,1,150,0,2,,,,0,0,150,0,105164035
5,71,148,77,1,1,1,4,-8,,6,,1,30,0,2,,,,30,0,0,0,105148077
5,67,154,21,1,1,1,3,-8,,2,,1,50,0,2,,,,40,0,10,0,105154021
5,9,162,31,1,1,2,4,,,,,1,100,0,2,,,,0,0,100,0,105162031
5,14,173,23,1,1,1,3,-8,,6,,1,2000,0,2,,,,0,0,2000,0,105173023
5,5,147,25,1,1,1,4,-8,,2,,1,35,0,2,,,,0,0,35,0,105147025
5,5,147,13,3,1,1,4,-8,,3,,1,10,0,2,,,,0,0,10,0,105147013
5,14,174,53,1,1,1,4,,,6,,1,60,0,2,,,,0,0,60,0,105174053
5,9,162,15,4,1,2,6,,,8,,1,70,0,2,,,,0,0,70,0,105162015
5,67,154,23,1,1,1,4,-8,,,7,1,20,0,2,,,,10,0,10,0,105154023
5,12,169,8,1,1,1,6,-8,2007,,,1,500,0,2,,,,0,0,500,0,105169008
5,80,146,29,1,1,1,3,-8,3,,,1,50,0,2,,,,0,0,50,0,105146029
5,12,169,35,4,1,1,4,-8,2009,,,1,15,0,2,,,,0,0,15,0,105169035
5,10,164,35,2,2,1,4,31,,1,,1,5,0,2,,,,0,0,5,0,105164035
5,15,177,1,1,2,1,4,-8,3,,,1,100,0,2,,,,0,0,100,0,105177001
6,1,217,45,1,1,1,4,43,2007,,,1,300,0,2,,,,170,0,130,0,106217045
6,12,225,37,1,1,1,4,,2009,11,,1,20,0,2,,,,0,0,20,0,106225037
6,10,218,37,2,2,1,4,-8,2009,7,,1,20,0,2,,,,0,0,20,0,106218037
6,1,217,84,1,2,1,3,-8,2009,11,,1,80,0,2,,,,0,0,80,0,106217084
6,10,218,33,3,2,,4,-8,2009,6,,1,100,0,2,,,,0,0,100,0,106218033
6,12,225,14,3,1,1,4,,2009,12,,1,70,0,2,,,,0,0,70,0,106225014
6,10,218,37,1,2,1,4,-8,2009,7,,1,20,0,2,,,,0,0,20,0,106218037
6,1,217,97,1,1,1,4,-8,2008,6,,1,300,0,2,,,,40,0,260,0,106217097
6,102,209,68,1,1,1,4,,2006,,,1,600,0,2,,,,0,0,600,0,106209068
6,10,213,17,1,1,1,4,,2008,,,1,250,0,2,,,,0,0,250,0,106213017
6,102,212,36,1,1,1,4,,1,,,1,1000,0,2,,,,0,0,1000,0,106212036
6,102,207,18,1,1,1,4,,2010,2,21,1,100,0,2,,,,0,0,100,0,106207018
6,10,202,12,2,1,1,5,,,,21,1,50,0,2,,,,0,0,50,0,106202012
6,102,207,42,1,1,1,4,,2008,,,1,1500,0,2,,,,500,0,1000,0,106207042
6,109,233,69,1,1,1,4,-8,2009,12,,1,100,0,2,,,,0,0,100,0,106233069
6,10,215,50,1,1,1,4,,2009,,,1,150,0,2,,,,0,0,150,0,106215050
6,10,213,34,1,2,1,3,-8,,,,1,0,0,2,,,,0,0,50,0,106213034
6,102,207,33,2,1,1,4,,2009,,,1,500,0,2,,,,0,0,500,0,106207033
6,102,207,33,1,1,1,4,,2008,,,1,200,0,2,,,,0,0,200,0,106207033
6,10,202,12,4,1,1,4,,,,3,1,100,0,2,,,,0,0,100,0,106202012
6,10,218,24,1,1,1,4,-8,2009,2,,1,600,0,2,,,,0,0,600,0,106218024
6,12,225,37,2,1,1,4,,2009,10,,1,10,0,2,,,,0,0,10,0,106225037
6,10,219,38,1,1,1,4,,2009,10,10,1,30,0,2,,,,10,0,20,0,106219038
6,10,203,52,2,1,1,4,,4,,,1,0,0,2,,,,50,0,50,0,106203052
6,12,225,14,1,1,1,4,,2009,9,,1,500,0,2,,,,0,0,500,0,106225014
6,10,215,64,1,1,1,5,,2008,,,1,8000,0,2,,,,0,0,8000,0,106215064
6,12,225,14,2,1,1,4,,2009,11,,1,50,0,2,,,,0,0,50,0,106225014
6,109,233,27,1,1,1,4,-8,2010,2,,1,15,0,2,,,,0,0,15,0,106233027
6,102,210,17,1,1,1,3,-8,6,,,1,200,0,2,,,,150,0,50,0,106210017
6,1,217,73,1,1,1,3,-8,,5,,1,20,0,2,,,,0,0,20,0,106217073
6,10,202,12,3,1,1,4,,,2,,1,25,0,2,,,,0,0,25,0,106202012
6,10,203,77,1,1,1,4,,2,,,1,200,0,2,,,,100,0,100,0,106203077
6,102,210,15,1,1,1,4,-8,5,,,1,600,0,2,,,,0,0,600,0,106210015
6,103,221,87,1,1,1,11,,1998,,,1,200,0,2,,,,120,0,80,0,106221087
6,10,218,33,1,2,,4,-8,2008,7,,1,65,0,2,,,,0,0,65,0,106218033
6,10,202,12,1,1,1,4,,,,14,1,60,0,2,,,,0,0,60,0,106202012
6,12,225,17,1,1,1,4,-8,2009,12,,1,140,0,2,,,,0,0,140,0,106225017
6,102,212,19,1,1,1,4,,,,5,1,5,0,2,,,,0,0,5,0,106212019
6,1,217,61,1,1,1,4,-8,2009,8,,1,20,0,2,,,,0,0,20,0,106217061
6,12,225,17,2,1,1,3,-8,2009,12,,1,210,0,2,,,,0,0,210,0,106225017
6,102,210,103,1,1,1,4,,,7,,1,320,0,2,,,,0,0,320,0,106210103
6,10,219,94,1,1,1,4,-8,2009,2,,1,20,0,2,,,,0,0,20,0,106219094
6,103,221,40,1,1,1,4,-8,2009,,,1,250,0,2,,,,0,0,250,0,106221040
6,10,203,77,2,1,1,4,,,4,,1,100,0,2,,,,0,0,100,0,106203077
6,12,225,26,1,1,1,4,-8,2009,12,,1,20,0,2,,,,0,0,20,0,106225026
6,10,215,12,1,2,1,4,,2007,,,1,200,0,2,,,,0,0,200,0,106215012
6,103,221,34,1,1,1,4,,2010,,,1,150,0,2,,,,0,0,150,0,106221034
6,10,203,52,1,1,1,4,,3,,,1,0,0,2,,,,0,0,350,0,106203052
6,10,218,33,2,2,,4,-8,2009,8,,1,100,0,2,,,,0,0,100,0,106218033
6,10,202,5,1,2,1,4,,,2,,1,100,0,2,,,,0,0,100,0,106202005
6,109,228,25,1,1,1,4,,2000,,,1,200,0,2,,,,0,0,200,0,106228025
6,1,181,18,1,1,1,1,-8,2009,5,,1,50,0,2,,,,0,0,50,0,106181018
6,100,197,41,3,1,1,4,,2009,,,1,70,0,2,,,,0,0,70,0,106197041
6,16,235,149,1,1,1,4,,2008,,,1,40,0,2,,,,0,0,40,0,106235149
6,89,192,22,2,1,1,4,,7,2,,1,150,0,1,300,,,0,0,150,0,106192022
6,94,180,11,1,1,1,4,-8,2007,5,15,1,80,0,1,10,,,100,0,100,0,106180011
6,100,197,41,2,1,1,4,,,8,,1,250,0,2,,,,0,0,250,0,106197041
6,94,180,20,1,1,1,3,-8,2009,8,,1,100,0,2,,,,0,0,100,0,106180020
6,93,194,15,2,1,1,4,,2010,,,1,40,0,2,,,,0,0,40,0,106194015
6,108,229,14,2,1,1,4,,2010,1,2,1,45,0,2,,,,0,0,45,0,106229014
6,1,181,8,1,1,1,4,-8,1,,,1,4,0,2,,,,0,0,4,0,106181008
6,103,222,49,1,1,1,6,-8,2009,,,1,900,0,2,,,,600,0,300,0,106222049
6,109,232,81,1,1,1,4,-8,2010,1,,1,14,0,2,,,,0,0,24,0,106232081
6,16,235,16,1,1,1,1,,2007,7,,1,8,40,2,,,,0,0,8,40,106235016
6,109,232,83,1,1,1,4,-8,2009,12,7,1,280,0,2,,,,0,0,280,0,106232083
6,111,226,22,2,1,1,4,-8,2010,1,20,1,3,0,2,,,,0,0,3,0,106226022
6,1,181,3,1,1,2,4,,,3,,1,0,0,2,,,,0,0,0,0,106181003
6,108,229,17,1,1,1,5,-8,2009,10,,1,30,0,2,,,,0,0,30,0,106229017
6,16,235,108,1,2,1,4,40,,5,,6,3,50,2,,,,0,0,3,50,106235108
6,1,181,23,1,1,,4,-8,2009,,,2,200,0,2,,,,0,0,200,0,106181023
6,89,192,38,1,2,1,4,,,1,,1,20,0,2,,,,0,0,20,0,106192038
6,94,180,4,3,3,1,4,3,2008,,,1,100,0,2,,,,0,0,100,0,106180004
6,11,223,101,1,1,1,4,-8,2009,,,1,500,0,2,,,,0,0,500,0,106223101
6,100,198,73,4,1,1,4,-8,,8,,1,10,0,2,,,,0,0,10,0,106198073
6,100,198,117,1,1,1,4,,2009,10,,1,48,0,2,,,,0,0,48,0,106198117
6,103,222,49,2,1,1,6,-8,2009,,,1,400,0,2,,,,300,0,100,0,106222049
6,88,238,14,1,2,1,4,,2009,,,1,60,0,2,,,,0,0,60,0,106238014
6,97,189,4,1,1,1,5,,2009,,,1,600,0,2,,,,460,0,140,0,106189004
6,16,236,52,1,1,1,4,,2009,9,,1,50,0,2,,,,0,0,50,0,106236052
6,103,222,27,1,1,1,4,-8,2009,,,1,20,0,2,,,,0,0,20,0,106222027
6,89,192,4,2,1,1,4,-8,,4,,1,400,0,2,,,,0,0,400,0,106192004
6,100,198,73,2,1,1,4,-8,,4,,1,60,0,2,,,,0,0,60,0,106198073
6,103,222,31,1,1,1,3,-8,2009,,,1,45,0,2,,,,0,0,45,0,106222031
6,1,181,24,1,1,1,4,-8,2005,,,1,180,0,2,,,,0,0,180,0,106181024
6,16,235,143,1,2,1,4,,3,,,1,50,0,2,,,,0,0,50,0,106235143
6,86,220,42,1,1,1,4,,2008,,,1,70,0,2,,,,20,0,50,0,106220042
6,103,222,21,2,1,1,6,-8,,1,,1,7,0,2,,,,5,0,2,0,106222021
6,103,222,49,4,1,1,5,-8,2009,,,1,160,0,2,,,,100,0,60,0,106222049
6,89,192,22,1,1,1,4,,7,8,,1,200,0,1,300,,,0,0,200,0,106192022
6,111,226,22,1,1,1,4,-8,2010,1,20,1,2,0,2,,,,0,0,2,0,106226022
6,16,235,178,1,1,1,4,,2008,5,,1,700,0,2,,,,300,0,400,0,106235178
6,108,229,14,1,1,1,4,-8,2008,11,15,1,6,50,2,,,,0,0,6,50,106229014
6,103,222,49,3,1,1,6,-8,2009,,,1,150,0,2,,,,100,0,50,0,106222049
6,103,222,21,5,1,1,6,-8,,1,,1,7,0,2,,,,5,0,2,0,106222021
6,108,229,13,1,1,1,4,,2009,,,1,50,0,2,,,,40,0,10,0,106229013
6,89,192,22,4,1,1,4,,7,2,,1,100,0,1,300,,,0,0,100,0,106192022
6,88,238,71,1,1,1,4,-8,2010,2,,1,20,0,2,,,,18,0,2,0,106238071
6,97,189,41,1,1,1,4,,,10,,1,130,0,2,,,,80,0,50,0,106189041
6,1,181,18,2,1,1,1,-8,2009,7,,1,20,0,2,,,,0,0,20,0,106181018
6,106,237,3,1,1,1,3,,2009,11,,1,60,0,2,,,,0,0,60,0,106237003
6,1,178,103,1,1,1,4,-8,2009,1,,1,500,0,2,,,,0,0,500,0,106178103
6,108,229,7,1,1,1,10,,2008,,,1,49,40,2,,,,40,0,9,40,106229007
6,100,197,26,1,2,1,4,,2009,4,15,7,30,0,2,,,,0,0,30,0,106197026
6,108,229,30,1,1,1,3,,2009,,,1,50,0,2,,,,0,0,50,0,106229030
6,100,198,71,1,1,1,4,-8,,8,,1,50,0,2,,,,0,0,50,0,106198071
6,94,180,4,2,2,1,4,10,2008,,,1,150,0,2,,,,0,0,150,0,106180004
6,93,194,13,1,1,1,4,,2009,,,1,90,0,2,,,,0,0,90,0,106194013
6,88,238,49,1,1,1,4,-8,2009,,,1,20,0,2,,,,0,0,20,0,106238049
6,94,179,99,1,1,1,4,-8,2008,6,,1,60,0,2,,,,0,0,0,0,106179099
6,1,183,32,2,1,1,4,-8,2006,,,1,30,0,2,,,,0,0,30,0,106183032
6,11,223,33,1,2,2,3,,,10,,1,12,0,2,,,,0,0,12,0,106223033
6,100,198,73,1,1,1,4,-8,,4,,1,25,0,2,,,,0,0,25,0,106198073
6,99,200,60,1,1,1,4,,,,,,0,0,,,,,0,0,0,0,106200060
6,88,238,33,1,1,1,4,-8,2009,,,1,1500,0,2,,,,0,0,1500,0,106238033
6,111,226,11,1,1,1,4,-8,2009,,,1,200,0,1,150,,,100,0,100,0,106226011
6,1,181,7,1,1,1,3,-8,2006,1,,1,50,0,2,,,,0,0,50,0,106181007
6,89,192,4,1,1,1,4,-8,2002,,,1,1000,0,2,,,,0,0,1000,0,106192004
6,88,238,71,2,1,1,4,-8,2010,2,,1,40,0,2,,,,32,0,8,0,106238071
6,103,222,43,1,1,1,4,-8,2009,,,1,400,0,2,,,,140,0,260,0,106222043
6,94,180,4,1,1,1,4,1,2007,,,1,700,0,2,,,,0,0,700,0,106180004
6,16,235,16,2,1,1,4,,2009,5,,1,20,0,2,,,,0,0,20,0,106235016
6,108,230,60,1,1,1,4,-8,2009,6,,1,100,0,2,,,,0,0,100,0,106230060
6,100,198,29,1,1,1,3,,2007,,,1,900,0,2,,,,50,0,850,0,106198029
6,106,237,27,1,1,1,4,-8,2009,4,,1,15,0,2,,,,0,0,15,0,106237027
6,103,222,21,3,1,1,6,-8,,1,,1,8,0,2,,,,4,0,4,0,106222021
6,100,197,41,1,1,1,4,,2009,,,1,200,0,2,,,,0,0,200,0,106197041
6,89,192,22,3,1,1,4,,7,4,,1,250,0,1,300,,,0,0,250,0,106192022
6,98,190,35,1,1,1,4,-8,2009,8,,1,1100,0,2,,,,1100,0,300,0,106190035
6,1,183,32,1,1,1,4,-8,2009,12,,1,15,0,2,,,,0,0,15,0,106183032
6,1,181,20,1,1,1,4,,2,6,,1,80,0,2,,,,20,0,60,0,106181020
6,93,194,57,1,1,1,4,17,2010,,,1,140,0,2,,,,0,0,140,0,106194057
6,95,184,83,1,1,1,5,-8,2010,1,10,1,160,0,2,,,,0,0,160,0,106184083
6,93,194,15,1,1,1,4,,2009,,,1,30,0,2,,,,0,0,30,0,106194015
6,103,222,21,4,1,1,6,-8,,1,,1,7,0,2,,,,5,0,2,0,106222021
6,94,180,4,4,4,1,4,6,2009,,,1,500,0,2,,,,0,0,500,0,106180004
6,94,179,99,2,2,1,4,,2008,,,1,80,0,2,,,,0,0,0,0,106179099
6,88,238,14,2,2,1,4,,2009,,,1,50,0,2,,,,0,0,50,0,106238014
6,1,178,55,1,1,1,4,,2009,3,,1,200,0,2,,200,,0,0,0,0,106178055
6,89,192,28,1,1,1,4,,1,,,1,200,0,2,,,,0,0,200,0,106192028
6,1,183,27,1,1,2,1,,2009,7,,1,2600,0,2,,,,0,0,0,0,106183027
6,109,232,91,1,1,1,4,,2006,,,1,200,0,2,,,,50,0,150,0,106232091
6,100,198,73,3,1,1,4,-8,,4,,1,20,0,2,,,,0,0,20,0,106198073
6,103,222,21,1,1,1,6,-8,,1,,1,8,0,2,,,,4,0,4,0,106222021
6,11,223,21,1,1,1,4,-8,2008,6,,1,300,0,2,,,,0,0,300,0,106223021
6,94,180,23,1,1,1,4,-8,2008,,,1,60,0,2,,,,0,0,0,0,106180023
6,89,188,28,1,1,1,4,,,3,,1,40,0,2,,,,0,0,40,0,106188028
6,16,235,20,1,2,1,6,,,2,,1,180,0,2,,,,0,0,180,0,106235020
6,86,224,43,1,1,1,4,,2009,7,15,1,170,0,2,,,,0,0,170,0,106224043
7,112,243,73,3,1,1,4,-8,2009,11,,1,90,0,2,,,,0,0,90,0,107243073
7,119,256,3,1,4,2,4,-8,2009,,,1,15,0,2,,,,0,0,15,0,107256003
7,114,247,59,1,1,1,2,-8,2010,2,,1,2,0,2,,,,0,0,2,0,107247059
7,112,244,7,1,1,1,4,,2008,,,1,150,0,2,,,,0,0,150,0,107244007
7,119,256,17,2,1,1,4,,2004,,,1,80,0,2,,,,0,0,80,0,107256017
7,112,243,73,1,1,1,4,-8,2009,11,,1,150,0,2,,,,80,0,70,0,107243073
7,112,244,59,1,1,1,4,-8,2009,11,,1,100,0,2,,,,0,0,100,0,107244059
7,114,247,13,1,1,1,4,-8,2009,9,,1,150,0,2,,,,30,0,120,0,107247013
7,130,249,8,1,1,1,4,-8,2009,8,,1,200,0,2,,,,0,0,200,0,107249008
7,115,268,37,1,2,1,4,,2009,,,1,38,0,2,,,,0,0,38,0,107268037
7,119,256,45,1,1,1,7,,2008,,,1,350,0,2,,,,50,0,300,0,107256045
7,127,250,27,2,2,1,5,-8,2009,,,1,70,0,2,,,,0,0,70,0,107250027
7,114,247,40,1,1,1,4,-8,2010,2,,1,80,0,2,,,,0,0,80,0,107247040
7,112,244,10,2,2,1,6,-8,2009,12,,1,10,0,2,,,,5,0,5,0,107244010
7,112,244,71,1,1,1,2,,2009,5,,1,20,0,2,,,,0,0,20,0,107244071
7,112,243,72,1,1,1,4,67,2009,12,28,1,15,0,2,,,,0,0,15,0,107243072
7,112,244,7,2,1,1,4,,2009,,,1,60,0,2,,,,0,0,60,0,107244007
7,112,244,10,4,2,1,6,-8,2009,12,,1,1,0,2,,,,0,0,1,0,107244010
7,127,250,8,1,1,1,4,-8,2009,5,,1,500,0,1,150,,,0,0,950,0,107250008
7,127,250,23,1,1,1,1,-8,2005,,,1,120,0,2,,,,90,0,30,0,107250023
7,112,243,61,1,1,1,4,-8,2009,9,,1,100,0,2,,,,0,0,100,0,107243061
7,119,256,17,1,1,1,4,,2004,,,1,150,0,2,,,,60,0,90,0,107256017
7,115,268,60,1,2,2,4,,2009,,,1,35,0,2,,,,0,0,35,0,107268060
7,112,244,38,2,1,1,4,-8,2010,1,,1,50,0,2,,,,0,0,50,0,107244038
7,127,250,27,1,2,1,5,-8,2009,,,1,170,0,2,,,,0,0,170,0,107250027
7,124,264,17,1,1,1,4,,2009,5,,1,60,0,2,,,,0,0,60,0,107264017
7,130,249,25,1,1,1,4,-8,2009,,,1,1400,0,2,,,,0,0,1400,0,107249025
7,113,245,14,2,1,1,3,-8,2009,1,,1,200,0,2,,,,0,0,200,0,107245014
7,112,244,17,1,1,1,4,,2008,10,,1,90,0,2,,,,45,0,45,0,107244017
7,112,244,10,1,1,1,4,-8,2008,5,,1,50,0,2,,,,0,0,50,0,107244010
7,127,250,27,3,2,1,5,-8,2009,,,1,110,0,2,,,,0,0,110,0,107250027
7,124,263,46,1,1,1,3,,2003,,,1,100,0,2,,,,50,0,50,0,107263046
7,112,243,73,2,1,1,4,-8,2009,11,,1,80,0,2,,,,0,0,80,0,107243073
7,112,244,71,2,1,1,2,,2009,5,,1,20,0,2,,,,0,0,20,0,107244071
7,113,245,14,1,1,1,4,-8,2009,3,,1,100,0,2,,,,0,0,100,0,107245014
7,113,245,20,1,1,1,4,-8,2009,12,17,1,700,0,2,,,,300,0,400,0,107245020
7,130,249,8,2,1,1,4,-8,2009,10,,1,60,0,2,,,,0,0,60,0,107249008
7,114,247,52,1,1,1,4,-8,2009,12,,1,170,0,2,,,,0,0,170,0,107247052
7,112,244,10,5,2,1,6,-8,2009,12,,1,0,80,2,,,,0,0,0,80,107244010
7,114,247,57,1,1,1,4,-8,2010,2,,1,82,0,2,,,,0,0,82,0,107247057
7,127,251,58,1,1,1,4,,2008,1,,1,700,0,2,,,,0,0,700,0,107251058
7,112,244,10,3,2,1,6,-8,2009,1,,1,10,0,2,,,,5,0,5,0,107244010
7,114,247,40,2,1,1,4,-8,2010,1,,1,45,0,2,,,,0,0,45,0,107247040
7,115,268,73,1,1,1,4,,,,3,1,70,0,2,,,,0,0,70,0,107268073
7,124,263,36,1,1,1,3,-8,2008,2,,1,150,0,2,,,,0,0,150,0,107263036
7,112,243,73,4,1,1,4,-8,2009,11,,1,90,0,2,,,,0,0,90,0,107243073
7,112,244,38,1,1,1,4,-8,2009,5,,1,50,0,2,,,,0,0,50,0,107244038
7,124,263,28,1,1,1,10,,2009,7,,1,30,0,2,,,,15,0,15,0,107263028
7,112,244,59,3,1,,3,-8,2008,2,,1,70,0,2,,,,0,0,70,0,107244059
7,112,244,14,1,1,1,4,-8,2007,5,,1,1200,0,2,,,,200,0,1000,0,107244014
7,112,244,7,3,1,1,4,,2009,,,1,20,0,2,,,,0,0,20,0,107244007
7,112,244,36,1,1,1,4,-8,2009,9,,1,50,0,2,,,,0,0,50,0,107244036
7,112,244,59,2,1,,4,-8,2008,7,,1,80,0,2,,,,0,0,80,0,107244059
7,112,246,13,1,1,1,1,-8,2007,,,1,40,0,2,,,,30,0,10,0,107246013
7,112,239,25,1,1,1,4,-8,2010,1,,1,100,0,2,,,,0,0,100,0,107239025
7,112,241,13,2,1,1,3,-8,2006,7,,1,90,0,2,,,,0,0,90,0,107241013
7,112,246,20,3,1,1,4,-8,2009,,,1,100,0,2,,,,50,0,50,0,107246020
7,126,272,7,1,1,1,4,,2008,,,1,50,0,2,,,,0,0,50,0,107272007
7,122,266,29,1,1,1,4,-8,2009,10,,1,200,0,2,,,,0,0,200,0,107266029
7,133,259,13,1,1,1,3,,2009,12,,1,10,0,2,,,,0,0,10,0,107259013
7,132,262,22,2,2,1,4,-8,2009,11,30,1,20,0,2,,,,0,0,20,0,107262022
7,112,241,26,2,1,1,4,-8,2009,,,1,50,0,2,,,,0,0,50,0,107241026
7,122,266,28,2,1,1,4,,2009,9,,1,10,0,2,,,,0,0,10,0,107266028
7,125,270,28,1,1,1,4,,2006,,,1,340,0,2,,,,0,0,340,0,107270028
7,133,259,1,2,1,1,4,-8,2009,,,1,40,0,2,,,,0,0,40,0,107259001
7,133,259,1,4,1,1,4,-8,2009,,,1,40,0,2,,,,0,0,40,0,107259001
7,126,272,12,1,1,1,4,-8,2010,,,1,50,0,2,,,,0,0,50,0,107272012
7,128,252,60,4,2,1,3,,2005,,,1,200,0,2,,,,0,0,200,0,107252060
7,112,242,55,3,1,1,4,,2009,,,1,50,0,2,,,,0,0,50,0,107242055
7,112,242,55,1,1,1,4,,2005,,,1,480,0,2,,,,210,0,270,0,107242055
7,112,241,51,3,1,1,4,-8,2009,6,,1,20,0,2,,,,0,0,20,0,107241051
7,122,267,45,1,1,1,3,,2009,11,,1,150,0,,,,,15,0,150,0,107267045
7,112,242,22,2,1,1,4,,2008,,,1,0,0,2,,,,0,0,45,0,107242022
7,112,242,19,1,1,1,4,-8,2009,11,,1,20,0,2,,,,0,0,20,0,107242019
7,112,241,13,3,1,1,4,,2007,7,,1,70,0,2,,,,0,0,30,0,107241013
7,112,242,22,1,1,1,4,,2008,,,1,0,0,2,,,,0,0,50,0,107242022
7,122,266,23,1,1,1,4,,2010,,,1,90,0,2,,,,30,0,60,0,107266023
7,112,239,12,1,1,1,3,5,2009,6,,1,30,0,2,,,,0,0,30,0,107239012
7,133,259,30,3,1,1,4,,2007,,,1,30,0,2,,,,0,0,30,0,107259030
7,126,272,3,1,1,1,1,,2009,,,1,200,0,2,,,,0,0,200,0,107272003
7,114,248,51,3,1,1,4,-8,2010,6,,1,60,0,2,,,,0,0,60,0,107248051
7,112,242,12,1,1,1,4,-8,2009,,,1,200,0,2,,,,130,0,70,0,107242012
7,121,265,14,1,1,2,4,-8,2009,,,1,30,0,2,,,,0,0,30,0,107265014
7,122,266,29,3,1,1,4,-8,2010,2,10,1,50,0,2,,,,0,0,50,0,107266029
7,122,266,29,2,1,1,5,-8,2009,8,,1,100,0,2,,,,50,0,50,0,107266029
7,133,259,1,3,1,1,4,-8,2009,,,1,40,0,2,,,,0,0,40,0,107259001
7,125,269,13,1,2,2,4,-8,2009,,,1,40,0,2,,,,0,0,40,0,107269013
7,120,254,35,1,2,1,4,,2008,,,1,250,0,2,,,,0,0,250,0,107254035
7,112,242,55,2,1,1,4,47,2010,,,1,50,0,2,,,,0,0,50,0,107242055
7,8,261,85,1,1,,4,-8,2008,,,1,100,0,2,,,,0,0,100,0,107261085
7,112,240,21,1,1,1,4,-8,2010,1,,1,50,0,2,,,,0,0,50,0,107240021
7,112,241,51,2,1,1,4,-8,2008,,,1,30,0,2,,,,0,0,30,0,107241051
7,112,241,51,4,1,1,4,-8,2009,2,,1,10,0,2,,,,0,0,10,0,107241051
7,112,239,7,1,1,1,4,,2009,,,1,25,0,2,,,,0,0,25,0,107239007
7,125,270,34,1,1,1,4,-8,2009,,,1,150,0,2,,,,0,0,150,0,107270034
7,122,267,39,1,1,1,4,-8,,,,1,100,0,2,,,,50,0,50,0,107267039
7,112,246,9,1,1,1,4,-8,2009,,,1,70,0,2,,,,0,0,70,0,107246009
7,132,262,22,1,1,1,4,-8,2009,3,18,1,50,0,2,,,,0,0,50,0,107262022
7,112,241,52,1,1,1,4,-8,2010,1,,1,400,0,2,,,,0,0,400,0,107241052
7,126,272,17,1,1,1,4,-8,2008,,,1,300,0,2,,,,0,0,300,0,107272017
7,126,272,16,2,1,,,,2007,,,1,0,0,1,,,,0,0,26,0,107272016
7,126,272,12,2,1,1,,,,,,,0,0,,,,,0,0,0,0,107272012
7,126,272,16,1,1,1,4,,2010,2,,1,0,0,1,,,,0,0,120,0,107272016
7,133,259,25,1,1,1,4,-8,2009,,,1,20,0,2,,,,0,0,20,0,107259025
7,133,259,15,1,2,1,4,-8,2007,,,1,30,0,2,,,,0,0,30,0,107259015
7,122,266,28,1,1,1,4,,2009,8,,1,10,0,2,,,,0,0,10,0,107266028
7,133,259,30,2,1,1,4,,2005,,,1,60,0,2,,,,0,0,60,0,107259030
7,122,267,24,1,1,1,4,,2010,1,,1,100,0,2,,,,80,0,20,0,107267024
7,112,241,13,1,1,1,4,-8,2004,5,,1,20,0,2,,,,0,0,20,0,107241013
7,128,252,60,1,1,1,3,-8,2007,,,1,400,0,2,,,,0,0,400,0,107252060
7,122,266,12,1,1,1,4,,,3,,1,40,0,2,,,,0,0,40,0,107266012
7,120,255,69,1,1,1,4,-8,2009,2,,1,60,0,2,,,,0,0,60,0,107255069
7,112,240,27,1,2,1,4,-8,2010,1,,1,6,0,2,,,,0,0,6,0,107240027
7,125,270,19,1,1,1,4,,2009,,,1,20,0,2,,,,0,0,20,0,107270019
7,133,259,1,1,1,1,4,-8,2009,,,1,40,0,2,,,,0,0,40,0,107259001
7,112,239,27,1,1,1,4,13,2009,11,,1,20,0,2,,,,0,0,20,0,107239027
7,112,239,33,1,1,1,4,-8,2006,,,1,450,0,1,,,,200,0,700,0,107239033
7,114,248,51,1,1,1,4,-8,2009,,,1,110,0,2,,,,0,0,110,0,107248051
7,120,257,1,1,1,2,4,-8,2010,,,1,50,0,2,,,,0,0,50,0,107257001
7,126,272,7,2,1,1,4,,,,14,1,45,0,2,,,,0,0,45,0,107272007
7,122,267,25,1,1,1,3,,2009,,,1,100,0,2,,,,0,0,100,0,107267025
7,112,246,20,4,1,1,4,-8,2009,,,1,150,0,2,,,,100,0,50,0,107246020
7,112,241,51,1,1,1,4,-8,2008,,,1,50,0,2,,,,0,0,50,0,107241051
7,128,252,60,2,1,1,3,-8,2008,,,1,300,0,2,,,,0,0,300,0,107252060
7,112,240,27,2,2,1,4,-8,2010,1,,1,7,0,2,,,,0,0,7,0,107240027
7,128,252,41,1,1,1,3,-8,2007,,,1,40,0,2,,,,0,0,40,0,107252041
7,128,252,60,3,2,1,3,-8,2007,,,1,300,0,2,,,,0,0,300,0,107252060
7,128,252,36,1,1,1,4,-8,2005,,,1,40,0,2,,,,0,0,40,0,107252036
7,114,248,51,4,1,1,4,-8,2006,,,1,55,0,2,,,,0,0,55,0,107248051
7,122,266,5,1,1,1,4,,2009,,,1,30,0,2,,,,0,0,30,0,107266005
7,122,267,14,1,1,1,4,-8,2009,,,1,400,0,2,,,,20,0,380,0,107267014
7,128,252,36,2,1,1,4,-8,2010,,,1,20,0,2,,,,0,0,20,0,107252036
7,133,259,15,2,1,2,3,-8,2006,,,1,50,0,2,,,,0,0,50,0,107259015
7,133,259,1,5,1,1,4,-8,2009,,,1,30,0,2,,,,0,0,30,0,107259001
7,125,269,54,1,2,1,4,-8,2009,,,1,18,0,2,,,,0,0,18,0,107269054
7,126,272,7,3,1,1,4,,,,14,1,27,0,2,,,,0,0,27,0,107272007
7,133,259,2,1,1,1,4,-8,2009,,,1,35,0,2,,,,0,0,35,0,107259002
7,125,270,5,1,1,1,4,,2010,,,1,40,0,2,,,,0,0,40,0,107270005
7,126,272,13,1,1,1,4,-8,2009,,,1,60,0,2,,,,0,0,60,0,107272013
7,112,241,34,1,1,1,4,-8,2007,,,1,150,0,2,,,,0,0,150,0,107241034
7,114,248,51,2,1,1,4,-8,2005,,,1,50,0,2,,,,0,0,50,0,107248051
7,133,259,30,1,1,1,3,,2005,,,1,2000,0,2,,,,0,0,2000,0,107259030
7,126,272,13,2,1,1,4,-8,2009,,,1,60,0,2,,,,0,0,60,0,107272013
7,112,239,12,2,2,1,4,32,2009,11,,1,1,0,2,,,,0,0,1,0,107239012
7,112,246,20,1,1,1,4,-8,2009,,,1,150,0,2,,,,100,0,50,0,107246020
7,133,259,16,1,1,1,3,-8,2008,,,1,200,0,2,,,,0,0,200,0,107259016
7,112,239,20,1,1,1,3,5,2010,1,,2,1000,0,1,1000,,,0,0,2000,0,107239020
7,8,261,58,1,2,1,4,,2008,,,1,200,0,2,,,,0,0,200,0,107261058
7,112,241,26,1,1,1,4,-8,2008,,,1,50,0,2,,,,0,0,50,0,107241026
7,133,259,6,1,1,1,4,-8,2008,,,1,30,0,2,,,,0,0,30,0,107259006
7,112,242,3,1,1,1,4,,2009,,,1,100,0,2,,,,30,0,70,0,107242003
7,128,252,41,2,1,1,3,-8,2008,,,1,100,0,2,,,,0,0,100,0,107252041
7,121,265,40,1,1,1,4,-8,2010,1,,1,30,0,2,,,,0,0,30,0,107265040
7,112,246,20,2,1,1,4,-8,2009,,,1,100,0,2,,,,80,0,20,0,107246020
7,112,241,26,3,1,1,4,-8,,1,,1,65,0,2,,,,0,0,65,0,107241026
8,142,279,18,1,1,1,4,,2009,,,1,1000,0,2,,,,0,0,1000,0,108279018
8,142,279,102,5,2,1,4,-8,2010,2,,1,4,0,2,,,,0,0,4,0,108279102
8,10,299,90,2,3,1,3,-8,2009,12,15,1,40,0,2,,,,0,0,40,0,108299090
8,10,301,5,1,1,1,4,,2008,10,,1,2000,0,2,,,,100,0,1900,0,108301005
8,142,279,102,1,2,1,4,,2010,2,,1,6,0,2,,,,0,0,6,0,108279102
8,10,299,134,1,1,1,4,-8,2009,9,,1,180,0,2,,,,0,0,180,0,108299134
8,10,305,47,1,1,1,4,,2009,1,1,1,200,0,2,,,,100,0,100,0,108305047
8,142,279,102,4,2,1,4,,2010,2,,1,5,50,2,,,,0,0,5,50,108279102
8,148,302,9,1,1,1,4,-8,2007,1,22,1,260,0,2,,,,0,0,260,0,108302009
8,10,305,59,1,1,1,4,-8,2009,9,,1,95,0,2,,,,15,0,80,0,108305059
8,10,304,41,2,1,1,4,-8,2009,9,,1,370,0,2,,,,0,0,370,0,108304041
8,142,279,102,3,2,1,4,,2010,2,,1,2,0,2,,,,0,0,2,50,108279102
8,10,301,5,2,1,1,4,,2007,11,,1,7000,0,2,,,,0,0,7000,0,108301005
8,10,305,35,1,2,1,4,-8,2009,10,10,1,50,0,2,,,,0,0,50,0,108305035
8,10,301,8,1,2,1,4,,2009,1,1,1,100,0,2,,,,0,0,100,0,108301008
8,148,302,41,2,2,1,4,-8,2008,7,,1,700,0,2,,,,0,0,700,0,108302041
8,10,299,52,1,2,1,3,52,2009,5,,1,200,0,2,,,,0,0,200,0,108299052
8,10,304,41,1,1,1,4,-8,2009,7,,1,560,0,2,,,,0,0,560,0,108304041
8,148,300,24,1,1,1,4,-8,,6,,1,20,0,2,,,,0,0,20,0,108300024
8,148,300,25,1,1,1,4,,,3,,1,40,0,2,,,,0,0,40,0,108300025
8,10,305,59,2,1,1,4,-8,2008,,,1,20,0,2,,,,0,0,20,0,108305059
8,148,302,20,1,1,1,4,-8,2009,3,12,1,60,0,2,,,,0,0,60,0,108302020
8,142,279,102,2,2,1,4,,2010,2,,1,2,0,2,,,,0,0,2,0,108279102
8,10,304,42,1,3,1,4,-8,2009,10,,1,30,0,2,,,,0,0,30,0,108304042
8,10,304,4,1,1,1,3,-8,1,,,1,500,0,2,,,,300,0,200,0,108304004
8,10,299,134,3,1,1,4,-8,2009,12,,1,240,0,2,,,,0,0,240,0,108299134
8,148,300,24,2,2,2,4,-8,,6,,1,10,0,2,,,,0,0,10,0,108300024
8,10,299,90,1,3,1,3,-8,2008,6,6,11,65,0,2,,,,0,0,65,0,108299090
8,10,305,54,1,2,1,5,,2004,11,20,1,300,0,2,,,,45,0,0,0,108305054
8,148,302,41,1,2,1,4,-8,2009,12,14,1,1200,0,2,,,,0,0,1200,0,108302041
8,10,299,134,2,1,1,4,-8,2009,9,,1,500,0,2,,,,0,0,500,0,108299134
8,135,310,32,1,1,1,3,-8,2007,,,1,150,0,2,,,,0,0,150,0,108310032
8,135,310,7,1,1,1,3,-8,2009,6,4,1,80,0,2,,,,0,0,80,0,108310007
8,142,276,26,1,2,1,4,,2010,3,13,1,1,50,2,,,,0,0,1,50,108276026
8,143,281,95,2,1,1,4,,,,,1,40,0,2,,,,0,0,40,0,108281095
8,138,278,2,2,1,1,4,,2009,12,24,1,30,0,2,,,,0,0,30,0,108278002
8,142,276,26,2,2,1,4,,2010,2,18,1,2,0,2,,,,0,0,2,0,108276026
8,142,276,19,2,1,1,4,,2007,,,1,250,0,2,,,,0,0,250,0,108276019
8,142,276,13,1,2,1,4,,2008,,,1,40,0,2,,,,0,0,40,0,108276013
8,140,291,7,1,1,1,3,-8,,8,,1,10,0,2,,,,0,0,10,0,108291007
8,142,276,19,1,1,1,5,,2008,,,1,150,0,2,,,,0,0,150,0,108276019
8,140,291,7,2,1,1,4,-8,,8,,1,10,0,2,,,,0,0,10,0,108291007
8,151,308,1,2,11,1,3,,2009,,,1,40,0,2,,,,0,0,40,0,108308001
8,152,288,7,1,1,1,4,,2007,,,1,100,0,2,,,,0,0,100,0,108288007
8,147,273,3,1,2,1,4,,2007,,,1,100,0,2,,,,0,0,100,0,108273003
8,141,294,5,1,1,1,4,-8,2001,12,14,1,260,0,2,,,,0,0,260,0,108294005
8,141,294,7,1,1,1,3,-8,1,,,1,10,0,2,,,,0,0,10,0,108294007
8,152,290,27,1,1,1,3,,2009,7,,1,80,0,2,,,,0,0,80,0,108290027
8,135,310,25,1,1,1,4,-8,2010,2,11,1,1,0,2,,,,0,0,1,0,108310025
8,153,284,21,1,1,1,4,-8,2010,3,,1,50,0,2,,,,0,0,50,0,108284021
8,135,310,34,1,1,1,4,,2009,,,1,120,0,2,,,,0,0,120,0,108310034
8,142,276,17,1,1,1,4,,2009,,,1,300,0,2,,,,0,0,300,0,108276017
8,142,276,26,4,2,1,4,,2010,3,13,1,2,50,2,,,,0,0,2,50,108276026
8,138,278,2,1,1,1,4,,2009,12,2,1,40,0,2,,,,0,0,40,0,108278002
8,151,308,48,1,1,1,4,-8,2007,,,1,50,0,2,,,,0,0,50,0,108308048
8,149,306,21,2,1,1,4,,2010,1,,1,25,0,2,,,,0,0,25,0,108306021
8,151,308,3,1,1,1,3,-8,2010,11,2,1,10,0,2,,,,0,0,10,0,108308003
8,153,282,14,1,1,1,4,-8,2009,,,1,100,0,2,,,,0,0,100,0,108282014
8,142,276,19,4,1,1,4,-8,2004,,,1,300,0,2,,,,0,0,300,0,108276019
8,152,289,20,1,1,1,4,,2009,9,,1,55,0,2,,,,45,0,10,0,108289020
8,142,276,26,5,2,1,4,,2010,3,13,1,2,0,2,,,,0,0,2,0,108276026
8,148,298,26,1,1,1,4,,2009,10,,1,90,0,2,,,,40,0,50,0,108298026
8,141,294,8,1,1,1,4,11,2000,4,,1,300,0,2,,,,0,0,300,0,108294008
8,142,275,5,1,1,1,4,,2009,,,1,150,0,2,,,,0,0,150,0,108275005
8,135,310,35,1,1,1,4,-8,2009,12,,1,100,0,2,,,,90,0,10,0,108310035
8,138,278,14,1,1,1,4,,2009,9,,1,30,0,2,,,,0,0,30,0,108278014
8,151,308,10,1,1,1,4,-8,2008,6,,1,250,0,2,,,,0,0,250,0,108308010
8,151,308,1,1,12,1,3,,2008,8,,10,40,0,2,,,,0,0,40,0,108308001
8,142,276,26,6,2,1,4,,2010,3,,1,2,0,2,,,,0,0,2,0,108276026
8,153,283,7,1,1,1,3,,2004,,,1,60,0,2,,,,0,0,60,0,108283007
8,152,289,31,1,1,1,3,-8,2000,,,1,20,0,1,6,,,0,0,26,0,108289031
8,151,308,2,1,1,1,4,-8,2007,,,1,75,0,2,,,,0,0,75,0,108308002
8,137,286,5,1,2,1,5,,,4,,1,65,0,2,,,,0,0,65,0,108286005
8,143,281,73,1,2,1,4,,2006,11,,1,40,0,2,,,,0,0,40,0,108281073
8,151,308,5,1,1,1,4,-8,2009,12,,1,55,0,2,,,,0,0,55,0,108308005
8,135,311,19,1,1,1,1,-8,2010,1,,1,5,0,2,,,,0,0,5,0,108311019
8,135,311,3,1,1,1,4,-8,2010,1,5,1,100,0,2,,,,0,0,100,0,108311003
8,141,294,4,1,1,1,4,,2009,1,,1,60,0,2,,,,20,0,40,0,108294004
8,152,289,20,2,1,1,4,,2007,,,1,80,0,2,,,,0,0,80,0,108289020
8,152,289,14,1,1,1,4,,2009,1,,1,200,0,2,,,,0,0,200,0,108289014
8,135,311,16,1,1,1,3,-8,2010,2,,1,7,0,2,,,,0,0,7,0,108311016
8,149,306,5,1,1,1,4,-8,2009,11,,1,60,0,2,,,,0,0,60,0,108306005
8,151,308,32,1,1,1,4,-8,2007,,,1,320,0,2,,,,0,0,320,0,108308032
8,137,285,6,1,1,1,4,-8,,2,,1,80,0,2,,,,0,0,80,0,108285006
8,135,311,24,1,1,1,3,-8,2009,,,1,28,0,2,,,,0,0,28,0,108311024
8,143,281,95,3,1,1,4,,,,,1,30,0,2,,,,0,0,30,0,108281095
8,151,308,5,2,1,1,4,-8,2010,1,,1,35,0,2,,,,0,0,35,0,108308005
8,151,308,2,2,1,1,,-8,2009,,,1,43,0,2,,,,0,0,43,0,108308002
8,137,287,99,1,1,1,4,-8,2009,4,,1,120,0,2,,,,0,0,120,0,108287099
8,151,308,48,2,1,1,3,-8,2008,,,1,70,0,2,,,,0,0,70,0,108308048
8,153,284,21,2,1,1,4,-8,2010,1,,1,48,0,2,,,,0,0,48,0,108284021
8,151,308,3,2,5,1,4,-8,2009,10,,1,15,0,2,,,,0,0,15,0,108308003
8,135,311,3,2,1,1,4,-8,2010,2,7,1,15,0,2,,,,0,0,15,0,108311003
8,143,281,95,1,1,1,4,,,,,1,70,0,2,,,,0,0,70,0,108281095
8,151,308,2,3,1,1,,-8,2008,,,1,20,0,2,,,,0,0,20,0,108308002
8,149,306,24,1,3,1,4,-8,2009,5,,1,12,0,2,,,,0,0,12,0,108306024
8,151,308,41,1,1,1,4,,2010,,,1,20,0,2,,,,0,0,20,0,108308041
8,152,289,13,1,1,1,4,-8,2006,6,,1,500,0,2,,,,200,0,350,0,108289013
8,153,283,1,1,1,1,4,,2009,,,1,55,0,2,,,,0,0,55,0,108283001
8,147,273,9,1,1,1,,,,,,,0,0,,,,,0,0,0,0,108273009
8,9,295,8,1,1,1,4,,,,14,1,0,0,2,,,,70,0,70,0,108295008
8,142,276,26,3,2,1,4,,2010,3,13,1,2,0,2,,,,0,0,2,0,108276026
8,152,288,4,1,1,1,4,-8,3,,,1,42,0,2,,,,0,0,42,0,108288004
8,149,306,21,1,1,1,4,-8,2009,11,,1,30,0,2,,,,0,0,30,0,108306021
8,137,286,18,1,1,1,4,-8,2006,,,1,120,0,2,,,,0,0,120,0,108286018
8,142,277,2,1,1,1,4,-8,2009,12,,1,30,0,2,,,,0,0,30,0,108277002
8,142,275,22,1,3,1,4,-8,2010,3,9,1,100,0,2,,,,60,0,40,0,108275022
8,142,276,19,3,1,1,4,20,2009,,,1,100,0,2,,,,0,0,100,0,108276019
9,154,327,10,1,1,1,6,-8,2009,10,,1,350,0,2,,,,100,0,250,0,109327010
9,157,316,26,1,1,1,4,,,2,,1,50,0,2,,,,0,0,50,0,109316026
9,157,316,1,2,1,1,5,-8,2003,,,1,100,0,2,,,,0,0,100,0,109316001
9,158,313,7,2,1,1,1,,2009,,,1,135,0,2,,,,67,50,67,50,109313007
9,158,313,14,2,1,1,4,-8,2007,,,1,8,50,2,,,,0,0,8,50,109313014
9,157,316,1,5,1,1,4,-8,2009,,,1,2000,0,2,,,,0,0,2000,0,109316001
9,159,324,19,1,1,1,3,-8,2009,1,,1,20,0,2,,,,0,0,20,0,109324019
9,156,319,2,1,1,1,4,,2008,,,1,20,0,2,,,,0,0,0,0,109319002
9,156,319,24,2,2,1,3,-8,2007,,,1,17,0,1,,,,0,0,17,0,109319024
9,157,316,36,2,2,1,4,,2007,,,1,34,0,2,,,,0,0,34,0,109316036
9,157,316,44,1,1,1,4,,2008,,1,,10,0,2,,,,0,0,10,0,109316044
9,162,321,18,1,1,1,3,-8,2004,,,1,15,0,2,,,,0,0,15,0,109321018
9,162,318,3,1,1,2,1,-8,2009,10,,1,15,0,2,,,,0,0,15,0,109318003
9,154,326,37,1,1,1,3,,2007,,,1,160,0,2,,,,0,0,160,0,109326037
9,162,321,25,1,1,1,3,-8,2010,1,,1,50,0,2,,,,0,0,50,0,109321025
9,158,313,1,1,1,1,4,,2008,,,1,150,0,2,,,,0,0,150,0,109313001
9,156,322,63,1,1,1,4,-8,2009,4,,1,800,0,2,,,,0,0,800,0,109322063
9,158,313,14,1,1,1,3,-8,2000,,,1,2,40,2,,,,0,0,2,40,109313014
9,154,328,45,1,1,1,3,,2010,2,,1,150,0,2,,,,0,0,150,0,109328045
9,154,328,46,1,1,1,3,,2010,1,10,1,100,0,2,,,,0,0,100,0,109328046
9,154,328,23,1,1,1,4,-8,2010,2,1,1,70,0,2,,,,0,0,70,0,109328023
9,157,316,36,1,1,1,4,,2009,,,1,50,0,2,,,,0,0,50,0,109316036
9,154,328,22,1,1,1,3,-8,2009,2,,1,100,0,2,,,,0,0,100,0,109328022
9,154,328,7,1,1,1,4,-8,2009,,,1,100,0,2,,,,0,0,100,0,109328007
9,157,316,1,3,1,1,5,-8,2003,,,1,600,0,2,,,,0,0,600,0,109316001
9,157,316,39,1,1,2,3,,2009,,,1,30,0,2,,,,0,0,30,0,109316039
9,157,316,1,1,1,1,5,-8,2003,,,1,90,0,2,,,,0,0,90,0,109316001
9,156,322,45,1,1,1,4,-8,2010,2,,1,100,0,2,,,,0,0,100,0,109322045
9,154,328,26,1,1,1,4,,2009,12,,1,200,0,2,,,,0,0,200,0,109328026
9,156,319,24,1,1,1,3,-8,2007,,,1,25,0,1,,,,0,0,25,0,109319024
9,158,312,38,1,2,1,1,,2009,,,1,150,0,2,,,,0,0,150,0,109312038
9,158,314,7,2,2,1,4,,2009,,,1,15,0,2,,,,0,0,15,0,109314007
9,154,327,11,1,1,1,6,,,,,1,100,0,2,,,,20,0,80,0,109327011
9,154,327,6,1,2,1,4,-8,2009,,,1,10,0,2,,,,0,0,10,0,109327006
9,162,318,1,1,1,1,3,-8,2009,5,,1,100,0,2,,,,0,0,100,0,109318001
9,154,328,25,1,1,1,3,-8,2010,1,,1,400,0,2,,,,0,0,400,0,109328025
9,158,312,5,1,2,1,3,,2006,,,1,250,0,2,,,,0,0,250,0,109312005
9,162,318,16,1,1,1,4,,2005,,,1,20,0,2,,,,0,0,20,0,109318016
9,157,316,1,4,1,1,5,-8,2004,,,1,200,0,2,,,,0,0,200,0,109316001
9,158,312,54,1,2,1,4,,2006,,,1,60,0,2,,,,20,0,40,0,109312054
9,154,328,44,1,1,1,4,,2009,2,,1,300,0,2,,,,0,0,300,0,109328044
9,162,318,8,1,1,1,4,,2006,11,,1,250,0,1,,,,0,0,250,0,109318008
9,156,322,20,1,1,1,6,-8,2010,3,,1,450,0,2,,,,0,0,450,0,109322020
9,156,319,16,1,1,1,4,,2009,7,,1,40,0,2,,,,0,0,40,0,109319016
9,158,313,7,1,1,1,1,,2008,,,1,260,0,2,,,,75,0,185,0,109313007
9,156,322,20,2,1,1,6,-8,2010,2,,1,30,0,2,,,,0,0,30,0,109322020
9,158,314,7,1,2,1,4,,2009,,,1,13,0,2,,,,0,0,13,0,109314007
9,158,314,9,1,1,1,4,,2009,12,,1,6,70,2,,,,0,0,6,70,109314009
9,158,312,38,3,2,1,1,,2008,,,1,400,0,2,,,,0,0,400,0,109312038
9,158,312,38,2,2,1,1,,2006,,,1,220,0,2,,,,0,0,220,0,109312038
9,158,312,46,1,1,1,1,,,,,1,800,0,2,,,,0,0,800,0,109312046
10,169,329,50,1,2,1,3,,2010,,,1,95,0,2,,,,0,0,95,0,110329050
10,169,329,50,2,3,1,4,,2010,,,1,50,0,2,,,,0,0,50,0,110329050
10,169,329,54,1,2,1,4,,2009,,,1,200,0,2,,,,0,0,200,0,110329054
10,166,335,3,2,1,1,4,,2010,,,1,70,0,2,,,,0,0,70,0,110335003
10,168,338,27,1,1,1,4,,2009,,,1,20,0,2,,,,0,0,20,0,110338027
10,171,330,15,3,1,2,3,,2010,,,1,4,0,2,,,,0,0,4,0,110330015
10,166,336,9,1,1,1,4,-8,2009,,,1,15,0,2,,,,0,0,15,0,110336009
10,168,339,9,1,1,1,4,-8,2009,,,1,100,0,2,,,,0,0,100,0,110339009
10,171,330,12,3,1,1,4,-8,2010,,,1,10,0,1,,2,0,0,0,12,0,110330012
10,166,335,41,1,1,1,4,-8,2000,,,1,60,0,2,,,,0,0,60,0,110335041
10,167,340,29,1,1,1,3,,2008,,,1,60,0,2,,,,0,0,60,0,110340029
10,166,333,21,1,2,1,4,-8,2009,,,1,20,0,2,,,,0,0,20,0,110333021
10,166,334,9,1,1,1,4,,2008,1,,1,100,0,2,,,,0,0,100,0,110334009
10,171,330,12,2,1,1,4,-8,2008,,,1,15,0,1,,5,0,0,0,20,0,110330012
10,171,330,15,1,1,2,3,,2009,,,1,20,0,2,,,,0,0,20,0,110330015
10,171,330,15,2,1,2,3,,2009,,,1,20,0,2,,,,0,0,20,0,110330015
10,169,331,4,1,1,1,4,,2007,,,1,300,0,2,,,,0,0,300,0,110331004
10,166,334,4,2,8,1,4,,2008,,,1,10,0,2,,,,0,0,10,0,110334004
10,166,335,3,3,1,1,4,,2010,,,1,5,0,2,,,,0,0,5,0,110335003
10,168,339,10,1,1,1,3,,2009,,,1,50,0,2,,,,0,0,50,0,110339010
10,171,330,12,1,1,1,4,-8,2009,,,1,30,0,1,,10,0,0,0,40,0,110330012
10,166,335,30,2,1,1,4,-8,2005,,,1,16,0,2,,,,0,0,16,0,110335030
10,166,334,5,1,1,1,4,-8,2010,1,,1,20,0,2,,,,0,0,20,0,110334005
10,167,340,1,1,1,1,7,,2007,,,1,60,0,2,,,,0,0,60,0,110340001
10,169,331,5,1,1,2,4,,2009,,,1,20,0,2,,,,0,0,20,0,110331005
10,166,335,6,1,1,1,3,,2009,,,1,40,0,2,,,,0,0,40,0,110335006
10,166,334,2,1,3,1,4,,2008,,,1,100,0,2,,,,0,0,100,0,110334002
10,166,335,17,2,7,1,3,,2009,,,1,4,20,1,,,,0,1,5,20,110335017
10,171,330,20,1,1,1,4,-8,2008,,,1,20,0,2,,,,0,0,20,0,110330020
10,166,334,7,1,2,1,3,,2009,,,1,40,0,2,,,,0,0,40,0,110334007
10,166,335,17,1,1,2,3,,2010,,,1,10,0,2,,,,0,0,10,0,110335017
10,168,339,5,1,1,1,3,-8,2005,,,1,300,0,2,,,,0,0,300,0,110339005
10,166,337,8,1,2,1,4,,2009,,,1,10,0,1,100,,,0,0,120,0,110337008
10,166,334,4,1,2,1,4,-8,2009,,,1,60,0,2,,,,0,0,60,0,110334004
10,169,331,10,1,1,1,4,,2009,,,1,50,0,2,,,,0,0,50,0,110331010
10,166,334,11,1,3,1,4,-8,2009,,,1,20,0,2,,,,0,0,20,0,110334011
10,166,335,6,2,1,1,3,,2009,,,1,12,0,2,,,,0,0,12,0,110335006
10,166,335,6,3,1,1,,,,,,1,10,0,2,,,,0,0,10,0,110335006
10,167,340,12,1,1,1,3,,2009,,,1,20,0,,,,,0,0,20,0,110340012
10,166,335,3,1,1,1,3,,2009,,,1,15,0,2,,,,0,0,15,0,110335003
10,166,335,30,1,1,1,4,-8,2006,,,1,30,0,2,,,,0,0,30,0,110335030
