"id1","id2","id3","id4","s4avi_a202","hhno"
1,1,3,5,2,101003005
1,1,3,40,2,101003040
1,1,3,43,2,101003043
1,1,3,46,2,101003046
1,1,8,4,2,101008004
1,1,8,14,2,101008014
1,1,8,17,2,101008017
1,1,8,19,2,101008019
1,1,8,21,2,101008021
1,1,8,22,1,101008022
1,1,8,29,2,101008029
1,1,8,35,2,101008035
1,1,8,44,2,101008044
1,1,8,47,2,101008047
1,1,8,53,2,101008053
1,1,8,67,2,101008067
1,1,8,74,1,101008074
1,1,8,78,2,101008078
1,2,5,13,2,101005013
1,2,5,33,2,101005033
1,2,5,36,2,101005036
1,2,5,41,2,101005041
1,2,5,52,2,101005052
1,2,6,1,2,101006001
1,2,6,11,2,101006011
1,2,6,15,2,101006015
1,2,6,23,2,101006023
1,2,6,29,2,101006029
1,2,6,36,2,101006036
1,2,6,42,2,101006042
1,2,7,10,2,101007010
1,2,7,11,2,101007011
1,2,7,14,2,101007014
1,2,7,19,2,101007019
1,2,7,25,2,101007025
1,2,7,26,2,101007026
1,2,7,28,2,101007028
1,2,7,33,2,101007033
1,2,7,36,2,101007036
1,2,7,68,2,101007068
1,2,7,82,2,101007082
1,2,25,2,1,101025002
1,2,25,3,1,101025003
1,2,25,6,1,101025006
1,2,25,12,1,101025012
1,2,25,13,1,101025013
1,2,25,33,1,101025033
1,2,25,37,1,101025037
1,2,25,43,1,101025043
1,2,25,44,1,101025044
1,2,25,50,1,101025050
1,2,25,51,1,101025051
1,2,25,54,1,101025054
1,2,25,97,1,101025097
1,2,25,100,1,101025100
1,2,25,101,1,101025101
1,2,26,4,1,101026004
1,2,26,6,2,101026006
1,2,26,8,1,101026008
1,2,26,10,2,101026010
1,2,26,17,1,101026017
1,2,26,19,1,101026019
1,2,26,23,1,101026023
1,2,26,24,2,101026024
1,2,26,26,1,101026026
1,2,26,29,2,101026029
1,2,26,30,2,101026030
1,2,26,40,1,101026040
1,2,26,42,1,101026042
1,2,26,43,1,101026043
1,2,28,8,2,101028008
1,2,28,9,2,101028009
1,2,28,10,1,101028010
1,2,28,15,1,101028015
1,2,28,21,2,101028021
1,2,28,26,2,101028026
1,2,28,28,2,101028028
1,2,28,32,1,101028032
1,2,28,34,2,101028034
1,2,28,35,2,101028035
1,2,28,41,1,101028041
1,2,28,44,2,101028044
1,5,4,10,2,101004010
1,5,4,14,2,101004014
1,5,4,16,2,101004016
1,5,4,20,2,101004020
1,5,4,22,2,101004022
1,5,4,24,2,101004024
1,5,4,31,2,101004031
1,5,4,32,2,101004032
1,6,1,3,2,101001003
1,6,1,4,2,101001004
1,6,1,12,2,101001012
1,6,1,15,2,101001015
1,6,1,23,2,101001023
1,6,1,24,2,101001024
1,6,1,29,2,101001029
1,6,1,34,2,101001034
1,6,1,35,2,101001035
1,6,2,23,2,101002023
1,6,2,28,2,101002028
1,6,2,52,2,101002052
1,8,13,6,2,101013006
1,8,13,8,1,101013008
1,8,13,15,1,101013015
1,8,13,19,1,101013019
1,8,13,20,1,101013020
1,8,13,28,1,101013028
1,8,13,30,1,101013030
1,8,13,32,1,101013032
1,8,13,36,1,101013036
1,8,13,48,1,101013048
1,8,13,66,1,101013066
1,8,13,67,1,101013067
1,8,13,87,1,101013087
1,8,13,95,1,101013095
1,8,13,103,2,101013103
1,8,14,11,1,101014011
1,8,14,15,1,101014015
1,8,14,22,1,101014022
1,8,14,33,2,101014033
1,8,14,36,1,101014036
1,8,14,41,2,101014041
1,8,14,46,1,101014046
1,8,14,57,1,101014057
1,8,14,65,2,101014065
1,8,14,69,1,101014069
1,8,14,82,2,101014082
1,8,14,113,2,101014113
1,8,14,118,2,101014118
1,8,14,129,2,101014129
1,8,15,6,1,101015006
1,8,15,9,2,101015009
1,8,15,34,1,101015034
1,8,15,49,2,101015049
1,8,15,55,2,101015055
1,8,15,64,1,101015064
1,8,15,65,2,101015065
1,8,15,90,1,101015090
1,8,15,119,2,101015119
1,8,15,120,2,101015120
1,8,15,149,2,101015149
1,8,15,151,2,101015151
1,8,15,188,2,101015188
1,8,15,191,1,101015191
1,8,16,1,1,101016001
1,8,16,23,2,101016023
1,8,16,41,2,101016041
1,8,16,53,2,101016053
1,8,16,107,2,101016107
1,8,16,111,2,101016111
1,8,16,137,1,101016137
1,8,16,144,2,101016144
1,8,16,149,1,101016149
1,8,16,152,2,101016152
1,8,16,154,1,101016154
1,8,16,163,2,101016163
1,8,16,217,1,101016217
1,10,17,2,2,101017002
1,10,17,4,1,101017004
1,10,17,11,2,101017011
1,10,17,19,2,101017019
1,10,17,20,2,101017020
1,10,17,21,2,101017021
1,10,17,22,2,101017022
1,10,17,27,2,101017027
1,10,17,29,2,101017029
1,10,17,36,2,101017036
1,10,17,51,2,101017051
1,10,17,56,2,101017056
1,10,17,57,2,101017057
1,10,18,2,2,101018002
1,10,18,14,2,101018014
1,10,18,34,2,101018034
1,10,19,3,2,101019003
1,10,19,4,1,101019004
1,10,19,5,2,101019005
1,10,19,6,2,101019006
1,10,19,8,2,101019008
1,10,19,9,2,101019009
1,10,19,11,2,101019011
1,10,19,12,2,101019012
1,10,19,13,2,101019013
1,10,19,14,2,101019014
1,10,19,16,2,101019016
1,10,19,17,2,101019017
1,10,19,20,2,101019020
1,10,20,4,1,101020004
1,10,20,6,2,101020006
1,10,20,16,1,101020016
1,10,20,18,1,101020018
1,10,20,27,2,101020027
1,10,20,35,1,101020035
1,10,20,37,2,101020037
1,10,20,43,1,101020043
1,10,21,1,1,101021001
1,10,21,7,2,101021007
1,10,21,11,2,101021011
1,10,21,30,2,101021030
1,10,21,45,2,101021045
1,10,21,54,1,101021054
1,10,21,58,2,101021058
1,10,21,62,1,101021062
1,10,21,67,2,101021067
1,10,21,68,2,101021068
1,10,21,69,2,101021069
1,10,27,4,2,101027004
1,10,27,9,2,101027009
1,10,27,10,2,101027010
1,10,27,11,2,101027011
1,10,27,13,2,101027013
1,10,27,20,2,101027020
1,10,27,23,2,101027023
1,10,27,31,2,101027031
1,10,27,32,2,101027032
1,10,27,40,2,101027040
1,10,27,41,2,101027041
1,10,27,46,2,101027046
1,10,27,60,2,101027060
1,11,31,5,2,101031005
1,11,31,30,2,101031030
1,11,31,69,2,101031069
1,11,31,75,2,101031075
1,11,31,84,2,101031084
1,12,29,4,1,101029004
1,12,29,6,1,101029006
1,12,29,8,2,101029008
1,12,29,11,2,101029011
1,12,29,17,1,101029017
1,12,29,23,2,101029023
1,12,29,33,1,101029033
1,12,29,34,2,101029034
1,12,29,36,2,101029036
1,12,29,37,2,101029037
1,12,29,39,1,101029039
1,12,30,4,2,101030004
1,12,30,5,2,101030005
1,12,30,6,2,101030006
1,12,30,10,1,101030010
1,12,30,16,1,101030016
1,12,30,21,2,101030021
1,12,30,22,2,101030022
1,12,30,30,2,101030030
1,12,30,31,1,101030031
1,12,30,38,1,101030038
1,12,30,43,2,101030043
1,12,30,54,2,101030054
1,12,30,56,2,101030056
1,12,30,63,1,101030063
1,13,12,55,2,101012055
1,16,23,11,1,101023011
1,16,23,13,1,101023013
1,16,23,14,1,101023014
1,16,23,17,1,101023017
1,16,23,18,1,101023018
1,16,23,24,1,101023024
1,16,23,28,1,101023028
1,16,23,30,1,101023030
1,16,23,31,1,101023031
1,16,23,32,1,101023032
1,16,23,35,1,101023035
1,16,23,36,1,101023036
1,16,23,37,1,101023037
1,16,23,40,1,101023040
1,17,22,1,2,101022001
1,17,22,5,2,101022005
1,17,22,9,1,101022009
1,17,22,11,2,101022011
1,17,22,12,2,101022012
1,17,22,18,2,101022018
1,17,22,24,1,101022024
1,17,22,25,2,101022025
1,17,22,30,2,101022030
1,17,22,33,1,101022033
1,17,22,35,2,101022035
1,17,22,36,1,101022036
1,17,22,37,2,101022037
1,17,22,42,2,101022042
1,17,22,45,1,101022045
1,17,24,16,1,101024016
1,17,24,17,1,101024017
1,17,24,20,2,101024020
1,17,24,21,2,101024021
1,17,24,23,1,101024023
1,17,24,28,1,101024028
1,17,24,32,2,101024032
1,17,24,36,2,101024036
1,17,24,38,2,101024038
1,17,24,39,2,101024039
1,17,24,42,2,101024042
1,17,24,43,1,101024043
1,17,24,45,1,101024045
1,17,24,50,1,101024050
1,17,24,51,2,101024051
2,2,34,34,2,102034034
2,2,37,1,2,102037001
2,2,37,2,2,102037002
2,2,37,5,1,102037005
2,2,37,10,2,102037010
2,2,37,13,2,102037013
2,2,37,21,2,102037021
2,2,37,27,2,102037027
2,2,37,28,2,102037028
2,2,37,30,2,102037030
2,2,37,31,2,102037031
2,2,37,35,2,102037035
2,2,37,37,2,102037037
2,2,37,38,2,102037038
2,5,51,3,2,102051003
2,5,51,9,2,102051009
2,5,51,14,2,102051014
2,5,51,64,2,102051064
2,5,51,71,2,102051071
2,8,52,6,2,102052006
2,8,52,18,2,102052018
2,8,52,28,2,102052028
2,8,52,38,2,102052038
2,8,52,41,2,102052041
2,8,52,43,2,102052043
2,9,54,11,2,102054011
2,9,54,27,2,102054027
2,9,54,32,2,102054032
2,9,54,39,2,102054039
2,9,54,50,2,102054050
2,9,54,58,2,102054058
2,9,54,61,2,102054061
2,9,54,67,2,102054067
2,9,55,7,2,102055007
2,9,55,17,2,102055017
2,9,55,34,2,102055034
2,9,55,63,2,102055063
2,9,55,94,2,102055094
2,9,55,121,2,102055121
2,9,55,124,2,102055124
2,9,55,127,2,102055127
2,9,55,135,2,102055135
2,19,49,5,2,102049005
2,19,49,14,2,102049014
2,19,49,19,2,102049019
2,19,49,30,1,102049030
2,19,49,39,2,102049039
2,19,49,66,2,102049066
2,19,49,75,2,102049075
2,19,49,110,1,102049110
2,19,49,129,2,102049129
2,20,48,22,2,102048022
2,20,48,28,2,102048028
2,20,48,34,2,102048034
2,20,48,37,2,102048037
2,20,48,39,2,102048039
2,20,48,51,2,102048051
2,20,48,52,2,102048052
2,20,48,54,2,102048054
2,20,48,55,2,102048055
2,20,48,58,2,102048058
2,20,48,68,2,102048068
2,20,48,78,1,102048078
2,20,48,98,2,102048098
2,22,53,2,2,102053002
2,22,53,10,2,102053010
2,22,53,27,2,102053027
2,22,53,29,1,102053029
2,22,53,40,1,102053040
2,22,53,47,1,102053047
2,22,53,58,1,102053058
2,22,53,59,2,102053059
2,22,53,74,2,102053074
2,22,53,76,1,102053076
2,22,53,79,2,102053079
2,22,53,85,2,102053085
2,22,53,87,1,102053087
2,22,53,88,1,102053088
2,22,53,89,1,102053089
2,23,56,14,2,102056014
2,23,56,16,2,102056016
2,23,56,27,2,102056027
2,23,56,35,2,102056035
2,23,56,41,2,102056041
2,23,56,43,2,102056043
2,23,56,49,2,102056049
2,23,56,50,2,102056050
2,23,56,51,2,102056051
2,23,56,58,2,102056058
2,23,56,69,2,102056069
2,23,56,72,2,102056072
2,23,57,12,2,102057012
2,23,57,14,2,102057014
2,23,57,39,1,102057039
2,23,57,43,1,102057043
2,23,57,51,2,102057051
2,23,57,72,1,102057072
2,23,57,73,2,102057073
2,23,57,84,2,102057084
2,23,57,90,2,102057090
2,23,57,93,2,102057093
2,23,57,99,2,102057099
2,23,57,134,2,102057134
2,23,57,163,2,102057163
2,23,58,37,2,102058037
2,23,58,47,2,102058047
2,23,58,50,2,102058050
2,23,58,115,2,102058115
2,23,58,116,1,102058116
2,23,58,123,2,102058123
2,23,58,131,2,102058131
2,25,47,5,2,102047005
2,25,47,8,2,102047008
2,25,47,9,2,102047009
2,25,47,11,2,102047011
2,25,47,16,2,102047016
2,25,47,24,2,102047024
2,25,47,42,1,102047042
2,25,47,43,2,102047043
2,25,47,47,2,102047047
2,25,47,60,2,102047060
2,25,47,64,2,102047064
2,25,47,66,2,102047066
2,25,47,74,2,102047074
2,25,47,76,2,102047076
2,25,47,92,2,102047092
2,27,46,115,2,102046115
2,27,46,119,2,102046119
2,29,41,2,2,102041002
2,29,41,6,2,102041006
2,29,41,29,2,102041029
2,29,41,32,2,102041032
2,29,41,54,2,102041054
2,29,41,60,2,102041060
2,29,41,61,2,102041061
2,29,41,63,2,102041063
2,29,41,71,2,102041071
2,29,41,80,2,102041080
2,29,43,17,2,102043017
2,29,43,28,2,102043028
2,29,43,79,2,102043079
2,29,43,113,2,102043113
2,29,44,13,2,102044013
2,29,44,19,2,102044019
2,29,44,20,2,102044020
2,29,44,53,2,102044053
2,29,44,61,2,102044061
2,29,44,74,2,102044074
2,29,44,92,1,102044092
2,29,44,105,2,102044105
2,29,44,109,2,102044109
2,29,44,113,2,102044113
2,29,44,128,2,102044128
2,29,60,1,2,102060001
2,29,60,10,2,102060010
2,29,60,11,2,102060011
2,29,60,14,2,102060014
2,29,60,18,2,102060018
2,29,60,20,2,102060020
2,29,60,40,1,102060040
2,29,60,53,2,102060053
2,29,60,78,2,102060078
2,29,60,80,1,102060080
2,29,60,82,2,102060082
2,29,60,90,2,102060090
2,29,60,91,1,102060091
2,31,38,8,2,102038008
2,31,38,10,2,102038010
2,31,38,14,2,102038014
2,31,38,18,2,102038018
2,31,38,19,2,102038019
2,31,38,24,2,102038024
2,31,38,29,2,102038029
2,31,38,30,2,102038030
2,31,38,31,2,102038031
2,31,38,33,2,102038033
2,31,38,38,2,102038038
2,31,38,42,2,102038042
2,31,38,59,1,102038059
2,31,38,64,2,102038064
2,31,38,65,1,102038065
2,31,39,5,2,102039005
2,31,39,22,1,102039022
2,31,39,23,2,102039023
2,31,39,41,2,102039041
2,31,39,43,2,102039043
2,31,39,49,2,102039049
2,31,39,50,2,102039050
2,31,39,53,2,102039053
2,31,39,54,2,102039054
2,31,39,57,2,102039057
2,31,39,61,1,102039061
2,31,39,62,2,102039062
2,31,39,63,2,102039063
2,31,39,66,1,102039066
2,31,40,1,2,102040001
2,31,40,8,2,102040008
2,31,40,14,2,102040014
2,31,40,20,2,102040020
2,31,40,24,2,102040024
2,31,40,36,2,102040036
2,31,40,39,2,102040039
2,31,40,44,2,102040044
2,31,40,47,2,102040047
3,38,100,2,1,103100002
3,39,99,4,2,103099004
3,39,99,5,2,103099005
3,39,99,10,2,103099010
3,39,99,12,2,103099012
3,39,99,14,2,103099014
3,39,99,16,2,103099016
3,39,99,23,2,103099023
3,41,87,5,2,103087005
3,41,87,13,2,103087013
3,41,87,22,2,103087022
3,41,87,24,2,103087024
3,41,87,32,2,103087032
3,41,87,34,1,103087034
3,41,87,36,2,103087036
3,41,88,1,1,103088001
3,41,88,2,2,103088002
3,41,88,3,2,103088003
3,41,88,4,2,103088004
3,41,88,5,2,103088005
3,41,88,8,2,103088008
3,41,88,10,2,103088010
3,41,88,11,2,103088011
3,41,88,17,1,103088017
3,41,88,19,2,103088019
3,41,88,20,2,103088020
3,41,88,21,2,103088021
3,41,88,25,1,103088025
3,43,94,53,2,103094053
3,43,96,23,1,103096023
3,43,96,50,2,103096050
3,43,96,58,2,103096058
3,43,96,81,2,103096081
3,43,96,85,2,103096085
3,43,96,86,2,103096086
3,43,96,95,2,103096095
3,43,97,17,2,103097017
3,43,98,74,2,103098074
4,3,102,2,2,104102002
4,3,102,10,2,104102010
4,3,102,13,2,104102013
4,3,102,19,2,104102019
4,3,102,25,2,104102025
4,3,103,8,2,104103008
4,6,114,2,2,104114002
4,6,114,4,2,104114004
4,6,114,6,2,104114006
4,6,114,14,2,104114014
4,6,114,15,1,104114015
4,6,114,16,2,104114016
4,6,114,19,1,104114019
4,6,115,9,2,104115009
4,6,115,10,2,104115010
4,6,115,11,2,104115011
4,6,115,12,2,104115012
4,6,115,16,2,104115016
4,6,115,17,2,104115017
4,6,115,18,2,104115018
4,6,115,20,2,104115020
4,6,115,23,2,104115023
4,6,115,27,2,104115027
4,6,115,31,2,104115031
4,6,115,38,2,104115038
4,6,116,1,2,104116001
4,7,117,10,2,104117010
4,7,117,13,1,104117013
4,7,117,16,1,104117016
4,7,117,19,2,104117019
4,7,119,5,2,104119005
4,7,119,27,2,104119027
4,7,119,31,2,104119031
4,7,119,39,2,104119039
4,46,107,15,2,104107015
4,46,107,21,2,104107021
4,46,107,27,2,104107027
4,46,107,31,2,104107031
4,46,107,32,2,104107032
4,46,107,38,2,104107038
4,46,107,40,2,104107040
4,46,107,45,2,104107045
4,46,107,48,2,104107048
4,46,107,58,2,104107058
4,46,108,3,2,104108003
4,46,108,5,2,104108005
4,46,108,9,2,104108009
4,46,108,10,2,104108010
4,46,108,15,1,104108015
4,46,108,17,2,104108017
4,46,108,18,2,104108018
4,46,108,25,2,104108025
4,46,108,27,1,104108027
4,46,108,32,2,104108032
4,46,108,36,2,104108036
4,46,109,2,2,104109002
4,46,109,5,2,104109005
4,46,109,6,2,104109006
4,46,109,7,2,104109007
4,46,109,22,2,104109022
4,46,109,25,1,104109025
4,46,109,29,2,104109029
4,46,109,45,2,104109045
4,46,109,48,2,104109048
4,46,109,51,2,104109051
4,46,109,54,2,104109054
4,49,120,1,1,104120001
4,49,120,10,2,104120010
4,49,120,13,2,104120013
4,49,120,16,2,104120016
4,49,120,24,2,104120024
4,49,120,25,2,104120025
4,49,120,39,2,104120039
4,49,120,41,2,104120041
4,49,120,60,2,104120060
4,49,121,3,2,104121003
4,49,121,15,2,104121015
4,49,121,16,1,104121016
4,49,121,23,2,104121023
4,49,121,24,2,104121024
4,49,121,35,2,104121035
4,49,121,49,2,104121049
4,49,121,84,2,104121084
4,49,121,91,2,104121091
4,49,121,102,2,104121102
4,49,121,103,2,104121103
4,49,121,112,2,104121112
4,49,121,130,1,104121130
4,49,123,5,1,104123005
4,49,123,9,2,104123009
4,49,123,12,2,104123012
4,49,123,17,2,104123017
4,49,123,28,2,104123028
4,49,123,29,2,104123029
4,49,123,31,2,104123031
4,49,123,32,2,104123032
4,49,123,36,2,104123036
4,49,123,40,2,104123040
4,49,124,5,2,104124005
4,49,124,10,2,104124010
4,49,124,23,2,104124023
4,49,124,25,2,104124025
4,49,124,26,1,104124026
4,49,124,28,2,104124028
4,49,124,29,2,104124029
4,49,124,33,2,104124033
4,49,124,37,2,104124037
4,49,124,48,1,104124048
4,49,124,52,2,104124052
4,49,124,57,2,104124057
4,50,126,2,2,104126002
4,50,126,3,2,104126003
4,50,126,7,2,104126007
4,50,126,14,2,104126014
4,50,126,17,2,104126017
4,50,126,19,1,104126019
4,50,126,20,2,104126020
4,50,126,21,2,104126021
4,50,126,22,2,104126022
4,50,126,23,2,104126023
4,50,126,41,2,104126041
4,50,342,1,1,104342001
4,50,342,2,2,104342002
4,50,342,3,2,104342003
4,50,342,4,2,104342004
4,50,342,6,2,104342006
4,50,342,7,2,104342007
4,50,342,8,2,104342008
4,50,342,12,2,104342012
4,50,342,13,2,104342013
4,50,342,14,2,104342014
4,50,342,17,1,104342017
4,50,342,19,1,104342019
4,50,342,21,2,104342021
4,50,342,22,2,104342022
4,50,342,26,1,104342026
4,51,127,3,1,104127003
4,51,127,6,2,104127006
4,51,127,7,2,104127007
4,51,127,8,1,104127008
4,51,127,9,1,104127009
4,51,127,11,2,104127011
4,51,127,12,1,104127012
4,51,127,14,1,104127014
4,51,127,15,1,104127015
4,51,127,23,2,104127023
4,51,127,25,2,104127025
4,51,127,28,2,104127028
4,51,127,37,2,104127037
4,51,127,41,2,104127041
4,51,127,42,2,104127042
4,51,133,3,1,104133003
4,51,133,5,2,104133005
4,51,133,6,1,104133006
4,51,133,9,2,104133009
4,51,133,18,2,104133018
4,51,133,19,2,104133019
4,51,133,21,1,104133021
4,51,133,25,1,104133025
4,51,133,28,2,104133028
4,51,133,29,2,104133029
4,51,133,33,2,104133033
4,51,133,38,1,104133038
4,51,133,43,2,104133043
4,51,133,45,2,104133045
4,53,105,22,2,104105022
4,53,105,23,2,104105023
4,53,105,24,2,104105024
4,53,105,27,2,104105027
4,53,105,32,2,104105032
4,53,105,33,2,104105033
4,53,105,35,2,104105035
4,53,105,36,2,104105036
4,53,105,43,1,104105043
4,54,104,13,2,104104013
4,54,104,14,2,104104014
4,54,104,20,2,104104020
4,54,104,41,2,104104041
4,54,104,44,2,104104044
4,54,104,46,2,104104046
4,55,122,3,2,104122003
4,55,122,4,2,104122004
4,55,122,6,2,104122006
4,55,122,8,2,104122008
4,55,122,9,2,104122009
4,55,122,10,2,104122010
4,55,122,15,2,104122015
4,55,122,16,2,104122016
4,55,122,18,2,104122018
4,58,129,1,2,104129001
4,58,129,12,2,104129012
4,58,129,20,2,104129020
4,58,129,25,2,104129025
4,58,129,26,2,104129026
4,58,129,31,1,104129031
4,58,129,33,2,104129033
4,58,130,3,2,104130003
4,58,130,9,2,104130009
4,58,130,16,2,104130016
4,58,130,18,2,104130018
4,58,130,21,2,104130021
4,58,130,27,1,104130027
4,58,130,28,1,104130028
4,58,131,7,1,104131007
4,58,131,9,2,104131009
4,58,131,15,2,104131015
4,58,131,18,1,104131018
4,58,131,21,2,104131021
4,58,131,24,2,104131024
4,58,131,28,2,104131028
4,58,131,53,2,104131053
4,58,131,56,2,104131056
4,58,131,59,2,104131059
4,58,132,4,2,104132004
4,58,132,6,2,104132006
4,58,132,9,2,104132009
4,58,132,13,2,104132013
4,58,132,18,2,104132018
4,58,132,19,2,104132019
4,58,132,23,2,104132023
4,58,132,26,2,104132026
4,58,132,27,2,104132027
4,58,132,29,2,104132029
4,58,132,36,2,104132036
4,58,132,37,2,104132037
4,58,132,39,2,104132039
4,58,132,50,2,104132050
4,59,128,15,2,104128015
4,59,128,21,2,104128021
4,59,128,28,2,104128028
4,59,128,42,2,104128042
4,59,128,62,2,104128062
4,59,128,98,2,104128098
4,60,110,2,2,104110002
4,60,110,3,2,104110003
4,60,110,9,2,104110009
4,60,110,12,2,104110012
4,60,110,14,2,104110014
4,60,110,15,2,104110015
4,60,110,21,2,104110021
4,60,110,34,2,104110034
4,60,110,37,2,104110037
4,60,111,5,2,104111005
4,60,111,7,2,104111007
4,60,111,8,2,104111008
4,60,111,10,2,104111010
4,60,111,33,2,104111033
4,60,111,34,2,104111034
4,60,111,36,2,104111036
4,60,111,53,2,104111053
4,60,111,70,2,104111070
4,60,112,1,2,104112001
4,60,112,34,2,104112034
4,60,112,35,2,104112035
4,60,112,44,2,104112044
4,60,112,46,2,104112046
4,60,112,52,2,104112052
4,60,112,56,2,104112056
4,60,113,6,2,104113006
4,60,113,11,2,104113011
4,60,113,12,2,104113012
4,60,113,25,2,104113025
4,60,113,27,2,104113027
4,60,113,28,2,104113028
4,60,113,38,2,104113038
4,60,113,44,2,104113044
4,60,113,48,2,104113048
4,60,113,54,2,104113054
4,60,113,89,2,104113089
4,62,118,2,2,104118002
4,62,118,8,2,104118008
4,62,118,11,2,104118011
4,62,118,17,2,104118017
4,62,118,27,2,104118027
4,62,118,29,2,104118029
4,62,118,31,2,104118031
4,62,118,33,2,104118033
5,5,147,5,2,105147005
5,5,147,13,2,105147013
5,5,147,25,2,105147025
5,5,147,37,2,105147037
5,5,147,77,2,105147077
5,7,155,2,1,105155002
5,7,155,11,2,105155011
5,7,155,12,1,105155012
5,7,155,14,2,105155014
5,7,155,18,1,105155018
5,7,155,20,2,105155020
5,7,155,21,1,105155021
5,7,155,24,2,105155024
5,7,155,27,2,105155027
5,7,155,29,2,105155029
5,7,155,36,1,105155036
5,7,156,3,1,105156003
5,7,156,8,1,105156008
5,7,156,10,2,105156010
5,7,156,11,1,105156011
5,7,156,13,1,105156013
5,7,156,16,1,105156016
5,7,156,21,1,105156021
5,7,156,34,2,105156034
5,7,156,35,2,105156035
5,7,156,41,1,105156041
5,7,156,48,1,105156048
5,7,156,49,1,105156049
5,7,156,66,1,105156066
5,7,156,68,2,105156068
5,7,156,70,1,105156070
5,8,158,48,,105158048
5,9,161,3,2,105161003
5,9,161,6,1,105161006
5,9,161,11,1,105161011
5,9,161,13,1,105161013
5,9,161,15,1,105161015
5,9,161,16,2,105161016
5,9,161,17,2,105161017
5,9,161,18,2,105161018
5,9,161,29,2,105161029
5,9,161,30,2,105161030
5,9,161,33,1,105161033
5,9,161,35,1,105161035
5,9,161,36,2,105161036
5,9,161,38,2,105161038
5,9,162,1,1,105162001
5,9,162,5,1,105162005
5,9,162,8,1,105162008
5,9,162,9,1,105162009
5,9,162,15,1,105162015
5,9,162,17,2,105162017
5,9,162,19,2,105162019
5,9,162,20,2,105162020
5,9,162,24,1,105162024
5,9,162,27,2,105162027
5,9,162,28,1,105162028
5,9,162,29,1,105162029
5,9,162,31,1,105162031
5,9,162,35,2,105162035
5,9,163,53,2,105163053
5,9,163,65,2,105163065
5,9,163,79,2,105163079
5,10,164,6,2,105164006
5,10,164,8,2,105164008
5,10,164,20,2,105164020
5,10,164,26,2,105164026
5,10,164,29,1,105164029
5,10,164,30,2,105164030
5,10,164,31,1,105164031
5,10,164,33,1,105164033
5,10,164,38,1,105164038
5,10,165,5,2,105165005
5,10,165,10,2,105165010
5,10,165,19,1,105165019
5,10,165,20,2,105165020
5,10,165,27,2,105165027
5,10,165,31,2,105165031
5,10,165,42,1,105165042
5,10,165,53,1,105165053
5,10,165,58,2,105165058
5,11,166,1,1,105166001
5,11,166,8,1,105166008
5,11,166,12,1,105166012
5,11,166,19,1,105166019
5,11,166,27,1,105166027
5,11,166,31,1,105166031
5,11,166,39,1,105166039
5,11,166,47,1,105166047
5,11,166,52,2,105166052
5,11,166,56,2,105166056
5,11,166,60,1,105166060
5,11,166,62,2,105166062
5,12,168,52,2,105168052
5,12,168,82,1,105168082
5,12,169,3,1,105169003
5,12,169,4,1,105169004
5,12,169,7,1,105169007
5,12,169,8,1,105169008
5,12,169,14,2,105169014
5,12,169,15,2,105169015
5,12,169,16,2,105169016
5,12,169,17,2,105169017
5,12,169,23,1,105169023
5,12,169,24,1,105169024
5,12,169,27,1,105169027
5,12,169,32,1,105169032
5,12,169,35,1,105169035
5,12,169,36,1,105169036
5,12,169,38,1,105169038
5,12,170,1,2,105170001
5,12,170,7,2,105170007
5,12,170,8,1,105170008
5,12,170,10,2,105170010
5,12,170,11,1,105170011
5,12,170,12,1,105170012
5,12,170,19,1,105170019
5,12,170,21,1,105170021
5,12,170,22,1,105170022
5,12,170,25,2,105170025
5,12,170,27,2,105170027
5,12,170,30,2,105170030
5,12,170,35,2,105170035
5,12,170,36,2,105170036
5,12,170,37,1,105170037
5,13,171,3,1,105171003
5,13,171,4,1,105171004
5,13,171,5,1,105171005
5,13,171,10,2,105171010
5,13,171,18,2,105171018
5,13,171,22,2,105171022
5,13,171,23,2,105171023
5,13,171,25,1,105171025
5,13,171,29,2,105171029
5,14,173,1,2,105173001
5,14,173,3,2,105173003
5,14,173,4,2,105173004
5,14,173,5,2,105173005
5,14,173,6,2,105173006
5,14,173,9,2,105173009
5,14,173,13,2,105173013
5,14,173,19,1,105173019
5,14,173,23,2,105173023
5,14,173,25,1,105173025
5,14,173,28,1,105173028
5,14,173,29,2,105173029
5,14,173,31,2,105173031
5,14,173,32,1,105173032
5,14,174,3,1,105174003
5,14,174,7,2,105174007
5,14,174,8,2,105174008
5,14,174,11,2,105174011
5,14,174,29,2,105174029
5,14,174,31,2,105174031
5,14,174,32,2,105174032
5,14,174,40,2,105174040
5,14,174,52,1,105174052
5,14,174,53,2,105174053
5,14,174,54,1,105174054
5,14,174,55,2,105174055
5,14,174,61,2,105174061
5,14,174,70,2,105174070
5,15,176,3,2,105176003
5,15,176,5,2,105176005
5,15,176,6,2,105176006
5,15,176,8,2,105176008
5,15,176,13,2,105176013
5,15,176,15,2,105176015
5,15,176,22,2,105176022
5,15,176,47,2,105176047
5,15,176,90,2,105176090
5,15,176,92,2,105176092
5,15,177,1,2,105177001
5,15,177,2,1,105177002
5,15,177,4,1,105177004
5,15,177,8,2,105177008
5,15,177,9,2,105177009
5,15,177,10,2,105177010
5,15,177,12,2,105177012
5,15,177,13,2,105177013
5,15,177,27,2,105177027
5,15,177,28,2,105177028
5,15,177,39,2,105177039
5,66,172,3,2,105172003
5,66,172,9,2,105172009
5,66,172,15,2,105172015
5,66,172,16,2,105172016
5,66,172,19,2,105172019
5,66,172,26,2,105172026
5,66,172,28,2,105172028
5,66,172,31,2,105172031
5,66,172,33,2,105172033
5,66,172,34,2,105172034
5,66,172,46,2,105172046
5,67,149,2,2,105149002
5,67,149,4,2,105149004
5,67,149,5,2,105149005
5,67,149,13,2,105149013
5,67,149,15,1,105149015
5,67,149,29,2,105149029
5,67,149,43,1,105149043
5,67,149,44,1,105149044
5,67,149,46,1,105149046
5,67,149,49,1,105149049
5,67,149,67,2,105149067
5,67,149,69,2,105149069
5,67,149,122,2,105149122
5,67,150,1,2,105150001
5,67,150,6,2,105150006
5,67,150,8,2,105150008
5,67,150,16,2,105150016
5,67,150,17,1,105150017
5,67,150,21,1,105150021
5,67,150,28,2,105150028
5,67,150,33,1,105150033
5,67,150,45,2,105150045
5,67,150,53,1,105150053
5,67,150,55,1,105150055
5,67,150,58,1,105150058
5,67,150,61,2,105150061
5,67,150,66,1,105150066
5,67,151,6,2,105151006
5,67,151,7,1,105151007
5,67,151,12,2,105151012
5,67,151,14,2,105151014
5,67,151,18,2,105151018
5,67,151,29,2,105151029
5,67,152,5,2,105152005
5,67,152,6,2,105152006
5,67,152,10,2,105152010
5,67,152,11,2,105152011
5,67,152,15,2,105152015
5,67,152,20,2,105152020
5,67,152,23,2,105152023
5,67,152,28,2,105152028
5,67,152,32,2,105152032
5,67,152,41,2,105152041
5,67,152,44,1,105152044
5,67,152,45,2,105152045
5,67,152,55,2,105152055
5,67,153,4,2,105153004
5,67,153,10,2,105153010
5,67,153,13,2,105153013
5,67,153,19,2,105153019
5,67,153,24,2,105153024
5,67,153,25,2,105153025
5,67,153,29,2,105153029
5,67,153,30,2,105153030
5,67,153,37,2,105153037
5,67,153,53,2,105153053
5,67,154,4,2,105154004
5,67,154,11,2,105154011
5,67,154,21,2,105154021
5,67,154,22,2,105154022
5,67,154,32,2,105154032
5,67,154,42,2,105154042
5,67,154,43,2,105154043
5,67,154,44,2,105154044
5,67,154,51,2,105154051
5,67,154,52,2,105154052
5,67,154,61,2,105154061
5,68,137,11,2,105137011
5,68,137,13,2,105137013
5,68,137,17,2,105137017
5,68,137,19,2,105137019
5,68,137,20,2,105137020
5,68,137,23,2,105137023
5,68,137,27,2,105137027
5,68,137,29,1,105137029
5,68,137,30,2,105137030
5,68,137,31,2,105137031
5,68,137,35,2,105137035
5,69,134,6,2,105134006
5,69,134,11,2,105134011
5,69,134,17,2,105134017
5,69,134,19,2,105134019
5,69,134,22,2,105134022
5,69,134,30,2,105134030
5,69,134,34,1,105134034
5,69,134,35,2,105134035
5,69,134,36,2,105134036
5,69,134,45,2,105134045
5,69,134,46,1,105134046
5,69,134,48,2,105134048
5,69,134,49,2,105134049
5,69,134,50,2,105134050
5,69,135,3,2,105135003
5,69,135,5,2,105135005
5,69,135,12,2,105135012
5,69,135,20,2,105135020
5,69,135,30,1,105135030
5,69,135,37,1,105135037
5,69,135,53,2,105135053
5,69,135,59,2,105135059
5,69,135,66,2,105135066
5,69,135,69,2,105135069
5,69,135,76,2,105135076
5,69,135,86,2,105135086
5,70,136,3,2,105136003
5,70,136,6,2,105136006
5,70,136,7,2,105136007
5,70,136,10,2,105136010
5,70,136,11,2,105136011
5,70,136,14,1,105136014
5,70,136,22,1,105136022
5,70,136,25,2,105136025
5,70,136,27,1,105136027
5,70,136,29,1,105136029
5,70,136,30,2,105136030
5,70,136,34,1,105136034
5,70,136,40,1,105136040
5,70,138,4,2,105138004
5,70,138,9,2,105138009
5,70,138,23,2,105138023
5,70,138,36,2,105138036
5,71,148,5,2,105148005
5,71,148,11,2,105148011
5,71,148,35,2,105148035
5,71,148,40,2,105148040
5,71,148,46,2,105148046
5,71,148,50,2,105148050
5,71,148,73,2,105148073
5,73,142,13,2,105142013
5,73,142,20,2,105142020
5,73,142,49,2,105142049
5,80,143,7,2,105143007
5,80,143,27,2,105143027
5,80,143,38,2,105143038
5,80,145,6,2,105145006
5,80,145,12,2,105145012
5,80,145,14,2,105145014
5,80,145,15,1,105145015
5,80,145,17,1,105145017
5,80,145,19,2,105145019
5,80,145,21,2,105145021
5,80,145,30,2,105145030
5,80,145,31,2,105145031
5,80,145,33,2,105145033
5,80,145,41,2,105145041
5,80,145,43,1,105145043
5,80,145,82,2,105145082
5,80,145,83,2,105145083
5,80,146,4,2,105146004
5,80,146,5,2,105146005
5,80,146,13,2,105146013
5,80,146,19,2,105146019
5,80,146,25,2,105146025
5,80,146,28,1,105146028
5,80,146,29,1,105146029
5,80,146,33,2,105146033
5,80,146,49,2,105146049
5,80,146,53,2,105146053
5,82,140,1,1,105140001
5,82,140,2,2,105140002
5,82,140,4,2,105140004
5,82,140,5,2,105140005
5,82,140,11,2,105140011
5,82,140,15,2,105140015
5,82,140,16,2,105140016
5,82,140,22,1,105140022
5,82,140,23,2,105140023
5,82,140,24,2,105140024
5,82,140,28,2,105140028
5,82,140,32,1,105140032
5,82,140,38,2,105140038
5,82,140,40,2,105140040
6,109,296,1,2,108296001
6,109,296,2,2,108296002
6,109,296,5,2,108296005
6,109,296,10,2,108296010
6,109,296,20,2,108296020
6,109,296,29,2,108296029
6,109,296,34,2,108296034
6,109,296,45,1,108296045
6,109,296,48,2,108296048
6,109,296,49,2,108296049
6,109,296,52,2,108296052
6,109,296,58,2,108296058
6,109,296,62,2,108296062
6,109,296,65,2,108296065
6,109,296,73,2,108296073
6,1,178,4,1,106178004
6,1,178,7,2,106178007
6,1,178,29,2,106178029
6,1,178,30,1,106178030
6,1,178,40,2,106178040
6,1,178,55,2,106178055
6,1,178,69,2,106178069
6,1,178,71,2,106178071
6,1,178,95,2,106178095
6,1,178,106,1,106178106
6,1,181,3,1,106181003
6,1,181,5,2,106181005
6,1,181,7,2,106181007
6,1,181,8,2,106181008
6,1,181,10,2,106181010
6,1,181,13,2,106181013
6,1,181,18,2,106181018
6,1,181,20,2,106181020
6,1,181,23,1,106181023
6,1,181,24,2,106181024
6,1,181,27,1,106181027
6,1,181,30,2,106181030
6,1,181,31,2,106181031
6,1,181,32,2,106181032
6,1,181,34,2,106181034
6,1,183,6,2,106183006
6,1,183,7,2,106183007
6,1,183,8,2,106183008
6,1,183,13,2,106183013
6,1,183,21,2,106183021
6,1,183,27,2,106183027
6,1,183,28,2,106183028
6,1,183,34,2,106183034
6,1,183,50,2,106183050
6,1,183,65,2,106183065
6,10,211,2,2,106211002
6,12,225,20,2,106225020
6,12,225,21,2,106225021
6,12,225,25,2,106225025
6,12,225,29,1,106225029
6,12,225,30,2,106225030
6,12,225,32,2,106225032
6,12,225,36,2,106225036
6,16,234,2,1,106234002
6,16,234,7,2,106234007
6,16,234,20,1,106234020
6,16,234,21,2,106234021
6,16,234,27,2,106234027
6,16,234,32,2,106234032
6,16,234,35,2,106234035
6,16,234,36,2,106234036
6,16,234,38,2,106234038
6,16,234,42,2,106234042
6,16,234,51,2,106234051
6,16,234,53,2,106234053
6,16,235,16,2,106235016
6,16,235,20,1,106235020
6,16,235,37,2,106235037
6,16,235,53,2,106235053
6,16,235,106,2,106235106
6,16,235,149,1,106235149
6,16,235,159,2,106235159
6,16,235,178,1,106235178
6,16,236,18,2,106236018
6,16,236,40,2,106236040
6,16,236,52,2,106236052
6,16,236,62,2,106236062
6,16,236,64,2,106236064
6,84,193,5,2,106193005
6,84,193,28,2,106193028
6,84,193,38,2,106193038
6,84,193,60,2,106193060
6,84,193,62,2,106193062
6,84,193,74,2,106193074
6,84,193,76,2,106193076
6,84,193,108,2,106193108
6,84,193,122,2,106193122
6,84,193,132,2,106193132
6,86,220,37,2,106220037
6,86,220,52,1,106220052
6,86,220,54,2,106220054
6,86,220,57,1,106220057
6,86,220,62,1,106220062
6,86,220,83,2,106220083
6,86,224,4,2,106224004
6,86,224,7,2,106224007
6,86,224,9,2,106224009
6,86,224,14,2,106224014
6,86,224,15,2,106224015
6,86,224,35,2,106224035
6,86,224,36,1,106224036
6,86,224,37,2,106224037
6,86,224,38,2,106224038
6,86,224,41,2,106224041
6,86,224,43,1,106224043
6,86,224,55,2,106224055
6,88,238,2,2,106238002
6,88,238,5,2,106238005
6,88,238,14,2,106238014
6,88,238,33,2,106238033
6,88,238,36,2,106238036
6,88,238,38,2,106238038
6,88,238,49,2,106238049
6,88,238,51,2,106238051
6,88,238,71,2,106238071
6,88,238,76,2,106238076
6,88,238,80,2,106238080
6,88,238,81,2,106238081
6,88,238,82,2,106238082
6,89,187,15,2,106187015
6,89,187,18,2,106187018
6,89,187,24,2,106187024
6,89,187,30,2,106187030
6,89,187,49,2,106187049
6,89,187,53,2,106187053
6,89,187,55,1,106187055
6,89,187,56,2,106187056
6,89,187,59,2,106187059
6,89,187,60,2,106187060
6,89,187,70,2,106187070
6,89,187,71,2,106187071
6,89,187,89,2,106187089
6,89,187,108,1,106187108
6,89,187,110,2,106187110
6,89,188,1,2,106188001
6,89,188,2,2,106188002
6,89,188,10,2,106188010
6,89,188,21,2,106188021
6,89,188,24,2,106188024
6,89,188,25,2,106188025
6,89,188,31,2,106188031
6,89,188,34,2,106188034
6,89,188,45,2,106188045
6,89,188,47,2,106188047
6,89,188,49,2,106188049
6,89,188,51,2,106188051
6,89,188,53,2,106188053
6,89,191,20,2,106191020
6,89,191,30,1,106191030
6,89,191,33,2,106191033
6,89,191,34,2,106191034
6,89,191,56,2,106191056
6,89,191,59,2,106191059
6,89,191,65,2,106191065
6,89,191,69,2,106191069
6,89,191,96,2,106191096
6,89,191,101,2,106191101
6,89,192,4,2,106192004
6,89,192,5,2,106192005
6,89,192,6,2,106192006
6,89,192,28,1,106192028
6,89,192,32,2,106192032
6,89,192,33,2,106192033
6,89,192,34,2,106192034
6,89,192,38,2,106192038
6,89,192,46,2,106192046
6,89,192,50,2,106192050
6,91,185,12,2,106185012
6,91,185,13,2,106185013
6,91,185,14,2,106185014
6,91,185,17,2,106185017
6,91,185,21,2,106185021
6,91,185,28,1,106185028
6,91,185,36,1,106185036
6,91,185,40,2,106185040
6,91,185,49,2,106185049
6,91,185,52,2,106185052
6,91,185,54,2,106185054
6,91,185,56,2,106185056
6,91,185,58,2,106185058
6,91,185,59,1,106185059
6,91,185,60,2,106185060
6,92,195,3,2,106195003
6,92,195,12,2,106195012
6,92,195,25,2,106195025
6,92,195,35,2,106195035
6,92,195,123,2,106195123
6,92,195,232,2,106195232
6,92,196,11,2,106196011
6,92,196,12,2,106196012
6,92,196,16,2,106196016
6,92,196,22,2,106196022
6,92,196,23,2,106196023
6,93,194,1,2,106194001
6,93,194,7,2,106194007
6,93,194,13,2,106194013
6,93,194,15,2,106194015
6,93,194,18,2,106194018
6,93,194,21,2,106194021
6,93,194,22,2,106194022
6,93,194,35,2,106194035
6,93,194,42,2,106194042
6,93,194,43,2,106194043
6,93,194,45,2,106194045
6,93,194,55,2,106194055
6,93,194,57,2,106194057
6,93,194,60,2,106194060
6,93,194,69,2,106194069
6,94,179,24,2,106179024
6,94,179,29,1,106179029
6,94,179,56,2,106179056
6,94,179,80,1,106179080
6,94,179,89,2,106179089
6,94,179,99,2,106179099
6,94,179,102,2,106179102
6,94,179,116,2,106179116
6,94,179,119,2,106179119
6,94,179,120,2,106179120
6,94,179,127,2,106179127
6,94,179,128,2,106179128
6,94,179,134,2,106179134
6,94,179,146,2,106179146
6,94,179,155,1,106179155
6,94,180,1,2,106180001
6,94,180,2,2,106180002
6,94,180,3,2,106180003
6,94,180,4,2,106180004
6,94,180,6,2,106180006
6,94,180,8,2,106180008
6,94,180,9,2,106180009
6,94,180,11,2,106180011
6,94,180,15,2,106180015
6,94,180,16,2,106180016
6,94,180,18,2,106180018
6,94,180,20,2,106180020
6,94,180,22,2,106180022
6,94,180,23,2,106180023
6,94,180,35,1,106180035
6,94,183,20,2,106183020
6,94,183,33,2,106183033
6,95,182,20,2,106182020
6,95,182,26,2,106182026
6,95,182,42,2,106182042
6,95,182,47,2,106182047
6,95,182,49,2,106182049
6,95,182,50,2,106182050
6,95,182,54,2,106182054
6,95,182,58,2,106182058
6,95,182,61,2,106182061
6,95,182,65,2,106182065
6,95,182,88,2,106182088
6,95,182,95,2,106182095
6,95,182,124,2,106182124
6,95,184,83,2,106184083
6,95,184,89,2,106184089
6,95,184,107,2,106184107
6,96,199,2,1,106199002
6,96,199,3,1,106199003
6,96,199,4,2,106199004
6,96,199,5,2,106199005
6,96,199,8,2,106199008
6,96,199,11,1,106199011
6,96,199,14,1,106199014
6,96,199,16,2,106199016
6,96,199,19,1,106199019
6,96,199,27,2,106199027
6,96,199,32,2,106199032
6,96,199,33,2,106199033
6,97,189,2,2,106189002
6,97,189,6,2,106189006
6,97,189,39,2,106189039
6,97,189,46,2,106189046
6,97,189,62,2,106189062
6,97,189,72,2,106189072
6,97,189,73,2,106189073
6,97,189,82,2,106189082
6,97,189,91,2,106189091
6,98,190,2,2,106190002
6,98,190,4,2,106190004
6,98,190,5,2,106190005
6,98,190,12,2,106190012
6,98,190,14,2,106190014
6,98,190,16,2,106190016
6,98,190,19,2,106190019
6,98,190,21,2,106190021
6,98,190,23,2,106190023
6,98,190,26,2,106190026
6,98,190,35,2,106190035
6,98,190,38,2,106190038
6,98,190,43,2,106190043
6,98,190,64,2,106190064
6,99,200,3,2,106200003
6,99,200,9,2,106200009
6,99,200,15,2,106200015
6,99,200,21,2,106200021
6,99,200,25,2,106200025
6,99,200,39,1,106200039
6,99,200,57,2,106200057
6,99,200,59,2,106200059
6,99,200,60,2,106200060
6,99,200,63,2,106200063
6,99,200,65,2,106200065
6,99,200,76,2,106200076
6,99,206,2,2,106206002
6,99,206,6,2,106206006
6,99,206,14,2,106206014
6,99,206,23,2,106206023
6,99,206,24,2,106206024
6,99,206,29,2,106206029
6,99,206,30,2,106206030
6,99,206,31,2,106206031
6,99,206,40,2,106206040
6,99,206,44,2,106206044
6,99,231,6,1,106231006
6,99,231,8,2,106231008
6,99,231,30,2,106231030
6,99,231,36,2,106231036
6,99,231,39,2,106231039
6,99,231,46,2,106231046
6,100,197,1,1,106197001
6,100,197,10,1,106197010
6,100,197,15,2,106197015
6,100,197,18,2,106197018
6,100,197,23,2,106197023
6,100,197,24,1,106197024
6,100,197,25,2,106197025
6,100,197,26,1,106197026
6,100,197,39,2,106197039
6,100,197,40,2,106197040
6,100,197,41,2,106197041
6,100,198,40,2,106198040
6,100,198,58,2,106198058
6,100,198,71,2,106198071
6,100,198,73,2,106198073
6,100,198,79,2,106198079
6,100,198,96,2,106198096
6,100,198,117,2,106198117
6,100,198,127,2,106198127
6,100,198,133,2,106198133
6,100,198,152,2,106198152
6,100,198,154,2,106198154
6,103,221,47,2,106221047
6,103,222,1,2,106222001
6,103,222,3,2,106222003
6,103,222,7,2,106222007
6,103,222,16,2,106222016
6,103,222,18,2,106222018
6,103,222,27,2,106222027
6,103,222,31,2,106222031
6,103,222,32,2,106222032
6,103,222,49,2,106222049
6,106,237,3,1,106237003
6,106,237,16,2,106237016
6,106,237,21,2,106237021
6,106,237,44,1,106237044
6,106,237,62,2,106237062
6,106,237,71,2,106237071
6,106,237,74,2,106237074
6,108,229,1,2,106229001
6,108,229,2,2,106229002
6,108,229,5,2,106229005
6,108,229,7,1,106229007
6,108,229,8,1,106229008
6,108,229,9,2,106229009
6,108,229,11,2,106229011
6,108,229,12,2,106229012
6,108,229,13,2,106229013
6,108,229,14,2,106229014
6,108,229,17,2,106229017
6,108,229,18,2,106229018
6,108,229,20,2,106229020
6,108,229,26,2,106229026
6,108,229,30,2,106229030
6,108,230,5,2,106230005
6,108,230,14,2,106230014
6,108,230,18,1,106230018
6,108,230,25,1,106230025
6,108,230,29,1,106230029
6,108,230,30,2,106230030
6,108,230,41,2,106230041
6,108,230,45,2,106230045
6,108,230,47,1,106230047
6,108,230,48,2,106230048
6,108,230,51,1,106230051
6,108,230,54,1,106230054
6,108,230,60,2,106230060
6,108,230,62,1,106230062
6,108,230,64,2,106230064
6,109,228,3,1,106228003
6,109,228,4,1,106228004
6,109,228,10,2,106228010
6,109,228,11,2,106228011
6,109,228,14,1,106228014
6,109,228,23,1,106228023
6,109,228,24,2,106228024
6,109,228,25,2,106228025
6,109,228,30,2,106228030
6,109,228,35,1,106228035
6,109,228,47,2,106228047
6,109,228,50,2,106228050
6,109,228,58,1,106228058
6,109,232,44,2,106232044
6,109,232,48,2,106232048
6,109,232,57,1,106232057
6,109,232,62,2,106232062
6,109,232,70,2,106232070
6,109,232,76,2,106232076
6,109,232,81,2,106232081
6,109,232,82,2,106232082
6,109,232,83,2,106232083
6,109,232,91,1,106232091
6,109,232,105,1,106232105
6,109,232,112,1,106232112
6,109,232,120,1,106232120
6,109,232,161,2,106232161
6,109,233,2,2,106233002
6,109,233,8,2,106233008
6,109,233,16,2,106233016
6,109,233,27,2,106233027
6,109,233,35,2,106233035
6,109,233,49,1,106233049
6,109,233,69,2,106233069
6,109,233,80,2,106233080
6,109,233,111,2,106233111
6,110,227,10,2,106227010
6,110,227,20,1,106227020
6,110,227,44,2,106227044
6,110,227,64,2,106227064
6,110,227,88,2,106227088
6,110,227,109,2,106227109
6,110,227,112,2,106227112
6,110,227,115,2,106227115
6,110,227,116,2,106227116
6,111,226,5,2,106226005
6,111,226,22,2,106226022
6,111,226,25,2,106226025
6,111,226,26,2,106226026
6,111,226,44,2,106226044
6,111,226,50,2,106226050
6,111,226,56,2,106226056
6,111,226,102,2,106226102
6,111,226,110,2,106226110
6,111,226,114,2,106226114
7,8,258,16,2,107258016
7,8,258,68,1,107258068
7,8,260,8,2,107260008
7,8,260,9,2,107260009
7,8,260,17,2,107260017
7,8,260,33,2,107260033
7,8,260,34,2,107260034
7,8,260,38,2,107260038
7,8,260,47,2,107260047
7,8,260,48,2,107260048
7,8,260,50,2,107260050
7,8,260,59,2,107260059
7,8,260,60,2,107260060
7,8,261,2,2,107261002
7,8,261,11,2,107261011
7,8,261,35,2,107261035
7,8,261,56,2,107261056
7,8,261,58,2,107261058
7,8,261,59,2,107261059
7,8,261,65,2,107261065
7,8,261,77,2,107261077
7,8,261,82,2,107261082
7,8,261,83,2,107261083
7,8,261,106,2,107261106
7,112,239,5,2,107239005
7,112,239,7,2,107239007
7,112,239,12,1,107239012
7,112,239,14,2,107239014
7,112,239,16,2,107239016
7,112,239,17,2,107239017
7,112,239,20,2,107239020
7,112,239,24,2,107239024
7,112,239,25,2,107239025
7,112,239,27,1,107239027
7,112,239,30,2,107239030
7,112,239,32,2,107239032
7,112,239,33,2,107239033
7,112,240,1,1,107240001
7,112,240,3,2,107240003
7,112,240,11,2,107240011
7,112,240,12,2,107240012
7,112,240,14,2,107240014
7,112,240,20,1,107240020
7,112,240,21,1,107240021
7,112,240,27,1,107240027
7,112,240,28,1,107240028
7,112,240,31,2,107240031
7,112,240,33,1,107240033
7,112,240,42,2,107240042
7,112,240,43,2,107240043
7,112,240,46,2,107240046
7,112,241,3,2,107241003
7,112,241,9,2,107241009
7,112,241,11,2,107241011
7,112,241,13,2,107241013
7,112,241,26,1,107241026
7,112,241,27,2,107241027
7,112,241,35,2,107241035
7,112,241,51,2,107241051
7,112,241,52,2,107241052
7,112,241,63,1,107241063
7,112,242,3,2,107242003
7,112,242,10,2,107242010
7,112,242,12,2,107242012
7,112,242,19,1,107242019
7,112,242,20,1,107242020
7,112,242,22,2,107242022
7,112,242,40,2,107242040
7,112,242,47,1,107242047
7,112,242,49,2,107242049
7,112,242,53,2,107242053
7,112,242,55,1,107242055
7,112,242,66,2,107242066
7,112,242,71,2,107242071
7,112,243,1,2,107243001
7,112,243,11,1,107243011
7,112,243,45,2,107243045
7,112,243,46,2,107243046
7,112,243,61,2,107243061
7,112,243,64,2,107243064
7,112,243,71,1,107243071
7,112,243,88,2,107243088
7,112,244,14,1,107244014
7,112,244,17,2,107244017
7,112,244,45,1,107244045
7,112,244,60,2,107244060
7,112,244,71,2,107244071
7,112,244,79,1,107244079
7,112,246,1,2,107246001
7,112,246,4,2,107246004
7,112,246,9,2,107246009
7,112,246,13,2,107246013
7,112,246,15,2,107246015
7,112,246,17,2,107246017
7,112,246,18,2,107246018
7,112,246,20,2,107246020
7,112,246,22,2,107246022
7,112,246,36,2,107246036
7,112,246,47,2,107246047
7,112,246,53,2,107246053
7,112,246,57,2,107246057
7,113,245,1,1,107245001
7,113,245,7,1,107245007
7,113,245,9,2,107245009
7,113,245,13,1,107245013
7,113,245,14,1,107245014
7,113,245,20,1,107245020
7,113,245,21,2,107245021
7,114,247,8,2,107247008
7,114,247,14,2,107247014
7,114,247,25,1,107247025
7,114,247,30,2,107247030
7,114,247,36,2,107247036
7,114,247,40,2,107247040
7,114,247,47,2,107247047
7,114,247,48,2,107247048
7,114,247,53,1,107247053
7,114,248,1,,107248001
7,114,248,2,2,107248002
7,114,248,3,2,107248003
7,114,248,6,2,107248006
7,114,248,8,2,107248008
7,114,248,16,2,107248016
7,114,248,22,2,107248022
7,114,248,34,2,107248034
7,114,248,51,2,107248051
7,114,248,52,2,107248052
7,114,248,65,2,107248065
7,115,268,59,2,107268059
7,117,253,3,2,107253003
7,117,253,9,2,107253009
7,117,253,11,2,107253011
7,117,253,19,2,107253019
7,117,253,23,2,107253023
7,117,253,24,2,107253024
7,117,253,29,2,107253029
7,117,253,32,2,107253032
7,117,253,33,2,107253033
7,117,253,35,2,107253035
7,117,253,37,2,107253037
7,117,253,42,2,107253042
7,117,253,43,2,107253043
7,117,253,47,2,107253047
7,119,256,3,2,107256003
7,119,256,5,2,107256005
7,119,256,8,2,107256008
7,119,256,10,2,107256010
7,119,256,16,2,107256016
7,119,256,17,2,107256017
7,119,256,18,2,107256018
7,119,256,20,2,107256020
7,119,256,28,2,107256028
7,119,256,30,2,107256030
7,119,256,32,2,107256032
7,119,256,40,2,107256040
7,119,256,42,2,107256042
7,119,256,45,1,107256045
7,120,254,9,2,107254009
7,120,254,10,2,107254010
7,120,254,11,2,107254011
7,120,254,13,2,107254013
7,120,254,16,2,107254016
7,120,254,19,2,107254019
7,120,254,27,2,107254027
7,120,254,30,2,107254030
7,120,254,32,2,107254032
7,120,254,34,2,107254034
7,120,254,35,2,107254035
7,120,254,36,2,107254036
7,120,254,37,2,107254037
7,120,254,50,2,107254050
7,120,255,11,2,107255011
7,120,255,16,2,107255016
7,120,255,20,2,107255020
7,120,255,21,2,107255021
7,120,255,31,2,107255031
7,120,255,33,2,107255033
7,120,255,34,2,107255034
7,120,255,40,2,107255040
7,120,255,53,2,107255053
7,120,255,55,2,107255055
7,120,255,65,2,107255065
7,120,255,66,2,107255066
7,120,255,69,2,107255069
7,120,255,70,2,107255070
7,120,255,78,2,107255078
7,120,257,1,2,107257001
7,120,257,2,2,107257002
7,120,257,4,2,107257004
7,120,257,8,2,107257008
7,120,257,11,2,107257011
7,120,257,16,2,107257016
7,120,257,22,2,107257022
7,120,257,23,2,107257023
7,120,257,26,2,107257026
7,120,257,37,2,107257037
7,120,257,38,2,107257038
7,120,257,39,2,107257039
7,120,257,41,2,107257041
7,120,257,43,2,107257043
7,121,265,4,2,107265004
7,121,265,5,2,107265005
7,121,265,13,2,107265013
7,121,265,14,2,107265014
7,121,265,20,2,107265020
7,121,265,22,2,107265022
7,121,265,23,2,107265023
7,121,265,24,2,107265024
7,121,265,25,2,107265025
7,121,265,31,2,107265031
7,121,265,35,2,107265035
7,121,265,38,2,107265038
7,121,265,39,2,107265039
7,121,265,40,2,107265040
7,121,265,41,2,107265041
7,122,266,5,2,107266005
7,122,266,12,2,107266012
7,122,266,19,1,107266019
7,122,266,39,2,107266039
7,122,267,1,2,107267001
7,122,267,2,2,107267002
7,122,267,6,2,107267006
7,122,267,10,2,107267010
7,122,267,11,2,107267011
7,122,267,13,2,107267013
7,122,267,14,2,107267014
7,122,267,37,2,107267037
7,122,267,39,2,107267039
7,122,267,45,2,107267045
7,122,267,49,2,107267049
7,122,267,50,2,107267050
7,124,263,2,1,107263002
7,124,263,7,2,107263007
7,124,263,12,2,107263012
7,124,263,21,1,107263021
7,124,263,22,2,107263022
7,124,263,32,1,107263032
7,124,263,41,2,107263041
7,124,263,43,2,107263043
7,124,263,44,2,107263044
7,124,263,45,2,107263045
7,124,263,46,1,107263046
7,124,264,2,2,107264002
7,124,264,3,2,107264003
7,124,264,4,2,107264004
7,124,264,6,2,107264006
7,124,264,8,2,107264008
7,124,264,17,1,107264017
7,124,264,21,1,107264021
7,124,264,22,2,107264022
7,124,264,23,2,107264023
7,124,264,32,1,107264032
7,124,264,33,2,107264033
7,124,264,34,2,107264034
7,124,264,36,1,107264036
7,125,269,1,2,107269001
7,125,269,5,2,107269005
7,125,269,10,2,107269010
7,125,269,12,2,107269012
7,125,269,13,2,107269013
7,125,269,14,2,107269014
7,125,269,22,2,107269022
7,125,269,38,2,107269038
7,125,269,41,2,107269041
7,125,269,44,2,107269044
7,125,269,46,2,107269046
7,125,269,49,2,107269049
7,125,269,53,2,107269053
7,125,269,54,2,107269054
7,125,270,5,2,107270005
7,125,270,9,2,107270009
7,125,270,18,2,107270018
7,125,270,19,2,107270019
7,125,270,25,2,107270025
7,125,270,28,2,107270028
7,125,270,30,2,107270030
7,125,270,34,2,107270034
7,125,270,35,2,107270035
7,126,271,3,2,107271003
7,126,271,4,2,107271004
7,126,271,5,2,107271005
7,126,271,6,1,107271006
7,126,271,12,1,107271012
7,126,271,17,2,107271017
7,126,271,18,2,107271018
7,126,271,23,1,107271023
7,126,271,24,2,107271024
7,126,271,28,1,107271028
7,126,271,30,2,107271030
7,126,271,32,1,107271032
7,126,272,1,2,107272001
7,126,272,3,2,107272003
7,126,272,5,2,107272005
7,126,272,6,2,107272006
7,126,272,7,1,107272007
7,126,272,12,2,107272012
7,126,272,13,2,107272013
7,126,272,16,2,107272016
7,126,272,17,2,107272017
7,127,250,23,1,107250023
7,127,251,8,2,107251008
7,128,252,8,2,107252008
7,128,252,11,1,107252011
7,128,252,19,1,107252019
7,128,252,23,2,107252023
7,128,252,24,1,107252024
7,128,252,26,2,107252026
7,128,252,30,1,107252030
7,128,252,32,2,107252032
7,128,252,35,2,107252035
7,128,252,36,2,107252036
7,128,252,41,2,107252041
7,128,252,55,2,107252055
7,128,252,59,2,107252059
7,128,252,60,1,107252060
7,130,249,1,2,107249001
7,130,249,3,1,107249003
7,130,249,8,1,107249008
7,130,249,9,2,107249009
7,130,249,11,2,107249011
7,130,249,21,2,107249021
7,130,249,25,2,107249025
7,130,249,29,1,107249029
7,130,249,32,2,107249032
7,130,249,36,1,107249036
7,130,249,42,2,107249042
7,132,262,3,2,107262003
7,132,262,4,2,107262004
7,132,262,7,2,107262007
7,132,262,8,2,107262008
7,132,262,9,2,107262009
7,132,262,10,2,107262010
7,132,262,12,2,107262012
7,132,262,13,2,107262013
7,132,262,16,2,107262016
7,132,262,17,2,107262017
7,132,262,18,2,107262018
7,132,262,20,2,107262020
7,132,262,22,2,107262022
7,133,259,1,2,107259001
7,133,259,2,1,107259002
7,133,259,6,2,107259006
7,133,259,8,2,107259008
7,133,259,10,2,107259010
7,133,259,11,1,107259011
7,133,259,12,2,107259012
7,133,259,13,2,107259013
7,133,259,15,2,107259015
7,133,259,16,2,107259016
7,133,259,17,1,107259017
7,133,259,25,2,107259025
7,133,259,27,2,107259027
7,133,259,29,1,107259029
7,133,259,30,1,107259030
8,9,295,1,2,108295001
8,9,295,2,2,108295002
8,9,295,3,2,108295003
8,9,295,5,2,108295005
8,9,295,6,2,108295006
8,9,295,8,2,108295008
8,9,295,11,2,108295011
8,9,295,12,2,108295012
8,9,295,13,2,108295013
8,9,295,15,2,108295015
8,9,295,19,2,108295019
8,9,295,22,2,108295022
8,9,295,23,2,108295023
8,9,295,24,2,108295024
8,9,295,25,2,108295025
8,9,297,4,2,108297004
8,9,297,6,2,108297006
8,9,297,10,2,108297010
8,9,297,13,2,108297013
8,9,297,15,2,108297015
8,9,297,22,2,108297022
8,9,297,23,2,108297023
8,9,297,28,2,108297028
8,9,297,29,2,108297029
8,9,297,36,2,108297036
8,9,297,40,2,108297040
8,9,297,42,2,108297042
8,9,297,46,2,108297046
8,9,297,52,2,108297052
8,9,297,59,2,108297059
8,10,301,2,2,108301002
8,10,301,5,2,108301005
8,10,301,8,2,108301008
8,10,301,11,2,108301011
8,10,301,15,2,108301015
8,10,303,2,2,108303002
8,10,303,12,2,108303012
8,10,303,16,2,108303016
8,10,303,21,2,108303021
8,10,303,22,2,108303022
8,10,303,23,2,108303023
8,10,303,42,2,108303042
8,10,304,3,2,108304003
8,10,304,13,2,108304013
8,10,304,27,2,108304027
8,10,304,32,2,108304032
8,10,304,39,2,108304039
8,10,304,41,2,108304041
8,10,304,42,2,108304042
8,10,305,39,2,108305039
8,135,310,4,2,108310004
8,135,310,5,2,108310005
8,135,310,7,2,108310007
8,135,310,14,2,108310014
8,135,310,19,2,108310019
8,135,310,24,2,108310024
8,135,310,25,1,108310025
8,135,310,32,2,108310032
8,135,310,34,2,108310034
8,135,310,35,2,108310035
8,135,310,47,2,108310047
8,135,310,54,2,108310054
8,135,310,64,2,108310064
8,135,310,71,2,108310071
8,135,311,7,2,108311007
8,135,311,10,2,108311010
8,135,311,16,2,108311016
8,135,311,19,2,108311019
8,135,311,21,2,108311021
8,135,311,24,2,108311024
8,135,311,28,2,108311028
8,135,311,29,2,108311029
8,135,311,31,2,108311031
8,135,311,33,2,108311033
8,135,311,35,2,108311035
8,135,311,36,2,108311036
8,137,285,5,2,108285005
8,137,285,6,2,108285006
8,137,285,7,2,108285007
8,137,285,9,2,108285009
8,137,285,11,2,108285011
8,137,285,14,2,108285014
8,137,285,15,2,108285015
8,137,285,16,2,108285016
8,137,285,17,2,108285017
8,137,285,18,2,108285018
8,137,285,19,2,108285019
8,137,285,21,2,108285021
8,137,285,22,2,108285022
8,137,285,24,2,108285024
8,137,286,1,2,108286001
8,137,286,3,2,108286003
8,137,286,4,2,108286004
8,137,286,5,2,108286005
8,137,286,8,2,108286008
8,137,286,11,2,108286011
8,137,286,12,2,108286012
8,137,286,13,2,108286013
8,137,286,14,2,108286014
8,137,286,15,2,108286015
8,137,286,16,2,108286016
8,137,286,18,2,108286018
8,137,286,19,2,108286019
8,137,286,21,2,108286021
8,137,286,22,2,108286022
8,137,287,1,2,108287001
8,137,287,2,2,108287002
8,137,287,3,2,108287003
8,137,287,5,2,108287005
8,137,287,6,2,108287006
8,137,287,9,2,108287009
8,137,287,15,2,108287015
8,137,287,16,2,108287016
8,137,287,18,2,108287018
8,137,287,24,2,108287024
8,137,287,26,2,108287026
8,137,287,28,2,108287028
8,137,287,31,2,108287031
8,137,287,32,2,108287032
8,137,287,99,2,108287099
8,138,278,1,2,108278001
8,138,278,2,2,108278002
8,138,278,4,2,108278004
8,138,278,5,2,108278005
8,138,278,8,2,108278008
8,138,278,9,2,108278009
8,138,278,10,2,108278010
8,138,278,11,2,108278011
8,138,278,14,2,108278014
8,138,278,15,2,108278015
8,138,278,17,2,108278017
8,138,278,20,2,108278020
8,138,278,21,2,108278021
8,138,278,23,2,108278023
8,138,278,16,2,108278016
8,140,291,6,2,108291006
8,140,291,7,2,108291007
8,140,291,8,2,108291008
8,140,291,9,2,108291009
8,140,291,12,2,108291012
8,140,291,17,2,108291017
8,140,291,18,2,108291018
8,140,291,25,2,108291025
8,140,291,28,2,108291028
8,140,291,32,2,108291032
8,140,291,36,2,108291036
8,140,291,38,2,108291038
8,140,291,39,2,108291039
8,140,291,40,2,108291040
8,140,291,42,2,108291042
8,140,292,1,2,108292001
8,140,292,2,2,108292002
8,140,292,3,2,108292003
8,140,292,9,2,108292009
8,140,292,10,2,108292010
8,140,292,11,2,108292011
8,140,292,12,2,108292012
8,140,292,14,2,108292014
8,140,292,16,2,108292016
8,140,292,17,2,108292017
8,140,292,20,2,108292020
8,140,292,21,2,108292021
8,140,292,25,2,108292025
8,140,292,29,2,108292029
8,140,292,32,2,108292032
8,140,293,1,2,108293001
8,140,293,2,2,108293002
8,140,293,4,2,108293004
8,140,293,6,2,108293006
8,140,293,7,2,108293007
8,140,293,8,2,108293008
8,140,293,9,2,108293009
8,140,293,11,2,108293011
8,140,293,12,2,108293012
8,140,293,13,2,108293013
8,140,293,14,2,108293014
8,140,293,15,2,108293015
8,140,293,17,2,108293017
8,140,293,18,2,108293018
8,141,294,1,2,108294001
8,141,294,2,2,108294002
8,141,294,4,2,108294004
8,141,294,5,2,108294005
8,141,294,6,2,108294006
8,141,294,7,2,108294007
8,141,294,8,2,108294008
8,141,294,9,2,108294009
8,141,294,10,2,108294010
8,141,294,11,2,108294011
8,141,294,12,2,108294012
8,141,294,13,2,108294013
8,141,294,14,2,108294014
8,141,294,15,2,108294015
8,142,275,1,2,108275001
8,142,275,5,2,108275005
8,142,275,17,2,108275017
8,142,275,19,2,108275019
8,142,275,22,2,108275022
8,142,275,28,2,108275028
8,142,275,29,2,108275029
8,142,275,32,2,108275032
8,142,275,33,2,108275033
8,142,275,36,2,108275036
8,142,275,37,2,108275037
8,142,275,38,2,108275038
8,142,275,39,2,108275039
8,142,276,1,2,108276001
8,142,276,2,2,108276002
8,142,276,4,2,108276004
8,142,276,6,2,108276006
8,142,276,7,2,108276007
8,142,276,10,2,108276010
8,142,276,11,2,108276011
8,142,276,13,2,108276013
8,142,276,14,2,108276014
8,142,276,15,2,108276015
8,142,276,17,2,108276017
8,142,276,18,2,108276018
8,142,276,19,2,108276019
8,142,276,23,2,108276023
8,142,276,26,2,108276026
8,142,277,2,2,108277002
8,142,277,4,2,108277004
8,142,277,10,2,108277010
8,142,277,11,2,108277011
8,142,277,14,2,108277014
8,142,277,20,2,108277020
8,142,277,21,2,108277021
8,142,277,24,2,108277024
8,142,277,25,2,108277025
8,142,277,26,2,108277026
8,142,277,28,2,108277028
8,142,277,30,2,108277030
8,142,277,32,2,108277032
8,142,277,34,2,108277034
8,142,277,36,2,108277036
8,142,279,17,2,108279017
8,142,279,19,2,108279019
8,142,279,61,2,108279061
8,142,279,95,2,108279095
8,142,279,96,2,108279096
8,142,279,102,2,108279102
8,142,279,111,2,108279111
8,142,279,122,2,108279122
8,142,279,125,2,108279125
8,143,281,15,2,108281015
8,143,281,34,2,108281034
8,143,281,41,2,108281041
8,143,281,45,2,108281045
8,143,281,51,2,108281051
8,143,281,72,2,108281072
8,143,281,73,2,108281073
8,143,281,77,2,108281077
8,143,281,78,2,108281078
8,143,281,79,2,108281079
8,143,281,83,2,108281083
8,143,281,91,2,108281091
8,143,281,95,2,108281095
8,143,281,100,2,108281100
8,143,281,101,2,108281101
8,144,280,1,2,108280001
8,144,280,2,2,108280002
8,144,280,3,2,108280003
8,144,280,4,2,108280004
8,144,280,8,2,108280008
8,144,280,9,2,108280009
8,144,280,10,2,108280010
8,144,280,11,2,108280011
8,144,280,13,2,108280013
8,144,280,15,2,108280015
8,144,280,17,2,108280017
8,144,280,99,2,108280099
8,147,273,3,2,108273003
8,147,273,4,2,108273004
8,147,273,9,2,108273009
8,147,273,14,2,108273014
8,147,273,15,2,108273015
8,147,273,28,2,108273028
8,147,273,30,2,108273030
8,147,273,36,2,108273036
8,147,273,38,2,108273038
8,147,273,42,2,108273042
8,147,273,50,2,108273050
8,147,273,56,2,108273056
8,147,273,60,2,108273060
8,147,273,63,2,108273063
8,147,273,66,2,108273066
8,148,298,3,2,108298003
8,148,298,4,2,108298004
8,148,298,9,2,108298009
8,148,298,10,2,108298010
8,148,298,16,2,108298016
8,148,298,19,2,108298019
8,148,298,20,2,108298020
8,148,298,21,2,108298021
8,148,298,22,2,108298022
8,148,298,24,2,108298024
8,148,298,25,2,108298025
8,148,298,26,2,108298026
8,148,298,29,2,108298029
8,148,298,30,2,108298030
8,148,300,25,2,108300025
8,148,300,37,2,108300037
8,149,306,2,2,108306002
8,149,306,3,2,108306003
8,149,306,5,2,108306005
8,149,306,8,1,108306008
8,149,306,10,2,108306010
8,149,306,21,2,108306021
8,149,306,23,1,108306023
8,149,306,24,1,108306024
8,149,306,25,2,108306025
8,149,306,27,1,108306027
8,149,306,28,2,108306028
8,149,306,29,2,108306029
8,149,306,30,1,108306030
8,149,306,31,2,108306031
8,149,306,32,1,108306032
8,150,274,6,2,108274006
8,150,274,10,2,108274010
8,150,274,14,2,108274014
8,150,274,16,2,108274016
8,150,274,22,2,108274022
8,150,274,25,2,108274025
8,150,274,26,2,108274026
8,150,274,27,2,108274027
8,150,274,33,2,108274033
8,150,274,34,2,108274034
8,150,274,41,2,108274041
8,150,274,44,2,108274044
8,150,274,45,2,108274045
8,150,274,56,2,108274056
8,151,307,3,2,108307003
8,151,307,8,2,108307008
8,151,307,9,2,108307009
8,151,307,16,2,108307016
8,151,307,18,2,108307018
8,151,307,21,2,108307021
8,151,307,23,2,108307023
8,151,307,27,2,108307027
8,151,307,28,2,108307028
8,151,307,33,2,108307033
8,151,307,34,2,108307034
8,151,307,38,2,108307038
8,151,307,40,2,108307040
8,151,308,1,2,108308001
8,151,308,3,2,108308003
8,151,308,5,2,108308005
8,151,308,6,2,108308006
8,151,308,10,1,108308010
8,151,308,14,2,108308014
8,151,308,20,2,108308020
8,151,308,26,2,108308026
8,151,308,30,2,108308030
8,151,308,32,2,108308032
8,151,308,35,2,108308035
8,151,308,41,2,108308041
8,151,308,43,2,108308043
8,151,308,48,2,108308048
8,151,309,5,2,108309005
8,151,309,14,2,108309014
8,151,309,16,2,108309016
8,151,309,20,2,108309020
8,151,309,22,2,108309022
8,151,309,25,2,108309025
8,151,309,26,2,108309026
8,151,309,28,2,108309028
8,151,309,31,2,108309031
8,151,309,32,2,108309032
8,151,309,33,2,108309033
8,151,309,36,2,108309036
8,151,309,39,1,108309039
8,151,309,40,2,108309040
8,151,309,41,2,108309041
8,152,288,1,2,108288001
8,152,288,2,2,108288002
8,152,288,3,2,108288003
8,152,288,4,2,108288004
8,152,288,5,2,108288005
8,152,288,6,2,108288006
8,152,288,7,2,108288007
8,152,288,8,2,108288008
8,152,288,9,2,108288009
8,152,288,10,2,108288010
8,152,288,11,2,108288011
8,152,288,13,2,108288013
8,152,288,14,2,108288014
8,152,288,15,2,108288015
8,152,288,16,2,108288016
8,152,289,1,2,108289001
8,152,289,5,2,108289005
8,152,289,8,2,108289008
8,152,289,11,2,108289011
8,152,289,12,2,108289012
8,152,289,13,2,108289013
8,152,289,14,2,108289014
8,152,289,18,2,108289018
8,152,289,20,2,108289020
8,152,289,26,2,108289026
8,152,289,31,2,108289031
8,152,289,37,2,108289037
8,152,289,38,2,108289038
8,152,289,41,2,108289041
8,152,289,47,2,108289047
8,152,290,2,2,108290002
8,152,290,3,2,108290003
8,152,290,5,2,108290005
8,152,290,6,2,108290006
8,152,290,7,2,108290007
8,152,290,8,2,108290008
8,152,290,10,2,108290010
8,152,290,15,2,108290015
8,152,290,16,2,108290016
8,152,290,17,2,108290017
8,152,290,18,2,108290018
8,152,290,21,2,108290021
8,152,290,23,2,108290023
8,152,290,27,2,108290027
8,152,290,29,2,108290029
8,153,282,1,2,108282001
8,153,282,2,2,108282002
8,153,282,3,2,108282003
8,153,282,5,2,108282005
8,153,282,7,2,108282007
8,153,282,8,2,108282008
8,153,282,10,2,108282010
8,153,282,12,2,108282012
8,153,282,14,2,108282014
8,153,282,15,2,108282015
8,153,282,17,2,108282017
8,153,282,18,2,108282018
8,153,282,19,2,108282019
8,153,282,22,2,108282022
8,153,282,24,2,108282024
8,153,283,1,2,108283001
8,153,283,3,2,108283003
8,153,283,5,2,108283005
8,153,283,6,2,108283006
8,153,283,7,2,108283007
8,153,283,8,2,108283008
8,153,283,9,2,108283009
8,153,283,10,2,108283010
8,153,283,14,2,108283014
8,153,283,18,2,108283018
8,153,283,19,2,108283019
8,153,283,22,2,108283022
8,153,283,23,2,108283023
8,153,283,25,2,108283025
8,153,283,26,2,108283026
8,153,284,4,2,108284004
8,153,284,10,2,108284010
8,153,284,12,2,108284012
8,153,284,13,2,108284013
8,153,284,14,2,108284014
8,153,284,19,2,108284019
8,153,284,21,2,108284021
8,153,284,23,2,108284023
8,153,284,24,2,108284024
8,153,284,26,2,108284026
8,153,284,27,2,108284027
8,153,284,28,2,108284028
8,153,284,31,2,108284031
9,154,325,8,2,109325008
9,154,325,10,1,109325010
9,154,325,14,2,109325014
9,154,325,17,2,109325017
9,154,325,21,2,109325021
9,154,325,26,1,109325026
9,154,325,27,2,109325027
9,154,325,28,2,109325028
9,154,325,29,1,109325029
9,154,325,31,2,109325031
9,154,325,32,1,109325032
9,154,325,34,2,109325034
9,154,325,38,1,109325038
9,154,325,44,2,109325044
9,154,325,47,2,109325047
9,154,326,2,1,109326002
9,154,326,4,1,109326004
9,154,326,5,1,109326005
9,154,326,8,1,109326008
9,154,326,14,2,109326014
9,154,326,15,2,109326015
9,154,326,17,1,109326017
9,154,326,18,2,109326018
9,154,326,19,2,109326019
9,154,326,21,2,109326021
9,154,326,22,1,109326022
9,154,326,23,1,109326023
9,154,326,33,1,109326033
9,154,326,36,2,109326036
9,154,326,37,1,109326037
9,154,327,1,2,109327001
9,154,327,3,2,109327003
9,154,327,5,1,109327005
9,154,327,6,1,109327006
9,154,327,7,2,109327007
9,154,327,9,1,109327009
9,154,327,10,2,109327010
9,154,327,11,1,109327011
9,154,327,12,2,109327012
9,154,327,17,2,109327017
9,154,327,20,2,109327020
9,154,327,22,2,109327022
9,154,327,24,1,109327024
9,154,327,25,2,109327025
9,154,327,26,2,109327026
9,154,328,1,2,109328001
9,154,328,2,1,109328002
9,154,328,7,2,109328007
9,154,328,9,2,109328009
9,154,328,10,2,109328010
9,154,328,11,1,109328011
9,154,328,23,1,109328023
9,154,328,25,2,109328025
9,154,328,26,2,109328026
9,154,328,37,2,109328037
9,154,328,44,1,109328044
9,154,328,45,1,109328045
9,154,328,46,1,109328046
9,156,317,89,2,109317089
9,156,317,136,2,109317136
9,156,319,1,2,109319001
9,156,319,2,2,109319002
9,156,319,7,2,109319007
9,156,319,8,2,109319008
9,156,319,9,2,109319009
9,156,319,10,2,109319010
9,156,319,16,2,109319016
9,156,319,18,2,109319018
9,156,319,19,2,109319019
9,156,319,22,2,109319022
9,156,319,24,2,109319024
9,156,319,25,2,109319025
9,156,319,27,2,109319027
9,156,319,29,2,109319029
9,156,319,30,2,109319030
9,156,320,1,2,109320001
9,156,320,3,2,109320003
9,156,320,5,2,109320005
9,156,320,6,2,109320006
9,156,320,11,2,109320011
9,156,320,13,2,109320013
9,156,320,15,2,109320015
9,156,320,16,2,109320016
9,156,320,18,2,109320018
9,156,320,19,2,109320019
9,156,320,24,2,109320024
9,156,320,27,2,109320027
9,156,320,28,2,109320028
9,156,320,29,2,109320029
9,156,320,32,2,109320032
9,156,322,22,2,109322022
9,156,322,46,2,109322046
9,156,322,49,2,109322049
9,157,315,1,2,109315001
9,157,315,2,2,109315002
9,157,315,3,2,109315003
9,157,315,4,2,109315004
9,157,315,5,2,109315005
9,157,315,6,2,109315006
9,157,315,7,2,109315007
9,157,315,8,2,109315008
9,157,315,9,2,109315009
9,157,315,10,2,109315010
9,157,315,11,2,109315011
9,157,315,13,2,109315013
9,157,315,14,2,109315014
9,157,315,15,2,109315015
9,157,315,17,2,109315017
9,157,316,1,2,109316001
9,157,316,2,2,109316002
9,157,316,4,2,109316004
9,157,316,8,2,109316008
9,157,316,16,2,109316016
9,157,316,18,2,109316018
9,157,316,25,2,109316025
9,157,316,26,2,109316026
9,157,316,27,2,109316027
9,157,316,32,2,109316032
9,157,316,36,2,109316036
9,157,316,39,2,109316039
9,157,316,44,2,109316044
9,158,312,14,2,109312014
9,158,312,38,2,109312038
9,158,312,51,2,109312051
9,158,312,54,2,109312054
9,158,312,60,2,109312060
9,158,313,1,2,109313001
9,158,313,4,2,109313004
9,158,313,7,2,109313007
9,158,313,8,2,109313008
9,158,313,10,2,109313010
9,158,313,11,2,109313011
9,158,313,14,2,109313014
9,158,313,15,2,109313015
9,158,313,16,2,109313016
9,158,313,17,2,109313017
9,158,313,20,2,109313020
9,158,313,21,2,109313021
9,158,313,23,2,109313023
9,158,314,1,2,109314001
9,158,314,2,2,109314002
9,158,314,3,2,109314003
9,158,314,4,2,109314004
9,158,314,5,2,109314005
9,158,314,7,2,109314007
9,158,314,9,2,109314009
9,158,314,11,2,109314011
9,158,314,12,2,109314012
9,158,314,13,2,109314013
9,158,314,14,2,109314014
9,158,314,15,2,109314015
9,158,314,16,2,109314016
9,158,314,17,2,109314017
9,158,314,18,2,109314018
9,159,324,4,2,109324004
9,159,324,5,2,109324005
9,159,324,6,2,109324006
9,159,324,10,2,109324010
9,159,324,11,2,109324011
9,159,324,13,2,109324013
9,159,324,14,2,109324014
9,159,324,16,2,109324016
9,159,324,17,2,109324017
9,159,324,18,2,109324018
9,159,324,19,2,109324019
9,159,324,21,2,109324021
9,159,324,22,2,109324022
9,159,324,23,2,109324023
9,159,324,24,2,109324024
9,162,318,1,2,109318001
9,162,318,2,2,109318002
9,162,318,3,2,109318003
9,162,318,4,2,109318004
9,162,318,5,2,109318005
9,162,318,6,2,109318006
9,162,318,7,2,109318007
9,162,318,8,2,109318008
9,162,318,10,2,109318010
9,162,318,11,2,109318011
9,162,318,12,2,109318012
9,162,318,14,2,109318014
9,162,318,16,2,109318016
9,162,318,18,2,109318018
9,162,321,1,2,109321001
9,162,321,5,2,109321005
9,162,321,6,2,109321006
9,162,321,9,2,109321009
9,162,321,11,2,109321011
9,162,321,12,2,109321012
9,162,321,18,2,109321018
9,162,321,20,2,109321020
9,162,321,22,2,109321022
9,162,321,25,2,109321025
9,162,321,27,2,109321027
9,162,321,30,2,109321030
9,162,321,33,2,109321033
9,162,321,34,2,109321034
9,162,321,35,2,109321035
10,166,333,1,2,110333001
10,166,333,3,2,110333003
10,166,333,4,2,110333004
10,166,333,5,2,110333005
10,166,333,8,2,110333008
10,166,333,9,2,110333009
10,166,333,12,2,110333012
10,166,333,14,2,110333014
10,166,333,16,2,110333016
10,166,333,17,2,110333017
10,166,333,18,2,110333018
10,166,333,19,2,110333019
10,166,333,20,2,110333020
10,166,333,21,2,110333021
10,166,334,1,2,110334001
10,166,334,2,2,110334002
10,166,334,3,2,110334003
10,166,334,4,2,110334004
10,166,334,5,2,110334005
10,166,334,6,2,110334006
10,166,334,7,2,110334007
10,166,334,8,2,110334008
10,166,334,9,2,110334009
10,166,334,10,2,110334010
10,166,334,11,2,110334011
10,166,334,14,2,110334014
10,166,334,15,2,110334015
10,166,335,3,2,110335003
10,166,335,6,2,110335006
10,166,335,17,2,110335017
10,166,335,30,2,110335030
10,166,335,36,2,110335036
10,166,335,38,2,110335038
10,166,335,39,2,110335039
10,166,335,41,2,110335041
10,166,335,46,2,110335046
10,166,335,47,2,110335047
10,166,335,48,2,110335048
10,166,335,49,2,110335049
10,166,335,51,2,110335051
10,166,335,59,2,110335059
10,166,336,1,2,110336001
10,166,336,2,2,110336002
10,166,336,3,2,110336003
10,166,336,4,2,110336004
10,166,336,5,2,110336005
10,166,336,6,2,110336006
10,166,336,7,2,110336007
10,166,336,8,2,110336008
10,166,336,11,2,110336011
10,166,336,12,2,110336012
10,166,336,13,2,110336013
10,166,336,14,2,110336014
10,166,336,15,2,110336015
10,166,336,16,2,110336016
10,166,337,3,2,110337003
10,166,337,7,2,110337007
10,166,337,8,2,110337008
10,166,337,10,2,110337010
10,166,337,12,2,110337012
10,166,337,15,2,110337015
10,166,337,17,2,110337017
10,166,337,27,2,110337027
10,166,337,33,2,110337033
10,166,337,42,2,110337042
10,166,337,47,2,110337047
10,166,337,50,2,110337050
10,166,337,56,2,110337056
10,167,340,1,2,110340001
10,167,340,2,2,110340002
10,167,340,3,2,110340003
10,167,340,4,2,110340004
10,167,340,7,2,110340007
10,167,340,10,2,110340010
10,167,340,12,2,110340012
10,167,340,15,2,110340015
10,167,340,29,2,110340029
10,167,340,30,2,110340030
10,167,340,32,2,110340032
10,167,340,34,2,110340034
10,167,340,35,2,110340035
10,168,338,7,2,110338007
10,168,338,9,2,110338009
10,168,338,10,2,110338010
10,168,338,11,2,110338011
10,168,338,14,2,110338014
10,168,338,15,2,110338015
10,168,338,18,2,110338018
10,168,338,19,2,110338019
10,168,338,24,2,110338024
10,168,338,27,2,110338027
10,168,338,28,2,110338028
10,168,338,29,2,110338029
10,168,338,30,2,110338030
10,168,338,34,2,110338034
10,168,339,5,2,110339005
10,168,339,6,2,110339006
10,168,339,9,2,110339009
10,168,339,10,2,110339010
10,168,339,17,2,110339017
10,168,339,22,2,110339022
10,168,339,24,2,110339024
10,168,339,26,2,110339026
10,168,339,33,2,110339033
10,168,339,39,2,110339039
10,168,339,43,2,110339043
10,168,339,46,2,110339046
10,168,339,48,2,110339048
10,168,339,49,2,110339049
10,169,329,30,2,110329030
10,169,329,31,2,110329031
10,169,329,34,2,110329034
10,169,329,37,2,110329037
10,169,329,42,2,110329042
10,169,329,50,2,110329050
10,169,329,72,2,110329072
10,169,329,79,2,110329079
10,169,331,1,2,110331001
10,169,331,2,2,110331002
10,169,331,3,2,110331003
10,169,331,4,2,110331004
10,169,331,5,2,110331005
10,169,331,6,2,110331006
10,169,331,7,2,110331007
10,169,331,8,2,110331008
10,169,331,9,2,110331009
10,169,331,10,2,110331010
10,169,331,11,2,110331011
10,169,331,12,2,110331012
10,169,331,13,2,110331013
10,169,331,14,2,110331014
10,169,331,15,2,110331015
10,169,332,1,2,110332001
10,169,332,2,2,110332002
10,169,332,4,2,110332004
10,169,332,5,2,110332005
10,169,332,6,2,110332006
10,169,332,9,2,110332009
10,169,332,10,2,110332010
10,169,332,11,2,110332011
10,169,332,12,2,110332012
10,169,332,15,2,110332015
10,169,332,17,2,110332017
10,169,332,19,2,110332019
10,169,332,20,2,110332020
10,171,330,4,2,110330004
10,171,330,5,2,110330005
10,171,330,6,2,110330006
10,171,330,7,2,110330007
10,171,330,8,2,110330008
10,171,330,9,2,110330009
10,171,330,11,2,110330011
10,171,330,12,2,110330012
10,171,330,14,2,110330014
10,171,330,15,2,110330015
10,171,330,16,2,110330016
10,171,330,17,2,110330017
10,171,330,18,2,110330018
10,171,330,20,2,110330020
10,171,330,23,2,110330023
