Date,MXWO,,
2/04/2014,1687.46,,
1/04/2014,1683.7,,
31/03/2014,1673.87,,
28/03/2014,1661.84,,
27/03/2014,1653.12,,
26/03/2014,1654.34,,
25/03/2014,1655.69,,
24/03/2014,1645.97,,
21/03/2014,1653.38,,
20/03/2014,1654.32,,
19/03/2014,1658.05,,
18/03/2014,1665.49,,
17/03/2014,1653.94,,
14/03/2014,1641.13,,
13/03/2014,1651.68,,
12/03/2014,1665.55,,
11/03/2014,1672.19,,
10/03/2014,1676.53,,
7/03/2014,1681.17,,
6/03/2014,1686.11,,
5/03/2014,1679.06,,
4/03/2014,1677.85,,
3/03/2014,1655.42,,
28/02/2014,1675.4,,
27/02/2014,1668.4,,
26/02/2014,1664.85,,
25/02/2014,1669.41,,
24/02/2014,1668.31,,
21/02/2014,1659.85,,
20/02/2014,1656.01,,
19/02/2014,1655.04,,
18/02/2014,1660.54,,
17/02/2014,1653.55,,
14/02/2014,1650.12,,
13/02/2014,1643.19,,
12/02/2014,1637.71,,
11/02/2014,1634.47,,
10/02/2014,1616.78,,
7/02/2014,1611.78,,
6/02/2014,1592.69,,
5/02/2014,1572.37,,
4/02/2014,1569.93,,
3/02/2014,1571.92,,
31/01/2014,1598.46,,
30/01/2014,1607.46,,
29/01/2014,1603.67,,
28/01/2014,1611.35,,
27/01/2014,1604.92,,
24/01/2014,1618.36,,
23/01/2014,1650.45,,
22/01/2014,1661.74,,
21/01/2014,1659.49,,
20/01/2014,1657.11,,
17/01/2014,1657.32,,
16/01/2014,1659.34,,
15/01/2014,1660,,
14/01/2014,1651.73,,
13/01/2014,1645.41,,
10/01/2014,1655.11,,
9/01/2014,1646.37,,
8/01/2014,1650.17,,
7/01/2014,1647.65,,
6/01/2014,1641.16,,
3/01/2014,1646.05,,
2/01/2014,1645.22,,
1/01/2014,1661.09,,
31/12/2013,1661.07,,
30/12/2013,1656.15,,
27/12/2013,1654.16,,
26/12/2013,1646.28,,
25/12/2013,1639.73,,
24/12/2013,1639.65,,
23/12/2013,1637.28,,
20/12/2013,1626.66,,
19/12/2013,1618.38,,
18/12/2013,1613.75,,
17/12/2013,1592.79,,
16/12/2013,1598.21,,
13/12/2013,1587.69,,
12/12/2013,1588.71,,
11/12/2013,1600.12,,
10/12/2013,1614.23,,
9/12/2013,1617.6,,
6/12/2013,1612.61,,
5/12/2013,1598.88,,
4/12/2013,1604.74,,
3/12/2013,1613.31,,
2/12/2013,1621.34,,
29/11/2013,1628.42,,
28/11/2013,1628.88,,
27/11/2013,1624.82,,
26/11/2013,1621.91,,
25/11/2013,1623.7,,
22/11/2013,1623.15,,
21/11/2013,1616.34,,
20/11/2013,1611.34,,
19/11/2013,1616.44,,
18/11/2013,1622.82,,
15/11/2013,1621.5,,
14/11/2013,1612.86,,
13/11/2013,1601.56,,
12/11/2013,1598.55,,
11/11/2013,1600.84,,
8/11/2013,1596.28,,
7/11/2013,1588.47,,
6/11/2013,1607.72,,
5/11/2013,1599.43,,
4/11/2013,1603.81,,
1/11/2013,1597.86,,
31/10/2013,1602.86,,
30/10/2013,1611.86,,
29/10/2013,1614.33,,
28/10/2013,1610.22,,
25/10/2013,1607.96,,
24/10/2013,1607.92,,
23/10/2013,1601.64,,
22/10/2013,1610.79,,
21/10/2013,1599.73,,
18/10/2013,1598.14,,
17/10/2013,1586.64,,
16/10/2013,1570.34,,
15/10/2013,1558.19,,
14/10/2013,1562.77,,
11/10/2013,1557.35,,
10/10/2013,1545.94,,
9/10/2013,1519.78,,
8/10/2013,1523.13,,
7/10/2013,1536.4,,
4/10/2013,1547.5,,
3/10/2013,1542.79,,
2/10/2013,1551.02,,
1/10/2013,1553.51,,
30/09/2013,1543.67,,
27/09/2013,1554.99,,
26/09/2013,1556.74,,
25/09/2013,1553.75,,
24/09/2013,1555.57,,
23/09/2013,1557.87,,
20/09/2013,1563.26,,
19/09/2013,1573.13,,
18/09/2013,1561.53,,
17/09/2013,1547.24,,
16/09/2013,1546.52,,
13/09/2013,1533.72,,
12/09/2013,1532.93,,
11/09/2013,1535.73,,
10/09/2013,1529.14,,
9/09/2013,1515.91,,
6/09/2013,1502.4,,
5/09/2013,1497.58,,
4/09/2013,1496.29,,
3/09/2013,1486.06,,
2/09/2013,1481.18,,
30/08/2013,1472.74,,
29/08/2013,1481.11,,
28/08/2013,1480.03,,
27/08/2013,1484.4,,
26/08/2013,1504.41,,
23/08/2013,1508.49,,
22/08/2013,1497.8,,
21/08/2013,1489.65,,
20/08/2013,1500.59,,
19/08/2013,1501.39,,
16/08/2013,1508.8,,
15/08/2013,1508.14,,
14/08/2013,1527.04,,
13/08/2013,1527.19,,
12/08/2013,1524.06,,
9/08/2013,1526.9,,
8/08/2013,1527.82,,
7/08/2013,1519.33,,
6/08/2013,1528.06,,
5/08/2013,1530.46,,
2/08/2013,1533.85,,
1/08/2013,1524.91,,
31/07/2013,1507.91,,
30/07/2013,1510.32,,
29/07/2013,1508.86,,
26/07/2013,1516.21,,
25/07/2013,1517.72,,
24/07/2013,1518.38,,
23/07/2013,1519.77,,
22/07/2013,1520.62,,
19/07/2013,1513.52,,
18/07/2013,1511.13,,
17/07/2013,1503.38,,
16/07/2013,1500.53,,
15/07/2013,1500.94,,
12/07/2013,1498.31,,
11/07/2013,1496.67,,
10/07/2013,1473.31,,
9/07/2013,1468.47,,
8/07/2013,1457.52,,
5/07/2013,1449.05,,
4/07/2013,1448.22,,
3/07/2013,1440.59,,
2/07/2013,1444.86,,
1/07/2013,1444.33,,
28/06/2013,1433.55,,
27/06/2013,1436.03,,
26/06/2013,1425.51,,
25/06/2013,1412.53,,
24/06/2013,1400.98,,
21/06/2013,1421.19,,
20/06/2013,1423.87,,
19/06/2013,1474.88,,
18/06/2013,1483.04,,
17/06/2013,1476.97,,
14/06/2013,1463.83,,
13/06/2013,1464.26,,
12/06/2013,1457.57,,
11/06/2013,1463.42,,
10/06/2013,1473.13,,
7/06/2013,1470.22,,
6/06/2013,1454.91,,
5/06/2013,1450.95,,
4/06/2013,1473.48,,
3/06/2013,1472.74,,
31/05/2013,1471.93,,
30/05/2013,1491.79,,
29/05/2013,1489.44,,
28/05/2013,1497.13,,
27/05/2013,1489.58,,
24/05/2013,1492.74,,
23/05/2013,1493.44,,
22/05/2013,1512.9,,
21/05/2013,1520.64,,
20/05/2013,1518.41,,
17/05/2013,1512.98,,
16/05/2013,1508.02,,
15/05/2013,1510.87,,
14/05/2013,1505.97,,
13/05/2013,1497.4,,
10/05/2013,1495.84,,
9/05/2013,1495.74,,
8/05/2013,1503.66,,
7/05/2013,1492.06,,
6/05/2013,1481.85,,
3/05/2013,1482.46,,
2/05/2013,1469.72,,
1/05/2013,1466.53,,
30/04/2013,1476.14,,
29/04/2013,1468.44,,
26/04/2013,1457.8,,
25/04/2013,1459.26,,
24/04/2013,1450.79,,
23/04/2013,1443.86,,
22/04/2013,1427.08,,
19/04/2013,1422.25,,
18/04/2013,1413.72,,
17/04/2013,1420.7,,
16/04/2013,1438.81,,
15/04/2013,1431.09,,
12/04/2013,1456.54,,
11/04/2013,1462.82,,
10/04/2013,1452.41,,
9/04/2013,1433.01,,
8/04/2013,1426.45,,
5/04/2013,1419.11,,
4/04/2013,1422.22,,
3/04/2013,1425.59,,
2/04/2013,1435.41,,
1/04/2013,1428.04,,
29/03/2013,1434.51,,
28/03/2013,1434.62,,
27/03/2013,1428.95,,
26/03/2013,1432.64,,
25/03/2013,1426.71,,
22/03/2013,1432.33,,
21/03/2013,1426.66,,
20/03/2013,1434.35,,
19/03/2013,1426.75,,
18/03/2013,1430.97,,
15/03/2013,1444.48,,
14/03/2013,1440.21,,
13/03/2013,1429.84,,
12/03/2013,1433.28,,
11/03/2013,1434.83,,
8/03/2013,1428.72,,
7/03/2013,1424.88,,
6/03/2013,1422.26,,
5/03/2013,1420.25,,
4/03/2013,1404.94,,
1/03/2013,1401.75,,
28/02/2013,1405.18,,
27/02/2013,1399.43,,
26/02/2013,1386.06,,
25/02/2013,1391.22,,
22/02/2013,1402.05,,
21/02/2013,1392.11,,
20/02/2013,1410.01,,
19/02/2013,1419.81,,
18/02/2013,1408.46,,
15/02/2013,1406.92,,
14/02/2013,1411.59,,
13/02/2013,1413.81,,
12/02/2013,1413.83,,
11/02/2013,1405.7,,
8/02/2013,1410.44,,
7/02/2013,1401.92,,
6/02/2013,1408.35,,
5/02/2013,1405.15,,
4/02/2013,1399.68,,
1/02/2013,1416.79,,
31/01/2013,1405.47,,
30/01/2013,1409.47,,
29/01/2013,1410.68,,
28/01/2013,1403.04,,
25/01/2013,1405.47,,
24/01/2013,1396.14,,
23/01/2013,1393.04,,
22/01/2013,1393.62,,
21/01/2013,1389.58,,
18/01/2013,1388.11,,
17/01/2013,1386.16,,
16/01/2013,1378.92,,
15/01/2013,1382.74,,
14/01/2013,1380.21,,
11/01/2013,1381.94,,
10/01/2013,1378.48,,
9/01/2013,1367.15,,
8/01/2013,1362.25,,
7/01/2013,1366.91,,
4/01/2013,1370.11,,
3/01/2013,1364.39,,
2/01/2013,1367.38,,
1/01/2013,1338.55,,
31/12/2012,1338.5,,
28/12/2012,1326.84,,
27/12/2012,1336.3,,
26/12/2012,1335.98,,
25/12/2012,1339.04,,
24/12/2012,1338.34,,
21/12/2012,1341.06,,
20/12/2012,1351.85,,
19/12/2012,1348.9,,
18/12/2012,1347.92,,
17/12/2012,1335.2,,
14/12/2012,1325.49,,
13/12/2012,1327.62,,
12/12/2012,1332.27,,
11/12/2012,1329.94,,
10/12/2012,1321.96,,
7/12/2012,1320.74,,
6/12/2012,1319.13,,
5/12/2012,1315.4,,
4/12/2012,1314.02,,
3/12/2012,1314.3,,
30/11/2012,1315.49,,
29/11/2012,1314.67,,
28/11/2012,1303.85,,
27/11/2012,1299.36,,
26/11/2012,1302.63,,
23/11/2012,1304.85,,
22/11/2012,1290.5,,
21/11/2012,1284.32,,
20/11/2012,1281.29,,
19/11/2012,1280.86,,
16/11/2012,1253.31,,
15/11/2012,1253.86,,
14/11/2012,1257.12,,
13/11/2012,1271.85,,
12/11/2012,1274.32,,
9/11/2012,1276.02,,
8/11/2012,1276.72,,
7/11/2012,1289.11,,
6/11/2012,1311.42,,
5/11/2012,1303.37,,
2/11/2012,1305.77,,
1/11/2012,1313.19,,
31/10/2012,1301.52,,
30/10/2012,1302.18,,
29/10/2012,1296.96,,
26/10/2012,1300.23,,
25/10/2012,1302.77,,
24/10/2012,1298.76,,
23/10/2012,1299.99,,
22/10/2012,1320.86,,
19/10/2012,1322.28,,
18/10/2012,1339.55,,
17/10/2012,1339.65,,
16/10/2012,1329.43,,
15/10/2012,1312.78,,
12/10/2012,1306.02,,
11/10/2012,1308.83,,
10/10/2012,1305.14,,
9/10/2012,1313.46,,
8/10/2012,1326.37,,
5/10/2012,1334.63,,
4/10/2012,1329,,
3/10/2012,1318.91,,
2/10/2012,1319.52,,
1/10/2012,1318.81,,
28/09/2012,1311.5,,
27/09/2012,1320.17,,
26/09/2012,1309.4,,
25/09/2012,1327.25,,
24/09/2012,1331.81,,
21/09/2012,1338.05,,
20/09/2012,1334.48,,
19/09/2012,1341.5,,
18/09/2012,1337.16,,
17/09/2012,1342.31,,
14/09/2012,1347.61,,
13/09/2012,1329.48,,
12/09/2012,1316.7,,
11/09/2012,1311.71,,
10/09/2012,1306.31,,
7/09/2012,1312.08,,
6/09/2012,1297.6,,
5/09/2012,1273.21,,
4/09/2012,1274.65,,
3/09/2012,1280.76,,
31/08/2012,1279.21,,
30/08/2012,1272.02,,
29/08/2012,1283.23,,
28/08/2012,1284.25,,
27/08/2012,1286.55,,
24/08/2012,1285.84,,
23/08/2012,1285.28,,
22/08/2012,1287.84,,
21/08/2012,1293.43,,
20/08/2012,1289.75,,
17/08/2012,1290.23,,
16/08/2012,1287.62,,
15/08/2012,1276.82,,
14/08/2012,1277.51,,
13/08/2012,1276.26,,
10/08/2012,1278.36,,
9/08/2012,1277.79,,
8/08/2012,1276.09,,
7/08/2012,1276.4,,
6/08/2012,1267.85,,
3/08/2012,1259.65,,
2/08/2012,1234.97,,
1/08/2012,1248.1,,
31/07/2012,1250.57,,
30/07/2012,1253.9,,
27/07/2012,1250.02,,
26/07/2012,1227.82,,
25/07/2012,1201.74,,
24/07/2012,1202.88,,
23/07/2012,1212.05,,
20/07/2012,1231.35,,
19/07/2012,1247.82,,
18/07/2012,1239.07,,
17/07/2012,1229.12,,
16/07/2012,1225.35,,
13/07/2012,1225.55,,
12/07/2012,1207.47,,
11/07/2012,1218.81,,
10/07/2012,1218.81,,
9/07/2012,1224.14,,
6/07/2012,1229.36,,
5/07/2012,1242.39,,
4/07/2012,1250.17,,
3/07/2012,1251.4,,
2/07/2012,1240.5,,
29/06/2012,1235.72,,
28/06/2012,1199.93,,
27/06/2012,1201.71,,
26/06/2012,1190.43,,
25/06/2012,1188.27,,
22/06/2012,1205.67,,
21/06/2012,1206.86,,
20/06/2012,1229.5,,
19/06/2012,1226.94,,
18/06/2012,1211.71,,
15/06/2012,1208.53,,
14/06/2012,1196,,
13/06/2012,1190.17,,
12/06/2012,1191.92,,
11/06/2012,1184.1,,
8/06/2012,1188.86,,
7/06/2012,1190.74,,
6/06/2012,1183.6,,
5/06/2012,1158.3,,
4/06/2012,1151.21,,
1/06/2012,1152.97,,
31/05/2012,1177.64,,
30/05/2012,1181.37,,
29/05/2012,1201.51,,
28/05/2012,1190.12,,
25/05/2012,1188.56,,
24/05/2012,1191.46,,
23/05/2012,1187.36,,
22/05/2012,1199.88,,
21/05/2012,1191.45,,
18/05/2012,1178.43,,
17/05/2012,1191.48,,
16/05/2012,1204.63,,
15/05/2012,1213.99,,
14/05/2012,1224.34,,
11/05/2012,1242.4,,
10/05/2012,1245.04,,
9/05/2012,1240.85,,
8/05/2012,1250.58,,
7/05/2012,1260.93,,
4/05/2012,1264.99,,
3/05/2012,1284.44,,
2/05/2012,1291.5,,
1/05/2012,1296.98,,
30/04/2012,1293.99,,
27/04/2012,1298.71,,
26/04/2012,1293.43,,
25/04/2012,1285.52,,
24/04/2012,1271.8,,
23/04/2012,1264.21,,
20/04/2012,1281.71,,
19/04/2012,1277.72,,
18/04/2012,1283.87,,
17/04/2012,1287.09,,
16/04/2012,1266.94,,
13/04/2012,1268.35,,
12/04/2012,1284.25,,
11/04/2012,1266.6,,
10/04/2012,1259.34,,
9/04/2012,1280.14,,
6/04/2012,1289.03,,
5/04/2012,1290.09,,
4/04/2012,1291.81,,
3/04/2012,1316.88,,
2/04/2012,1324.26,,
30/03/2012,1312.01,,
29/03/2012,1305.42,,
28/03/2012,1312.45,,
27/03/2012,1322.32,,
26/03/2012,1323.38,,
23/03/2012,1308.25,,
22/03/2012,1304.33,,
21/03/2012,1312.39,,
20/03/2012,1316.71,,
19/03/2012,1325.65,,
16/03/2012,1320.96,,
15/03/2012,1314.45,,
14/03/2012,1305.71,,
13/03/2012,1308.59,,
12/03/2012,1289.61,,
9/03/2012,1291.86,,
8/03/2012,1290.38,,
7/03/2012,1270.77,,
6/03/2012,1265.48,,
5/03/2012,1292.05,,
2/03/2012,1298.5,,
1/03/2012,1304.48,,
29/02/2012,1298.72,,
28/02/2012,1303,,
27/02/2012,1298.08,,
24/02/2012,1300.57,,
23/02/2012,1294.34,,
22/02/2012,1288.98,,
21/02/2012,1294.62,,
20/02/2012,1296.42,,
17/02/2012,1288.05,,
16/02/2012,1280.16,,
15/02/2012,1274.57,,
14/02/2012,1273.91,,
13/02/2012,1279.2,,
10/02/2012,1269.66,,
9/02/2012,1284.24,,
8/02/2012,1281.23,,
7/02/2012,1278.27,,
6/02/2012,1273.46,,
3/02/2012,1273.74,,
2/02/2012,1259.91,,
1/02/2012,1257.58,,
31/01/2012,1240.89,,
30/01/2012,1238.89,,
27/01/2012,1246.04,,
26/01/2012,1250.63,,
25/01/2012,1243.35,,
24/01/2012,1237.12,,
23/01/2012,1242.69,,
20/01/2012,1235.64,,
19/01/2012,1233,,
18/01/2012,1222.17,,
17/01/2012,1211.64,,
16/01/2012,1202.48,,
13/01/2012,1201.06,,
12/01/2012,1207.37,,
11/01/2012,1204.3,,
10/01/2012,1207.55,,
9/01/2012,1192.48,,
6/01/2012,1191.67,,
5/01/2012,1197.03,,
4/01/2012,1203.62,,
3/01/2012,1206.09,,
2/01/2012,1186.07,,
30/12/2011,1182.59,,
29/12/2011,1177.56,,
28/12/2011,1167.96,,
27/12/2011,1183.59,,
26/12/2011,1182.85,,
23/12/2011,1182.24,,
22/12/2011,1173.46,,
21/12/2011,1164.16,,
20/12/2011,1163.9,,
19/12/2011,1135.3,,
16/12/2011,1146.48,,
15/12/2011,1142.85,,
14/12/2011,1139.04,,
13/12/2011,1159.39,,
12/12/2011,1168.92,,
9/12/2011,1187.29,,
8/12/2011,1174.6,,
7/12/2011,1197.31,,
6/12/2011,1193.68,,
5/12/2011,1199.33,,
2/12/2011,1187.64,,
1/12/2011,1184.46,,
30/11/2011,1184.6,,
29/11/2011,1139.7,,
28/11/2011,1132.35,,
25/11/2011,1097.81,,
24/11/2011,1099.84,,
23/11/2011,1102.89,,
22/11/2011,1127.25,,
21/11/2011,1130.98,,
18/11/2011,1157.5,,
17/11/2011,1162.67,,
16/11/2011,1178.95,,
15/11/2011,1191.2,,
14/11/2011,1194.56,,
11/11/2011,1205.46,,
10/11/2011,1178.92,,
9/11/2011,1180.59,,
8/11/2011,1215.69,,
7/11/2011,1204.97,,
4/11/2011,1203.07,,
3/11/2011,1206.76,,
2/11/2011,1189.3,,
1/11/2011,1174.77,,
31/10/2011,1217.3,,
28/10/2011,1254.2,,
27/10/2011,1250.82,,
26/10/2011,1200.43,,
25/10/2011,1195.81,,
24/10/2011,1211.89,,
21/10/2011,1194.33,,
20/10/2011,1166.92,,
19/10/2011,1174.97,,
18/10/2011,1177.54,,
17/10/2011,1171.84,,
14/10/2011,1186.4,,
13/10/2011,1169.21,,
12/10/2011,1175.71,,
11/10/2011,1159.28,,
10/10/2011,1156.54,,
7/10/2011,1126.15,,
6/10/2011,1123.85,,
5/10/2011,1096.16,,
4/10/2011,1074.5,,
3/10/2011,1074.81,,
30/09/2011,1104.06,,
29/09/2011,1129.7,,
28/09/2011,1122.45,,
27/09/2011,1140.16,,
26/09/2011,1109.43,,
23/09/2011,1094.92,,
22/09/2011,1089.33,,
21/09/2011,1137.18,,
20/09/2011,1161.94,,
19/09/2011,1156.53,,
16/09/2011,1176.03,,
15/09/2011,1169.47,,
14/09/2011,1145.07,,
13/09/2011,1134.65,,
12/09/2011,1122.68,,
9/09/2011,1134.68,,
8/09/2011,1169.62,,
7/09/2011,1173.44,,
6/09/2011,1141.91,,
5/09/2011,1153.57,,
2/09/2011,1175.26,,
1/09/2011,1203.17,,
31/08/2011,1211.22,,
30/08/2011,1196.18,,
29/08/2011,1190.92,,
26/08/2011,1163.02,,
25/08/2011,1154.64,,
24/08/2011,1168.58,,
23/08/2011,1157.75,,
22/08/2011,1131.33,,
19/08/2011,1131.69,,
18/08/2011,1147.86,,
17/08/2011,1200.34,,
16/08/2011,1196.58,,
15/08/2011,1204.8,,
12/08/2011,1180.82,,
11/08/2011,1166.54,,
10/08/2011,1130.33,,
9/08/2011,1164.91,,
8/08/2011,1132.91,,
5/08/2011,1194.05,,
4/08/2011,1208.4,,
3/08/2011,1262.71,,
2/08/2011,1269.44,,
1/08/2011,1297.23,,
29/07/2011,1306.05,,
28/07/2011,1312.62,,
27/07/2011,1318.96,,
26/07/2011,1342.4,,
25/07/2011,1340.94,,
22/07/2011,1348.69,,
21/07/2011,1343.72,,
20/07/2011,1324.12,,
19/07/2011,1316.54,,
18/07/2011,1297.04,,
15/07/2011,1313.17,,
14/07/2011,1310.83,,
13/07/2011,1320.34,,
12/07/2011,1307.28,,
11/07/2011,1314.81,,
8/07/2011,1343.13,,
7/07/2011,1352.39,,
6/07/2011,1341.98,,
5/07/2011,1345.93,,
4/07/2011,1348.18,,
1/07/2011,1343.81,,
30/06/2011,1331.18,,
29/06/2011,1314,,
28/06/2011,1296.43,,
27/06/2011,1281.77,,
24/06/2011,1275.45,,
23/06/2011,1281.57,,
22/06/2011,1299.53,,
21/06/2011,1301.77,,
20/06/2011,1281.55,,
17/06/2011,1280.58,,
16/06/2011,1273.56,,
15/06/2011,1283.97,,
14/06/2011,1305.84,,
13/06/2011,1288.49,,
10/06/2011,1288.49,,
9/06/2011,1307.93,,
8/06/2011,1301.84,,
7/06/2011,1311.9,,
6/06/2011,1309.78,,
3/06/2011,1320.11,,
2/06/2011,1325.36,,
1/06/2011,1335.59,,
31/05/2011,1354.61,,
30/05/2011,1338.29,,
27/05/2011,1338.47,,
26/05/2011,1326.96,,
25/05/2011,1320.26,,
24/05/2011,1315.76,,
23/05/2011,1313.69,,
20/05/2011,1336.65,,
19/05/2011,1345.73,,
18/05/2011,1341.98,,
17/05/2011,1329.33,,
16/05/2011,1336.65,,
13/05/2011,1343.17,,
12/05/2011,1351.14,,
11/05/2011,1357.35,,
10/05/2011,1366.36,,
9/05/2011,1353.77,,
6/05/2011,1359.27,,
5/05/2011,1355.45,,
4/05/2011,1371.36,,
3/05/2011,1382.99,,
2/05/2011,1391.86,,
29/04/2011,1388.62,,
28/04/2011,1384.94,,
27/04/2011,1371.38,,
26/04/2011,1366.69,,
25/04/2011,1357.5,,
22/04/2011,1361.03,,
21/04/2011,1360.95,,
20/04/2011,1350.22,,
19/04/2011,1324.45,,
18/04/2011,1316.91,,
15/04/2011,1338.04,,
14/04/2011,1336.54,,
13/04/2011,1338.75,,
12/04/2011,1333.85,,
11/04/2011,1348.65,,
8/04/2011,1351.43,,
7/04/2011,1345.2,,
6/04/2011,1348.86,,
5/04/2011,1343.64,,
4/04/2011,1345.62,,
1/04/2011,1341.45,,
31/03/2011,1334.93,,
30/03/2011,1335.98,,
29/03/2011,1323.81,,
28/03/2011,1321.61,,
25/03/2011,1325.85,,
24/03/2011,1324.04,,
23/03/2011,1311.62,,
22/03/2011,1311.01,,
21/03/2011,1307.42,,
18/03/2011,1287.13,,
17/03/2011,1279.69,,
16/03/2011,1260.15,,
15/03/2011,1271.87,,
14/03/2011,1301.31,,
11/03/2011,1315.07,,
10/03/2011,1313.55,,
9/03/2011,1339.58,,
8/03/2011,1341.05,,
7/03/2011,1338.87,,
4/03/2011,1348.44,,
3/03/2011,1352.05,,
2/03/2011,1337.94,,
1/03/2011,1340.89,,
28/02/2011,1351.65,,
25/02/2011,1341.3,,
24/02/2011,1327.06,,
23/02/2011,1329.9,,
22/02/2011,1338.12,,
21/02/2011,1358.1,,
18/02/2011,1362.62,,
17/02/2011,1359.68,,
16/02/2011,1352.03,,
15/02/2011,1344.27,,
14/02/2011,1344.83,,
11/02/2011,1340.99,,
10/02/2011,1337.85,,
9/02/2011,1342.34,,
8/02/2011,1347.36,,
7/02/2011,1339.44,,
4/02/2011,1331.65,,
3/02/2011,1329.93,,
2/02/2011,1332.77,,
1/02/2011,1330.27,,
31/01/2011,1308.08,,
28/01/2011,1302.13,,
27/01/2011,1321.14,,
26/01/2011,1318.32,,
25/01/2011,1310.93,,
24/01/2011,1312.18,,
21/01/2011,1302.54,,
20/01/2011,1295.09,,
19/01/2011,1308.81,,
18/01/2011,1316.17,,
17/01/2011,1307.42,,
14/01/2011,1309,,
13/01/2011,1305.34,,
12/01/2011,1298.46,,
11/01/2011,1282.23,,
10/01/2011,1275.61,,
7/01/2011,1281.41,,
6/01/2011,1283.66,,
5/01/2011,1285.14,,
4/01/2011,1289.26,,
3/01/2011,1287.94,,
31/12/2010,1280.07,,
30/12/2010,1276.69,,
29/12/2010,1279.09,,
28/12/2010,1275.54,,
27/12/2010,1272.94,,
24/12/2010,1274.42,,
23/12/2010,1273.48,,
22/12/2010,1273.73,,
21/12/2010,1271.28,,
20/12/2010,1259.82,,
17/12/2010,1257.84,,
16/12/2010,1260.04,,
15/12/2010,1259.68,,
14/12/2010,1267.7,,
13/12/2010,1265.32,,
10/12/2010,1256.52,,
9/12/2010,1251.22,,
8/12/2010,1246.56,,
7/12/2010,1249.36,,
6/12/2010,1244.75,,
3/12/2010,1247.15,,
2/12/2010,1237.41,,
1/12/2010,1216.68,,
30/11/2010,1193.56,,
29/11/2010,1200.86,,
26/11/2010,1210.36,,
25/11/2010,1223.73,,
24/11/2010,1221.91,,
23/11/2010,1210.65,,
22/11/2010,1231.42,,
19/11/2010,1235.33,,
18/11/2010,1234.12,,
17/11/2010,1214.57,,
16/11/2010,1212.56,,
15/11/2010,1235.37,,
12/11/2010,1236.35,,
11/11/2010,1248.13,,
10/11/2010,1250.41,,
9/11/2010,1258.77,,
8/11/2010,1261.37,,
5/11/2010,1264.73,,
4/11/2010,1263.41,,
3/11/2010,1233.94,,
2/11/2010,1233.98,,
1/11/2010,1223.31,,
29/10/2010,1222.23,,
28/10/2010,1221.35,,
27/10/2010,1213.89,,
26/10/2010,1223.8,,
25/10/2010,1229.69,,
22/10/2010,1222.96,,
21/10/2010,1224.92,,
20/10/2010,1221.86,,
19/10/2010,1208.85,,
18/10/2010,1227.86,,
15/10/2010,1223.43,,
14/10/2010,1226.07,,
13/10/2010,1222.06,,
12/10/2010,1207.82,,
11/10/2010,1210.44,,
8/10/2010,1209.77,,
7/10/2010,1206.36,,
6/10/2010,1205.33,,
5/10/2010,1199,,
4/10/2010,1175.34,,
1/10/2010,1184.19,,
30/09/2010,1179.19,,
29/09/2010,1183.96,,
28/09/2010,1184.13,,
27/09/2010,1180.6,,
24/09/2010,1183.03,,
23/09/2010,1163.33,,
22/09/2010,1170.55,,
21/09/2010,1169.47,,
20/09/2010,1171.56,,
17/09/2010,1156.1,,
16/09/2010,1157.07,,
15/09/2010,1159.21,,
14/09/2010,1158.15,,
13/09/2010,1154.48,,
10/09/2010,1139.02,,
9/09/2010,1136.71,,
8/09/2010,1128.58,,
7/09/2010,1123.68,,
6/09/2010,1136.22,,
3/09/2010,1131.49,,
2/09/2010,1119.15,,
1/09/2010,1111.52,,
31/08/2010,1080.7,,
30/08/2010,1083.62,,
27/08/2010,1089.24,,
26/08/2010,1077.34,,
25/08/2010,1073.83,,
24/08/2010,1079.04,,
23/08/2010,1093.24,,
20/08/2010,1093.77,,
19/08/2010,1106.91,,
18/08/2010,1119.66,,
17/08/2010,1118.89,,
16/08/2010,1106.21,,
13/08/2010,1103.56,,
12/08/2010,1106.07,,
11/08/2010,1112.83,,
10/08/2010,1145.36,,
9/08/2010,1158.18,,
6/08/2010,1152.25,,
5/08/2010,1153.01,,
4/08/2010,1152.5,,
3/08/2010,1152.99,,
2/08/2010,1152.17,,
30/07/2010,1124.83,,
29/07/2010,1128.23,,
28/07/2010,1129.3,,
27/07/2010,1130.92,,
26/07/2010,1129.75,,
23/07/2010,1117.45,,
22/07/2010,1110.1,,
21/07/2010,1088.38,,
20/07/2010,1093.51,,
19/07/2010,1089.31,,
16/07/2010,1089.89,,
15/07/2010,1113.12,,
14/07/2010,1113.08,,
13/07/2010,1109.01,,
12/07/2010,1091.47,,
9/07/2010,1091.53,,
8/07/2010,1084.87,,
7/07/2010,1071.75,,
6/07/2010,1051.6,,
5/07/2010,1033.74,,
2/07/2010,1036.62,,
1/07/2010,1036.08,,
30/06/2010,1041.32,,
29/06/2010,1048.09,,
28/06/2010,1082.59,,
25/06/2010,1079.52,,
24/06/2010,1082.39,,
23/06/2010,1095.86,,
22/06/2010,1105.21,,
21/06/2010,1120.55,,
18/06/2010,1115.35,,
17/06/2010,1112.76,,
16/06/2010,1111.11,,
15/06/2010,1108.34,,
14/06/2010,1091.22,,
11/06/2010,1080.68,,
10/06/2010,1075.33,,
9/06/2010,1050.35,,
8/06/2010,1045.48,,
7/06/2010,1041.4,,
4/06/2010,1060.27,,
3/06/2010,1091,,
2/06/2010,1079.22,,
1/06/2010,1069.54,,
31/05/2010,1079.8,,
28/05/2010,1080.3,,
27/05/2010,1084.67,,
26/05/2010,1053.25,,
25/05/2010,1048.53,,
24/05/2010,1064.01,,
21/05/2010,1073.61,,
20/05/2010,1063.61,,
19/05/2010,1095.69,,
18/05/2010,1111.91,,
17/05/2010,1116.02,,
14/05/2010,1123.78,,
13/05/2010,1152.64,,
12/05/2010,1158.71,,
11/05/2010,1144.89,,
10/05/2010,1153.48,,
7/05/2010,1099.58,,
6/05/2010,1125.36,,
5/05/2010,1157.86,,
4/05/2010,1171.4,,
3/05/2010,1202.32,,
30/04/2010,1198.56,,
29/04/2010,1208.26,,
28/04/2010,1194.23,,
27/04/2010,1202.48,,
26/04/2010,1228.59,,
23/04/2010,1225.38,,
22/04/2010,1218.73,,
21/04/2010,1225.37,,
20/04/2010,1228.05,,
19/04/2010,1217.51,,
16/04/2010,1222.25,,
15/04/2010,1241.7,,
14/04/2010,1239.31,,
13/04/2010,1226.01,,
12/04/2010,1229.35,,
9/04/2010,1223.32,,
8/04/2010,1211.27,,
7/04/2010,1213.33,,
6/04/2010,1218.12,,
5/04/2010,1217.36,,
2/04/2010,1212.76,,
1/04/2010,1212.14,,
31/03/2010,1200.53,,
30/03/2010,1201.1,,
29/03/2010,1200.62,,
26/03/2010,1193.41,,
25/03/2010,1191.75,,
24/03/2010,1190.33,,
23/03/2010,1200.86,,
22/03/2010,1193.45,,
19/03/2010,1190.78,,
18/03/2010,1196.71,,
17/03/2010,1202.51,,
16/03/2010,1193.73,,
15/03/2010,1181.99,,
12/03/2010,1187.37,,
11/03/2010,1182.69,,
10/03/2010,1180.31,,
9/03/2010,1174.11,,
8/03/2010,1174.7,,
5/03/2010,1170.46,,
4/03/2010,1155.6,,
3/03/2010,1157.37,,
2/03/2010,1149.39,,
1/03/2010,1140.58,,
26/02/2010,1133.35,,
25/02/2010,1124.02,,
24/02/2010,1133.2,,
23/02/2010,1128.52,,
22/02/2010,1139.82,,
19/02/2010,1134.45,,
18/02/2010,1138.94,,
17/02/2010,1133.79,,
16/02/2010,1124.86,,
15/02/2010,1107.42,,
12/02/2010,1107.32,,
11/02/2010,1108.27,,
10/02/2010,1101.44,,
9/02/2010,1101.18,,
8/02/2010,1092.63,,
5/02/2010,1095.48,,
4/02/2010,1106.37,,
3/02/2010,1138.9,,
2/02/2010,1144.96,,
1/02/2010,1129.29,,
29/01/2010,1119.54,,
28/01/2010,1128.32,,
27/01/2010,1140.28,,
26/01/2010,1143.44,,
25/01/2010,1148.99,,
22/01/2010,1149.89,,
21/01/2010,1166.93,,
20/01/2010,1184.49,,
19/01/2010,1203.33,,
18/01/2010,1198.22,,
15/01/2010,1195.66,,
14/01/2010,1207.98,,
13/01/2010,1201.61,,
12/01/2010,1199.34,,
11/01/2010,1207.22,,
8/01/2010,1198.26,,
7/01/2010,1192.91,,
6/01/2010,1193.52,,
5/01/2010,1192.89,,
4/01/2010,1189.39,,
1/01/2010,1168.47,,
31/12/2009,1168.47,,
30/12/2009,1171.29,,
29/12/2009,1177.97,,
28/12/2009,1176.35,,
25/12/2009,1171.56,,
24/12/2009,1172.16,,
23/12/2009,1166.32,,
22/12/2009,1159.32,,
21/12/2009,1155.78,,
18/12/2009,1144.11,,
17/12/2009,1145.38,,
16/12/2009,1165.71,,
15/12/2009,1157.84,,
14/12/2009,1164.87,,
11/12/2009,1155.54,,
10/12/2009,1154.07,,
9/12/2009,1148.94,,
8/12/2009,1151.38,,
7/12/2009,1165.33,,
4/12/2009,1168.9,,
3/12/2009,1170.57,,
2/12/2009,1173.86,,
1/12/2009,1171.94,,
30/11/2009,1149.01,,
27/11/2009,1144.58,,
26/11/2009,1154.87,,
25/11/2009,1170.71,,
24/11/2009,1160.14,,
23/11/2009,1165.83,,
20/11/2009,1145.72,,
19/11/2009,1151.98,,
18/11/2009,1171.54,,
17/11/2009,1169.56,,
16/11/2009,1175.4,,
13/11/2009,1158.26,,
12/11/2009,1152.5,,
11/11/2009,1162.16,,
10/11/2009,1156.84,,
9/11/2009,1157.71,,
6/11/2009,1132.19,,
5/11/2009,1128.34,,
4/11/2009,1115.33,,
3/11/2009,1104.09,,
2/11/2009,1109.24,,
30/10/2009,1106.17,,
29/10/2009,1127.81,,
28/10/2009,1108.97,,
27/10/2009,1131.44,,
26/10/2009,1139.87,,
23/10/2009,1153.42,,
22/10/2009,1163.5,,
21/10/2009,1163.52,,
20/10/2009,1166.03,,
19/10/2009,1170.64,,
16/10/2009,1156.2,,
15/10/2009,1166.65,,
14/10/2009,1162.57,,
13/10/2009,1142.15,,
12/10/2009,1145.93,,
9/10/2009,1139.84,,
8/10/2009,1137.59,,
7/10/2009,1122.97,,
6/10/2009,1121.63,,
5/10/2009,1099.44,,
2/10/2009,1088.9,,
1/10/2009,1102.04,,
30/09/2009,1126.98,,
29/09/2009,1125.57,,
28/09/2009,1127.6,,
25/09/2009,1115.4,,
24/09/2009,1122.93,,
23/09/2009,1137.89,,
22/09/2009,1143.39,,
21/09/2009,1130.87,,
18/09/2009,1139.43,,
17/09/2009,1142.29,,
16/09/2009,1138.33,,
15/09/2009,1119.9,,
14/09/2009,1118.31,,
11/09/2009,1119.22,,
10/09/2009,1114.8,,
9/09/2009,1106.31,,
8/09/2009,1098.55,,
7/09/2009,1085.24,,
4/09/2009,1075.41,,
3/09/2009,1064.26,,
2/09/2009,1058.95,,
1/09/2009,1066.63,,
31/08/2009,1085.6,,
28/08/2009,1094.09,,
27/08/2009,1085.78,,
26/08/2009,1086.61,,
25/08/2009,1090.66,,
24/08/2009,1087.77,,
21/08/2009,1080.57,,
20/08/2009,1063.12,,
19/08/2009,1050.65,,
18/08/2009,1045.12,,
17/08/2009,1034.28,,
14/08/2009,1063.98,,
13/08/2009,1071.06,,
12/08/2009,1058.58,,
11/08/2009,1049.34,,
10/08/2009,1060.15,,
7/08/2009,1063.21,,
6/08/2009,1059.24,,
5/08/2009,1061.64,,
4/08/2009,1066.8,,
3/08/2009,1065.59,,
31/07/2009,1044.75,,
30/07/2009,1038.79,,
29/07/2009,1023.42,,
28/07/2009,1028.21,,
27/07/2009,1032.26,,
24/07/2009,1027.49,,
23/07/2009,1024.71,,
22/07/2009,1005.29,,
21/07/2009,1004.78,,
20/07/2009,995.67,,
17/07/2009,982.5,,
16/07/2009,980.58,,
15/07/2009,972.24,,
14/07/2009,945.72,,
13/07/2009,934.78,,
10/07/2009,921.4,,
9/07/2009,926.6,,
8/07/2009,921.14,,
7/07/2009,929.9,,
6/07/2009,940.86,,
3/07/2009,946.8,,
2/07/2009,947.71,,
1/07/2009,972.85,,
30/06/2009,964.05,,
29/06/2009,970.77,,
26/06/2009,963.77,,
25/06/2009,957.56,,
24/06/2009,951.09,,
23/06/2009,938.31,,
22/06/2009,939.17,,
19/06/2009,964.8,,
18/06/2009,958.48,,
17/06/2009,952.44,,
16/06/2009,960.02,,
15/06/2009,968.5,,
12/06/2009,994.39,,
11/06/2009,996.86,,
10/06/2009,987.53,,
9/06/2009,982.64,,
8/06/2009,975.19,,
5/06/2009,982.29,,
4/06/2009,986.03,,
3/06/2009,982.99,,
2/06/2009,1000.08,,
1/06/2009,994.5,,
29/05/2009,970,,
28/05/2009,954.96,,
27/05/2009,952.14,,
26/05/2009,958.27,,
25/05/2009,942.67,,
22/05/2009,941.25,,
21/05/2009,937.59,,
20/05/2009,953.47,,
19/05/2009,947.68,,
18/05/2009,936.28,,
15/05/2009,920.85,,
14/05/2009,920.98,,
13/05/2009,919.73,,
12/05/2009,941.64,,
11/05/2009,943.52,,
8/05/2009,953.57,,
7/05/2009,933.92,,
6/05/2009,934.77,,
5/05/2009,922.55,,
4/05/2009,921.53,,
1/05/2009,896.22,,
30/04/2009,893.02,,
29/04/2009,886.03,,
28/04/2009,866.31,,
27/04/2009,876.43,,
24/04/2009,882.26,,
23/04/2009,864,,
22/04/2009,857.49,,
21/04/2009,856.38,,
20/04/2009,849.12,,
17/04/2009,881.27,,
16/04/2009,875.59,,
15/04/2009,863.48,,
14/04/2009,861.86,,
13/04/2009,866.41,,
10/04/2009,861.96,,
9/04/2009,861.37,,
8/04/2009,835.52,,
7/04/2009,832.79,,
6/04/2009,848.54,,
3/04/2009,854.9,,
2/04/2009,852.76,,
1/04/2009,817.56,,
31/03/2009,805.22,,
30/03/2009,792.65,,
27/03/2009,824.69,,
26/03/2009,841.53,,
25/03/2009,829.44,,
24/03/2009,824.07,,
23/03/2009,830.16,,
20/03/2009,789.93,,
19/03/2009,803.11,,
18/03/2009,788.83,,
17/03/2009,778.58,,
16/03/2009,765.19,,
13/03/2009,756.41,,
12/03/2009,745.53,,
11/03/2009,730.95,,
10/03/2009,725.26,,
9/03/2009,688.64,,
6/03/2009,697.5,,
5/03/2009,700.46,,
4/03/2009,722.38,,
3/03/2009,705.35,,
2/03/2009,713.85,,
27/02/2009,750.86,,
26/02/2009,763.75,,
25/02/2009,763.81,,
24/02/2009,767.79,,
23/02/2009,757.29,,
20/02/2009,772.84,,
19/02/2009,790.18,,
18/02/2009,791.38,,
17/02/2009,796.67,,
16/02/2009,831.04,,
13/02/2009,837.02,,
12/02/2009,837.68,,
11/02/2009,845.04,,
10/02/2009,846.42,,
9/02/2009,876.94,,
6/02/2009,870.74,,
5/02/2009,852.94,,
4/02/2009,847.95,,
3/02/2009,843.77,,
2/02/2009,828.89,,
30/01/2009,838.83,,
29/01/2009,857.93,,
28/01/2009,878.83,,
27/01/2009,854.46,,
26/01/2009,841.92,,
23/01/2009,825.38,,
22/01/2009,830.42,,
21/01/2009,838.43,,
20/01/2009,822.61,,
19/01/2009,859.62,,
16/01/2009,865.83,,
15/01/2009,853.35,,
14/01/2009,862.25,,
13/01/2009,889.42,,
12/01/2009,902.58,,
9/01/2009,922.63,,
8/01/2009,938.56,,
7/01/2009,939.6,,
6/01/2009,949.69,,
5/01/2009,945.27,,
2/01/2009,945.97,,
1/01/2009,920.23,,
31/12/2008,920.23,,
30/12/2008,915.97,,
29/12/2008,901.08,,
26/12/2008,893.42,,
25/12/2008,889.13,,
24/12/2008,887.96,,
23/12/2008,888.31,,
22/12/2008,892.73,,
19/12/2008,906.92,,
18/12/2008,919.44,,
17/12/2008,928.12,,
16/12/2008,917.07,,
15/12/2008,891.24,,
12/12/2008,885.37,,
11/12/2008,892.29,,
10/12/2008,899.09,,
9/12/2008,887.65,,
8/12/2008,894.89,,
5/12/2008,848.4,,
4/12/2008,844.58,,
3/12/2008,860.19,,
2/12/2008,846.74,,
1/12/2008,830.33,,
28/11/2008,892.93,,
27/11/2008,884.74,,
26/11/2008,876.87,,
25/11/2008,863.24,,
24/11/2008,849.29,,
21/11/2008,794.84,,
20/11/2008,771.52,,
19/11/2008,821.63,,
18/11/2008,861.51,,
17/11/2008,858.83,,
14/11/2008,879.42,,
13/11/2008,893.95,,
12/11/2008,869.98,,
11/11/2008,906.28,,
10/11/2008,940.76,,
7/11/2008,939.28,,
6/11/2008,925.09,,
5/11/2008,982.98,,
4/11/2008,1007.65,,
3/11/2008,961.49,,
31/10/2008,957.25,,
30/10/2008,952.15,,
29/10/2008,924.29,,
28/10/2008,892.19,,
27/10/2008,834.03,,
24/10/2008,871.64,,
23/10/2008,910.68,,
22/10/2008,909.84,,
21/10/2008,972.12,,
20/10/2008,989.59,,
17/10/2008,950.77,,
16/10/2008,937.09,,
15/10/2008,950.36,,
14/10/2008,1022.59,,
13/10/2008,997.02,,
10/10/2008,910.33,,
9/10/2008,958.04,,
8/10/2008,1003.69,,
7/10/2008,1039.72,,
6/10/2008,1072.99,,
3/10/2008,1138.67,,
2/10/2008,1141.42,,
1/10/2008,1184.29,,
30/09/2008,1182.44,,
29/09/2008,1163.53,,
26/09/2008,1250.37,,
25/09/2008,1261.19,,
24/09/2008,1244.03,,
23/09/2008,1249.66,,
22/09/2008,1264.89,,
19/09/2008,1286.44,,
18/09/2008,1216.77,,
17/09/2008,1191.37,,
16/09/2008,1228.09,,
15/09/2008,1236.9,,
12/09/2008,1283.14,,
11/09/2008,1263.08,,
10/09/2008,1264.27,,
9/09/2008,1264.91,,
8/09/2008,1297.56,,
5/09/2008,1269.13,,
4/09/2008,1282.03,,
3/09/2008,1318.19,,
2/09/2008,1328.56,,
1/09/2008,1335.6,,
29/08/2008,1344.87,,
28/08/2008,1347.31,,
27/08/2008,1330.45,,
26/08/2008,1321.83,,
25/08/2008,1324.17,,
22/08/2008,1337.53,,
21/08/2008,1327.63,,
20/08/2008,1322.53,,
19/08/2008,1314.42,,
18/08/2008,1335.28,,
15/08/2008,1342.97,,
14/08/2008,1347.22,,
13/08/2008,1341.67,,
12/08/2008,1357.05,,
11/08/2008,1369.69,,
8/08/2008,1357.83,,
7/08/2008,1352.24,,
6/08/2008,1369.23,,
5/08/2008,1360.74,,
4/08/2008,1338.71,,
1/08/2008,1351.91,,
31/07/2008,1366.7,,
30/07/2008,1374.93,,
29/07/2008,1353.23,,
28/07/2008,1345.8,,
25/07/2008,1360.69,,
24/07/2008,1364.28,,
23/07/2008,1385.42,,
22/07/2008,1377.58,,
21/07/2008,1369.16,,
18/07/2008,1362.52,,
17/07/2008,1359.96,,
16/07/2008,1337.53,,
15/07/2008,1323.97,,
14/07/2008,1341.64,,
11/07/2008,1345.47,,
10/07/2008,1359.91,,
9/07/2008,1361.74,,
8/07/2008,1365.94,,
7/07/2008,1364.98,,
4/07/2008,1367.04,,
3/07/2008,1372.84,,
2/07/2008,1375.41,,
1/07/2008,1392.58,,
30/06/2008,1402.13,,
27/06/2008,1397.59,,
26/06/2008,1403.36,,
25/06/2008,1428.39,,
24/06/2008,1421.08,,
23/06/2008,1424.48,,
20/06/2008,1430.44,,
19/06/2008,1450.15,,
18/06/2008,1456.85,,
17/06/2008,1468.74,,
16/06/2008,1467.6,,
13/06/2008,1459.96,,
12/06/2008,1447.36,,
11/06/2008,1453.19,,
10/06/2008,1469.13,,
9/06/2008,1489.01,,
6/06/2008,1496.48,,
5/06/2008,1518.64,,
4/06/2008,1504.56,,
3/06/2008,1509.23,,
2/06/2008,1515.99,,
30/05/2008,1525.73,,
29/05/2008,1520.35,,
28/05/2008,1515.15,,
27/05/2008,1512.95,,
26/05/2008,1511.71,,
23/05/2008,1517.41,,
22/05/2008,1534.08,,
21/05/2008,1532.58,,
20/05/2008,1547.88,,
19/05/2008,1560.68,,
16/05/2008,1555.61,,
15/05/2008,1545.57,,
14/05/2008,1530.81,,
13/05/2008,1526.12,,
12/05/2008,1526.61,,
9/05/2008,1513.69,,
8/05/2008,1527.52,,
7/05/2008,1523.27,,
6/05/2008,1537.27,,
5/05/2008,1529.74,,
2/05/2008,1530.19,,
1/05/2008,1515.93,,
30/04/2008,1508.99,,
29/04/2008,1510.02,,
28/04/2008,1518.06,,
25/04/2008,1514.52,,
24/04/2008,1500.74,,
23/04/2008,1504.51,,
22/04/2008,1503.29,,
21/04/2008,1512.64,,
18/04/2008,1504.56,,
17/04/2008,1488.12,,
16/04/2008,1491.39,,
15/04/2008,1456.9,,
14/04/2008,1451.21,,
11/04/2008,1461.42,,
10/04/2008,1479.62,,
9/04/2008,1476.89,,
8/04/2008,1486.77,,
7/04/2008,1498.54,,
4/04/2008,1492.57,,
3/04/2008,1485.48,,
2/04/2008,1481.23,,
1/04/2008,1467.76,,
31/03/2008,1437.4,,
28/03/2008,1435.62,,
27/03/2008,1443.66,,
26/03/2008,1446.74,,
25/03/2008,1448.57,,
24/03/2008,1417.09,,
21/03/2008,1406.98,,
20/03/2008,1404.41,,
19/03/2008,1400.35,,
18/03/2008,1424.58,,
17/03/2008,1378.56,,
14/03/2008,1407.99,,
13/03/2008,1428.62,,
12/03/2008,1430.93,,
11/03/2008,1420.86,,
10/03/2008,1390.81,,
7/03/2008,1411.27,,
6/03/2008,1429.81,,
5/03/2008,1444.99,,
4/03/2008,1432.95,,
3/03/2008,1441.75,,
29/02/2008,1455.56,,
28/02/2008,1485.42,,
27/02/2008,1498.2,,
26/02/2008,1487.42,,
25/02/2008,1471.83,,
22/02/2008,1448.93,,
21/02/2008,1447.35,,
20/02/2008,1443.24,,
19/02/2008,1453.42,,
18/02/2008,1445.87,,
15/02/2008,1439.5,,
14/02/2008,1445.96,,
13/02/2008,1445.47,,
12/02/2008,1438.12,,
11/02/2008,1414.45,,
8/02/2008,1414.58,,
7/02/2008,1416.49,,
6/02/2008,1425.07,,
5/02/2008,1436.18,,
4/02/2008,1484.32,,
1/02/2008,1487.56,,
31/01/2008,1466.35,,
30/01/2008,1449.37,,
29/01/2008,1458.25,,
28/01/2008,1443.39,,
25/01/2008,1438.96,,
24/01/2008,1440.02,,
23/01/2008,1397.17,,
22/01/2008,1391.49,,
21/01/2008,1395.29,,
18/01/2008,1437.8,,
17/01/2008,1448.79,,
16/01/2008,1469.56,,
15/01/2008,1494.11,,
14/01/2008,1530.29,,
11/01/2008,1515.93,,
10/01/2008,1529.88,,
9/01/2008,1529.69,,
8/01/2008,1526.91,,
7/01/2008,1537.14,,
4/01/2008,1543.31,,
3/01/2008,1576.46,,
2/01/2008,1578.13,,
1/01/2008,1588.8,,
31/12/2007,1588.8,,
28/12/2007,1594.79,,
27/12/2007,1590.15,,
26/12/2007,1598.19,,
25/12/2007,1592.4,,
24/12/2007,1589.45,,
21/12/2007,1580.55,,
20/12/2007,1556.93,,
19/12/2007,1552.42,,
18/12/2007,1556.84,,
17/12/2007,1552.77,,
14/12/2007,1582.12,,
13/12/2007,1601.35,,
12/12/2007,1622.88,,
11/12/2007,1619.77,,
10/12/2007,1641.14,,
7/12/2007,1630.05,,
6/12/2007,1623.89,,
5/12/2007,1609.85,,
4/12/2007,1593.08,,
3/12/2007,1604.06,,
30/11/2007,1610.94,,
29/11/2007,1601.57,,
28/11/2007,1592.2,,
27/11/2007,1561.93,,
26/11/2007,1553.55,,
23/11/2007,1566.9,,
22/11/2007,1547.2,,
21/11/2007,1542.57,,
20/11/2007,1570.74,,
19/11/2007,1555.75,,
16/11/2007,1581.1,,
15/11/2007,1585.16,,
14/11/2007,1607.88,,
13/11/2007,1601.81,,
12/11/2007,1576.25,,
9/11/2007,1598.08,,
8/11/2007,1621.03,,
7/11/2007,1630.32,,
6/11/2007,1651.59,,
5/11/2007,1634.74,,
2/11/2007,1647.07,,
1/11/2007,1653.25,,
31/10/2007,1682.35,,
30/10/2007,1663.89,,
29/10/2007,1672.61,,
26/10/2007,1658.95,,
25/10/2007,1635.48,,
24/10/2007,1627.85,,
23/10/2007,1633.44,,
22/10/2007,1614.69,,
19/10/2007,1627.42,,
18/10/2007,1655.65,,
17/10/2007,1653.1,,
16/10/2007,1647.85,,
15/10/2007,1664.8,,
12/10/2007,1675.29,,
11/10/2007,1675.17,,
10/10/2007,1670.27,,
9/10/2007,1667.34,,
8/10/2007,1655.18,,
5/10/2007,1663.74,,
4/10/2007,1648.63,,
3/10/2007,1647.82,,
2/10/2007,1650.31,,
1/10/2007,1649.1,,
28/09/2007,1633.58,,
27/09/2007,1631.3,,
26/09/2007,1616.57,,
25/09/2007,1609.75,,
24/09/2007,1611.84,,
21/09/2007,1614.11,,
20/09/2007,1609.96,,
19/09/2007,1609.85,,
18/09/2007,1579.56,,
17/09/2007,1554.12,,
14/09/2007,1566.52,,
13/09/2007,1568.87,,
12/09/2007,1559.47,,
11/09/2007,1555.39,,
10/09/2007,1533.72,,
7/09/2007,1542.64,,
6/09/2007,1563.25,,
5/09/2007,1555.99,,
4/09/2007,1572.91,,
3/09/2007,1562.64,,
31/08/2007,1561.59,,
30/08/2007,1540.42,,
29/08/2007,1536.98,,
28/08/2007,1520.88,,
27/08/2007,1548.48,,
24/08/2007,1552.63,,
23/08/2007,1540.08,,
22/08/2007,1531.75,,
21/08/2007,1513.31,,
20/08/2007,1507.46,,
17/08/2007,1498.24,,
16/08/2007,1473.37,,
15/08/2007,1494.53,,
14/08/2007,1517.38,,
13/08/2007,1539.5,,
10/08/2007,1531.42,,
9/08/2007,1554.91,,
8/08/2007,1589.53,,
7/08/2007,1563.85,,
6/08/2007,1554.46,,
3/08/2007,1542.18,,
2/08/2007,1564.86,,
1/08/2007,1556.33,,
31/07/2007,1565.81,,
30/07/2007,1564.22,,
27/07/2007,1555.57,,
26/07/2007,1579.15,,
25/07/2007,1614.79,,
24/07/2007,1622.69,,
23/07/2007,1645.82,,
20/07/2007,1642.2,,
19/07/2007,1654.91,,
18/07/2007,1643.92,,
17/07/2007,1651.86,,
16/07/2007,1654.05,,
13/07/2007,1654.8,,
12/07/2007,1646.21,,
11/07/2007,1625.1,,
10/07/2007,1622.9,,
9/07/2007,1635.76,,
6/07/2007,1631.37,,
5/07/2007,1624.26,,
4/07/2007,1627.41,,
3/07/2007,1624.39,,
2/07/2007,1616.87,,
29/06/2007,1602.36,,
28/06/2007,1596.36,,
27/06/2007,1588.19,,
26/06/2007,1587.83,,
25/06/2007,1593.49,,
22/06/2007,1598.1,,
21/06/2007,1610.33,,
20/06/2007,1611.23,,
19/06/2007,1619.85,,
18/06/2007,1619.4,,
15/06/2007,1619.22,,
14/06/2007,1603.09,,
13/06/2007,1589.47,,
12/06/2007,1578.06,,
11/06/2007,1591.33,,
8/06/2007,1585.93,,
7/06/2007,1584.77,,
6/06/2007,1607.75,,
5/06/2007,1624.57,,
4/06/2007,1630.06,,
1/06/2007,1625.22,,
31/05/2007,1616.87,,
30/05/2007,1608.61,,
29/05/2007,1605.75,,
28/05/2007,1601.21,,
25/05/2007,1599.4,,
24/05/2007,1596.96,,
23/05/2007,1612.6,,
22/05/2007,1607.11,,
21/05/2007,1605.41,,
18/05/2007,1604.62,,
17/05/2007,1595.41,,
16/05/2007,1598.2,,
15/05/2007,1594.41,,
14/05/2007,1593.21,,
11/05/2007,1593.84,,
10/05/2007,1584.5,,
9/05/2007,1602.48,,
8/05/2007,1596.11,,
7/05/2007,1605.4,,
4/05/2007,1597.45,,
3/05/2007,1589.89,,
2/05/2007,1585.85,,
1/05/2007,1575.91,,
30/04/2007,1577.86,,
27/04/2007,1584.09,,
26/04/2007,1585.76,,
25/04/2007,1587.76,,
24/04/2007,1576.66,,
23/04/2007,1579.77,,
20/04/2007,1583.14,,
19/04/2007,1569.6,,
18/04/2007,1576.04,,
17/04/2007,1574.45,,
16/04/2007,1571.64,,
13/04/2007,1553.66,,
12/04/2007,1548.97,,
11/04/2007,1544.24,,
10/04/2007,1549.78,,
9/04/2007,1540.71,,
6/04/2007,1542.02,,
5/04/2007,1542.41,,
4/04/2007,1538.17,,
3/04/2007,1532.39,,
2/04/2007,1518.17,,
30/03/2007,1514.18,,
29/03/2007,1515.94,,
28/03/2007,1510.35,,
27/03/2007,1518.37,,
26/03/2007,1525.06,,
23/03/2007,1526.85,,
22/03/2007,1524.84,,
21/03/2007,1512.18,,
20/03/2007,1496.91,,
19/03/2007,1486.49,,
16/03/2007,1469.67,,
15/03/2007,1471.29,,
14/03/2007,1456.19,,
13/03/2007,1469.55,,
12/03/2007,1490.44,,
9/03/2007,1485.23,,
8/03/2007,1483.5,,
7/03/2007,1470.37,,
6/03/2007,1467.82,,
5/03/2007,1447.57,,
2/03/2007,1470.04,,
1/03/2007,1481.53,,
28/02/2007,1490.44,,
27/02/2007,1503.42,,
26/02/2007,1541.71,,
23/02/2007,1538.93,,
22/02/2007,1535.93,,
21/02/2007,1534.37,,
20/02/2007,1540.35,,
19/02/2007,1539.38,,
16/02/2007,1536.74,,
15/02/2007,1538.96,,
14/02/2007,1533.83,,
13/02/2007,1517.24,,
12/02/2007,1506.23,,
9/02/2007,1513.76,,
8/02/2007,1516.79,,
7/02/2007,1522.24,,
6/02/2007,1517.53,,
5/02/2007,1512.41,,
2/02/2007,1515.72,,
1/02/2007,1514.09,,
31/01/2007,1500.23,,
30/01/2007,1496.76,,
29/01/2007,1488.97,,
26/01/2007,1487.3,,
25/01/2007,1495.45,,
24/01/2007,1505.98,,
23/01/2007,1496.53,,
22/01/2007,1490.11,,
19/01/2007,1493.56,,
18/01/2007,1487.81,,
17/01/2007,1490.64,,
16/01/2007,1490.2,,
15/01/2007,1493.32,,
12/01/2007,1487.56,,
11/01/2007,1475.49,,
10/01/2007,1465.34,,
9/01/2007,1472.73,,
8/01/2007,1471.38,,
5/01/2007,1469.8,,
4/01/2007,1484.35,,
3/01/2007,1488.63,,
2/01/2007,1494.32,,
1/01/2007,1483.58,,
29/12/2006,1483.58,,
28/12/2006,1486.64,,
27/12/2006,1486.32,,
26/12/2006,1474.82,,
25/12/2006,1472.42,,
22/12/2006,1472.99,,
21/12/2006,1479.41,,
20/12/2006,1483.75,,
19/12/2006,1479.93,,
18/12/2006,1479.97,,
15/12/2006,1483.77,,
14/12/2006,1483.74,,
13/12/2006,1474.73,,
12/12/2006,1471.44,,
11/12/2006,1469.07,,
8/12/2006,1469.49,,
7/12/2006,1468.72,,
6/12/2006,1469.25,,
5/12/2006,1467.55,,
4/12/2006,1462.03,,
1/12/2006,1452.99,,
30/11/2006,1455.17,,
29/11/2006,1450.33,,
28/11/2006,1433.7,,
27/11/2006,1432.77,,
24/11/2006,1447.92,,
23/11/2006,1449.63,,
22/11/2006,1449.08,,
21/11/2006,1439.38,,
20/11/2006,1435.6,,
17/11/2006,1439.75,,
16/11/2006,1442.01,,
15/11/2006,1440.88,,
14/11/2006,1436.75,,
13/11/2006,1430.22,,
10/11/2006,1431.87,,
9/11/2006,1428.56,,
8/11/2006,1433.31,,
7/11/2006,1436.01,,
6/11/2006,1427.17,,
3/11/2006,1413.91,,
2/11/2006,1416.78,,
1/11/2006,1419.3,,
31/10/2006,1422.93,,
30/10/2006,1420.79,,
27/10/2006,1424.88,,
26/10/2006,1430.04,,
25/10/2006,1421.22,,
24/10/2006,1414.91,,
23/10/2006,1414.45,,
20/10/2006,1409.58,,
19/10/2006,1406.38,,
18/10/2006,1401.88,,
17/10/2006,1397.96,,
16/10/2006,1405.17,,
13/10/2006,1398.12,,
12/10/2006,1394.94,,
11/10/2006,1385.17,,
10/10/2006,1387.73,,
9/10/2006,1385.52,,
6/10/2006,1383.81,,
5/10/2006,1390.59,,
4/10/2006,1381.24,,
3/10/2006,1373.27,,
2/10/2006,1375.57,,
29/09/2006,1373.37,,
28/09/2006,1375.82,,
27/09/2006,1373.84,,
26/09/2006,1364.75,,
25/09/2006,1357.27,,
22/09/2006,1354.46,,
21/09/2006,1360.11,,
20/09/2006,1359.43,,
19/09/2006,1354.82,,
18/09/2006,1357.59,,
15/09/2006,1355.1,,
14/09/2006,1356.58,,
13/09/2006,1353.52,,
12/09/2006,1349.31,,
11/09/2006,1337.72,,
8/09/2006,1344.48,,
7/09/2006,1343.01,,
6/09/2006,1355.84,,
5/09/2006,1370.82,,
4/09/2006,1373.02,,
1/09/2006,1365.17,,
31/08/2006,1358.87,,
30/08/2006,1358.7,,
29/08/2006,1353.59,,
28/08/2006,1350.51,,
25/08/2006,1345.06,,
24/08/2006,1348.52,,
23/08/2006,1348.5,,
22/08/2006,1354.18,,
21/08/2006,1354.35,,
18/08/2006,1354.91,,
17/08/2006,1354.75,,
16/08/2006,1351.79,,
15/08/2006,1338.81,,
14/08/2006,1323.13,,
11/08/2006,1318.5,,
10/08/2006,1322.28,,
9/08/2006,1326.96,,
8/08/2006,1324.23,,
7/08/2006,1324.4,,
4/08/2006,1335.69,,
3/08/2006,1327.09,,
2/08/2006,1330.66,,
1/08/2006,1318.66,,
31/07/2006,1327.23,,
28/07/2006,1328.16,,
27/07/2006,1313.63,,
26/07/2006,1303.99,,
25/07/2006,1303.93,,
24/07/2006,1295.76,,
21/07/2006,1279.85,,
20/07/2006,1288.24,,
19/07/2006,1285.12,,
18/07/2006,1260.98,,
17/07/2006,1266.1,,
14/07/2006,1274.69,,
13/07/2006,1289.9,,
12/07/2006,1305.85,,
11/07/2006,1318.01,,
10/07/2006,1319.84,,
7/07/2006,1319.12,,
6/07/2006,1320.02,,
5/07/2006,1313.97,,
4/07/2006,1330.69,,
3/07/2006,1327.96,,
30/06/2006,1319.93,,
29/06/2006,1299.16,,
28/06/2006,1273.37,,
27/06/2006,1274.31,,
26/06/2006,1281.2,,
23/06/2006,1277.43,,
22/06/2006,1279.57,,
21/06/2006,1280.15,,
20/06/2006,1270.34,,
19/06/2006,1269.09,,
16/06/2006,1278.1,,
15/06/2006,1277.06,,
14/06/2006,1250.88,,
13/06/2006,1243.94,,
12/06/2006,1269.6,,
9/06/2006,1283.85,,
8/06/2006,1276.07,,
7/06/2006,1298.13,,
6/06/2006,1306.01,,
5/06/2006,1326.15,,
2/06/2006,1342.76,,
1/06/2006,1332.02,,
31/05/2006,1322.25,,
30/05/2006,1319.75,,
29/05/2006,1334.57,,
26/05/2006,1332.43,,
25/05/2006,1319.74,,
24/05/2006,1306.63,,
23/05/2006,1314.31,,
22/05/2006,1308.23,,
19/05/2006,1321.98,,
18/05/2006,1325.07,,
17/05/2006,1336.15,,
16/05/2006,1360.57,,
15/05/2006,1363.72,,
12/05/2006,1373.12,,
11/05/2006,1391.15,,
10/05/2006,1402.55,,
9/05/2006,1406.28,,
8/05/2006,1402.19,,
5/05/2006,1399.6,,
4/05/2006,1383.95,,
3/05/2006,1377.58,,
2/05/2006,1385.43,,
1/05/2006,1375.21,,
28/04/2006,1373.38,,
27/04/2006,1374.53,,
26/04/2006,1369.51,,
25/04/2006,1364.39,,
24/04/2006,1365.41,,
21/04/2006,1370.01,,
20/04/2006,1363.76,,
19/04/2006,1363.39,,
18/04/2006,1353.87,,
17/04/2006,1339.33,,
14/04/2006,1334.98,,
13/04/2006,1334.9,,
12/04/2006,1333.49,,
11/04/2006,1337.23,,
10/04/2006,1347.24,,
7/04/2006,1346.29,,
6/04/2006,1358.55,,
5/04/2006,1356.25,,
4/04/2006,1350.58,,
3/04/2006,1343.34,,
31/03/2006,1335.07,,
30/03/2006,1342.93,,
29/03/2006,1332.29,,
28/03/2006,1328.8,,
27/03/2006,1333.87,,
24/03/2006,1335.52,,
23/03/2006,1330.18,,
22/03/2006,1337.32,,
21/03/2006,1332.26,,
20/03/2006,1340.15,,
17/03/2006,1338.58,,
16/03/2006,1334.48,,
15/03/2006,1330.39,,
14/03/2006,1325.38,,
13/03/2006,1312.83,,
10/03/2006,1303.84,,
9/03/2006,1299.06,,
8/03/2006,1295.72,,
7/03/2006,1298.58,,
6/03/2006,1308.7,,
3/03/2006,1311.7,,
2/03/2006,1314.16,,
1/03/2006,1316.33,,
28/02/2006,1309.45,,
27/02/2006,1319.07,,
24/02/2006,1313.12,,
23/02/2006,1311.66,,
22/02/2006,1308.6,,
21/02/2006,1302.69,,
20/02/2006,1302.39,,
17/02/2006,1301.88,,
16/02/2006,1303.18,,
15/02/2006,1295.82,,
14/02/2006,1293.62,,
13/02/2006,1286.07,,
10/02/2006,1291.21,,
9/02/2006,1293.82,,
8/02/2006,1288.61,,
7/02/2006,1289.58,,
6/02/2006,1297.85,,
3/02/2006,1296.13,,
2/02/2006,1304.52,,
1/02/2006,1314.58,,
31/01/2006,1313.21,,
30/01/2006,1311.64,,
27/01/2006,1311.68,,
26/01/2006,1301.38,,
25/01/2006,1291.07,,
24/01/2006,1289.02,,
23/01/2006,1286.6,,
20/01/2006,1281.7,,
19/01/2006,1296.51,,
18/01/2006,1285.17,,
17/01/2006,1295.45,,
16/01/2006,1307.43,,
13/01/2006,1306.77,,
12/01/2006,1307.65,,
11/01/2006,1311.64,,
10/01/2006,1304.19,,
9/01/2006,1309.42,,
6/01/2006,1308.15,,
5/01/2006,1295.4,,
4/01/2006,1295.12,,
3/01/2006,1281.3,,
2/01/2006,1259.11,,
30/12/2005,1257.78,,
29/12/2005,1266.53,,
28/12/2005,1268.09,,
27/12/2005,1264.09,,
26/12/2005,1271.84,,
23/12/2005,1270.98,,
22/12/2005,1270.02,,
21/12/2005,1265.17,,
20/12/2005,1262.17,,
19/12/2005,1263.55,,
16/12/2005,1267.83,,
15/12/2005,1264.65,,
14/12/2005,1270.94,,
13/12/2005,1264.89,,
12/12/2005,1260.55,,
9/12/2005,1252.59,,
8/12/2005,1248.68,,
7/12/2005,1248.2,,
6/12/2005,1252.67,,
5/12/2005,1249.71,,
2/12/2005,1249.71,,
1/12/2005,1244.46,,
30/11/2005,1231.41,,
29/11/2005,1237.87,,
28/11/2005,1238.79,,
25/11/2005,1243.4,,
24/11/2005,1243,,
23/11/2005,1243.8,,
22/11/2005,1236.46,,
21/11/2005,1234.08,,
18/11/2005,1227.14,,
17/11/2005,1221.33,,
16/11/2005,1208,,
15/11/2005,1208.2,,
14/11/2005,1213.61,,
11/11/2005,1216.39,,
10/11/2005,1210.53,,
9/11/2005,1206,,
8/11/2005,1206.97,,
7/11/2005,1209.5,,
4/11/2005,1207.15,,
3/11/2005,1212.8,,
2/11/2005,1205.81,,
1/11/2005,1194.77,,
31/10/2005,1193.88,,
28/10/2005,1182.67,,
27/10/2005,1175.41,,
26/10/2005,1182.94,,
25/10/2005,1184.79,,
24/10/2005,1180.77,,
21/10/2005,1168.08,,
20/10/2005,1167.33,,
19/10/2005,1175.27,,
18/10/2005,1171.68,,
17/10/2005,1183.66,,
14/10/2005,1183.86,,
13/10/2005,1173.85,,
12/10/2005,1182.56,,
11/10/2005,1188.74,,
10/10/2005,1188.2,,
7/10/2005,1193.97,,
6/10/2005,1193.67,,
5/10/2005,1200.79,,
4/10/2005,1216.46,,
3/10/2005,1220.77,,
30/09/2005,1224.31,,
29/09/2005,1221.83,,
28/09/2005,1213.59,,
27/09/2005,1207.47,,
26/09/2005,1211.52,,
23/09/2005,1204.53,,
22/09/2005,1205.75,,
21/09/2005,1208.64,,
20/09/2005,1215.62,,
19/09/2005,1217.01,,
16/09/2005,1220.98,,
15/09/2005,1214.25,,
14/09/2005,1215.58,,
13/09/2005,1214.62,,
12/09/2005,1222.77,,
9/09/2005,1225.59,,
8/09/2005,1215.6,,
7/09/2005,1220.61,,
6/09/2005,1218.8,,
5/09/2005,1209.86,,
2/09/2005,1207.36,,
1/09/2005,1206.31,,
31/08/2005,1194.81,,
30/08/2005,1181.43,,
29/08/2005,1184.89,,
26/08/2005,1184.73,,
25/08/2005,1189.05,,
24/08/2005,1189.09,,
23/08/2005,1193.4,,
22/08/2005,1198.71,,
19/08/2005,1190.99,,
18/08/2005,1187.98,,
17/08/2005,1195.97,,
16/08/2005,1198.41,,
15/08/2005,1207.45,,
12/08/2005,1208.2,,
11/08/2005,1212,,
10/08/2005,1203.61,,
9/08/2005,1196.37,,
8/08/2005,1189.96,,
5/08/2005,1187.88,,
4/08/2005,1198.23,,
3/08/2005,1204.73,,
2/08/2005,1201.07,,
1/08/2005,1192.05,,
29/07/2005,1188.17,,
28/07/2005,1190.04,,
27/07/2005,1183.33,,
26/07/2005,1177.81,,
25/07/2005,1178.78,,
22/07/2005,1182.14,,
21/07/2005,1179.11,,
20/07/2005,1176.35,,
19/07/2005,1173.4,,
18/07/2005,1170.75,,
15/07/2005,1173.75,,
14/07/2005,1175.49,,
13/07/2005,1171.4,,
12/07/2005,1173.61,,
11/07/2005,1168.24,,
8/07/2005,1156.7,,
7/07/2005,1145.16,,
6/07/2005,1149.99,,
5/07/2005,1151.99,,
4/07/2005,1147.49,,
1/07/2005,1147.83,,
30/06/2005,1148.81,,
29/06/2005,1153.77,,
28/06/2005,1153.87,,
27/06/2005,1147.08,,
24/06/2005,1149.81,,
23/06/2005,1157.16,,
22/06/2005,1165.04,,
21/06/2005,1164.14,,
20/06/2005,1163.13,,
17/06/2005,1166.84,,
16/06/2005,1157.27,,
15/06/2005,1152.59,,
14/06/2005,1149.3,,
13/06/2005,1146.58,,
10/06/2005,1147.4,,
9/06/2005,1148.39,,
8/06/2005,1151.04,,
7/06/2005,1150.67,,
6/06/2005,1147.58,,
3/06/2005,1146.65,,
2/06/2005,1150.76,,
1/06/2005,1148.82,,
31/05/2005,1140.68,,
30/05/2005,1148.84,,
27/05/2005,1147.67,,
26/05/2005,1145.28,,
25/05/2005,1141.27,,
24/05/2005,1144.97,,
23/05/2005,1144.61,,
20/05/2005,1137.93,,
19/05/2005,1141.37,,
18/05/2005,1135.01,,
17/05/2005,1124.65,,
16/05/2005,1120.59,,
13/05/2005,1118.4,,
12/05/2005,1124.7,,
11/05/2005,1133.11,,
10/05/2005,1134.25,,
9/05/2005,1141.96,,
6/05/2005,1140.62,,
5/05/2005,1140.43,,
4/05/2005,1140.22,,
3/05/2005,1127.68,,
2/05/2005,1125.76,,
29/04/2005,1123.64,,
28/04/2005,1114.97,,
27/04/2005,1123.71,,
26/04/2005,1126.47,,
25/04/2005,1134.12,,
22/04/2005,1129.86,,
21/04/2005,1129.82,,
20/04/2005,1118.48,,
19/04/2005,1126.47,,
18/04/2005,1117.01,,
15/04/2005,1123.82,,
14/04/2005,1137.41,,
13/04/2005,1149.37,,
12/04/2005,1154.08,,
11/04/2005,1155.58,,
8/04/2005,1153.65,,
7/04/2005,1159.55,,
6/04/2005,1152.67,,
5/04/2005,1149.17,,
4/04/2005,1142.45,,
1/04/2005,1148.16,,
31/03/2005,1151.18,,
30/03/2005,1148.34,,
29/03/2005,1140.06,,
28/03/2005,1145.63,,
25/03/2005,1147.04,,
24/03/2005,1146.52,,
23/03/2005,1147.59,,
22/03/2005,1157.41,,
21/03/2005,1162.08,,
18/03/2005,1169.19,,
17/03/2005,1170.85,,
16/03/2005,1172.15,,
15/03/2005,1178.02,,
14/03/2005,1180.8,,
11/03/2005,1181.57,,
10/03/2005,1183.33,,
9/03/2005,1185.56,,
8/03/2005,1193,,
7/03/2005,1192.3,,
4/03/2005,1192.43,,
3/03/2005,1178.78,,
2/03/2005,1177.94,,
1/03/2005,1179.96,,
28/02/2005,1176.7,,
25/02/2005,1177.14,,
24/02/2005,1165.43,,
23/02/2005,1160.74,,
22/02/2005,1162.94,,
21/02/2005,1169.36,,
18/02/2005,1169.16,,
17/02/2005,1167.53,,
16/02/2005,1169.65,,
15/02/2005,1172.32,,
14/02/2005,1168.62,,
11/02/2005,1163.3,,
10/02/2005,1156.07,,
9/02/2005,1149.08,,
8/02/2005,1154.03,,
7/02/2005,1156.23,,
4/02/2005,1157.97,,
3/02/2005,1147.04,,
2/02/2005,1152.68,,
1/02/2005,1147.97,,
31/01/2005,1142.35,,
28/01/2005,1133.4,,
27/01/2005,1137.93,,
26/01/2005,1137.96,,
25/01/2005,1128.65,,
24/01/2005,1128.37,,
21/01/2005,1128.22,,
20/01/2005,1130.99,,
19/01/2005,1141.45,,
18/01/2005,1146.44,,
17/01/2005,1143.16,,
14/01/2005,1141.07,,
13/01/2005,1138.8,,
12/01/2005,1145.9,,
11/01/2005,1141.11,,
10/01/2005,1144.15,,
7/01/2005,1139.91,,
6/01/2005,1142.09,,
5/01/2005,1142.25,,
4/01/2005,1148.84,,
3/01/2005,1161.54,,
31/12/2004,1169.34,,
30/12/2004,1169.98,,
29/12/2004,1165.81,,
28/12/2004,1167.71,,
27/12/2004,1162.89,,
24/12/2004,1163.05,,
23/12/2004,1159.71,,
22/12/2004,1155.54,,
21/12/2004,1150.14,,
20/12/2004,1146.19,,
17/12/2004,1139.29,,
16/12/2004,1146.06,,
15/12/2004,1150.46,,
14/12/2004,1142.97,,
13/12/2004,1139.61,,
10/12/2004,1128.1,,
9/12/2004,1129.51,,
8/12/2004,1130.69,,
7/12/2004,1135.33,,
6/12/2004,1142.74,,
3/12/2004,1144.32,,
2/12/2004,1141.06,,
1/12/2004,1139.47,,
30/11/2004,1127.34,,
29/11/2004,1132.53,,
26/11/2004,1132.85,,
25/11/2004,1132.96,,
24/11/2004,1127.1,,
23/11/2004,1121.92,,
22/11/2004,1120.44,,
19/11/2004,1121.21,,
18/11/2004,1127.01,,
17/11/2004,1128.17,,
16/11/2004,1119.35,,
15/11/2004,1124.59,,
12/11/2004,1122.84,,
11/11/2004,1112.22,,
10/11/2004,1104.67,,
9/11/2004,1105.49,,
8/11/2004,1107.6,,
5/11/2004,1108.5,,
4/11/2004,1102.02,,
3/11/2004,1090.38,,
2/11/2004,1078.92,,
1/11/2004,1075.62,,
29/10/2004,1072.7,,
28/10/2004,1072.65,,
27/10/2004,1068.28,,
26/10/2004,1056.37,,
25/10/2004,1047.08,,
22/10/2004,1049.82,,
21/10/2004,1054.67,,
20/10/2004,1051.09,,
19/10/2004,1052.38,,
18/10/2004,1053.42,,
15/10/2004,1051.21,,
14/10/2004,1047.01,,
13/10/2004,1051.66,,
12/10/2004,1056.89,,
11/10/2004,1064.65,,
8/10/2004,1064.1,,
7/10/2004,1064.87,,
6/10/2004,1071.9,,
5/10/2004,1067.62,,
4/10/2004,1066.11,,
1/10/2004,1062.85,,
30/09/2004,1047.86,,
29/09/2004,1044.86,,
28/09/2004,1040.56,,
27/09/2004,1035.59,,
24/09/2004,1041.53,,
23/09/2004,1042.2,,
22/09/2004,1045.29,,
21/09/2004,1055.97,,
20/09/2004,1047.57,,
17/09/2004,1051.62,,
16/09/2004,1047.8,,
15/09/2004,1044.59,,
14/09/2004,1055.04,,
13/09/2004,1052.73,,
10/09/2004,1049.52,,
9/09/2004,1042.29,,
8/09/2004,1043.59,,
7/09/2004,1045.13,,
6/09/2004,1040.02,,
3/09/2004,1036.24,,
2/09/2004,1041.49,,
1/09/2004,1034.35,,
31/08/2004,1029.63,,
30/08/2004,1026.99,,
27/08/2004,1032.6,,
26/08/2004,1029.26,,
25/08/2004,1026.45,,
24/08/2004,1020.92,,
23/08/2004,1022.96,,
20/08/2004,1023.34,,
19/08/2004,1020.51,,
18/08/2004,1018.04,,
17/08/2004,1010.98,,
16/08/2004,1008.44,,
13/08/2004,999.32,,
12/08/2004,997.73,,
11/08/2004,1005.12,,
10/08/2004,1011,,
9/08/2004,1000.77,,
6/08/2004,1003.81,,
5/08/2004,1013.37,,
4/08/2004,1022.5,,
3/08/2004,1027.71,,
2/08/2004,1029.56,,
30/07/2004,1026.99,,
29/07/2004,1024.31,,
28/07/2004,1017.89,,
27/07/2004,1016.54,,
26/07/2004,1012.91,,
23/07/2004,1016.78,,
22/07/2004,1027.72,,
21/07/2004,1030.26,,
20/07/2004,1039.62,,
19/07/2004,1037.69,,
16/07/2004,1039.2,,
15/07/2004,1038.09,,
14/07/2004,1044.65,,
13/07/2004,1046.97,,
12/07/2004,1048.75,,
9/07/2004,1047.73,,
8/07/2004,1044.66,,
7/07/2004,1048.48,,
6/07/2004,1045.17,,
5/07/2004,1051.76,,
2/07/2004,1054.75,,
1/07/2004,1056.45,,
30/06/2004,1062.51,,
29/06/2004,1061.01,,
28/06/2004,1063.59,,
25/06/2004,1059.65,,
24/06/2004,1064.66,,
23/06/2004,1059.49,,
22/06/2004,1053.22,,
21/06/2004,1054.89,,
18/06/2004,1056.68,,
17/06/2004,1053.16,,
16/06/2004,1052.4,,
15/06/2004,1048.33,,
14/06/2004,1042.39,,
11/06/2004,1052.18,,
10/06/2004,1055.64,,
9/06/2004,1051.61,,
8/06/2004,1062.66,,
7/06/2004,1061.62,,
4/06/2004,1043.44,,
3/06/2004,1037.84,,
2/06/2004,1044.9,,
1/06/2004,1041.63,,
31/05/2004,1042.63,,
28/05/2004,1041.85,,
27/05/2004,1043.9,,
26/05/2004,1033.01,,
25/05/2004,1027.88,,
24/05/2004,1017.58,,
21/05/2004,1016.32,,
20/05/2004,1008.61,,
19/05/2004,1014.13,,
18/05/2004,1003.91,,
17/05/2004,997.02,,
14/05/2004,1006.94,,
13/05/2004,1009.33,,
12/05/2004,1012.06,,
11/05/2004,1008.61,,
10/05/2004,1001.66,,
7/05/2004,1025.13,,
6/05/2004,1041.64,,
5/05/2004,1053.89,,
4/05/2004,1049.18,,
3/05/2004,1041.7,,
30/04/2004,1035.66,,
29/04/2004,1042.88,,
28/04/2004,1048.31,,
27/04/2004,1064.15,,
26/04/2004,1063.66,,
23/04/2004,1063.69,,
22/04/2004,1061.69,,
21/04/2004,1052.08,,
20/04/2004,1054.72,,
19/04/2004,1062.89,,
16/04/2004,1062.59,,
15/04/2004,1054.62,,
14/04/2004,1056.3,,
13/04/2004,1064.56,,
12/04/2004,1075.6,,
9/04/2004,1071.68,,
8/04/2004,1073.28,,
7/04/2004,1074.76,,
6/04/2004,1075.62,,
5/04/2004,1077.05,,
2/04/2004,1073.33,,
1/04/2004,1068.46,,
31/03/2004,1059.16,,
30/03/2004,1055.98,,
29/03/2004,1052.71,,
26/03/2004,1039.98,,
25/03/2004,1039.87,,
24/03/2004,1025.9,,
23/03/2004,1028.75,,
22/03/2004,1030.27,,
19/03/2004,1043.96,,
18/03/2004,1050.84,,
17/03/2004,1049.56,,
16/03/2004,1039.73,,
15/03/2004,1030.14,,
12/03/2004,1041.93,,
11/03/2004,1037.08,,
10/03/2004,1055.03,,
9/03/2004,1071.22,,
8/03/2004,1075.52,,
5/03/2004,1082.16,,
4/03/2004,1074.16,,
3/03/2004,1069.36,,
2/03/2004,1074.82,,
1/03/2004,1081.08,,
27/02/2004,1068.65,,
26/02/2004,1066.04,,
25/02/2004,1067.52,,
24/02/2004,1067.68,,
23/02/2004,1070.41,,
20/02/2004,1070.73,,
19/02/2004,1079.22,,
18/02/2004,1082.28,,
17/02/2004,1085.8,,
16/02/2004,1075.35,,
13/02/2004,1074.32,,
12/02/2004,1078.05,,
11/02/2004,1076.26,,
10/02/2004,1069.77,,
9/02/2004,1066,,
6/02/2004,1064.2,,
5/02/2004,1051.36,,
4/02/2004,1048.38,,
3/02/2004,1057.78,,
2/02/2004,1055.64,,
30/01/2004,1052.29,,
29/01/2004,1053.87,,
28/01/2004,1061.35,,
27/01/2004,1069.62,,
26/01/2004,1073.84,,
23/01/2004,1071.69,,
22/01/2004,1073.71,,
21/01/2004,1072.51,,
20/01/2004,1065,,
19/01/2004,1060.77,,
16/01/2004,1059.63,,
15/01/2004,1056.72,,
14/01/2004,1059.7,,
13/01/2004,1054.6,,
12/01/2004,1058.01,,
9/01/2004,1056.79,,
8/01/2004,1059.44,,
7/01/2004,1052.09,,
6/01/2004,1054.33,,
5/01/2004,1051.89,,
2/01/2004,1038.06,,
1/01/2004,1036.32,,
31/12/2003,1036.32,,
30/12/2003,1032.27,,
29/12/2003,1028.18,,
26/12/2003,1018.31,,
25/12/2003,1016.74,,
24/12/2003,1016.7,,
23/12/2003,1015.89,,
22/12/2003,1012.46,,
19/12/2003,1008.52,,
18/12/2003,1007.17,,
17/12/2003,997.98,,
16/12/2003,997.06,,
15/12/2003,995.88,,
12/12/2003,995.22,,
11/12/2003,989.47,,
10/12/2003,983.09,,
9/12/2003,987.48,,
8/12/2003,990.69,,
5/12/2003,987.82,,
4/12/2003,992.25,,
3/12/2003,990.53,,
2/12/2003,989.35,,
1/12/2003,988.27,,
28/11/2003,976.02,,
27/11/2003,975.7,,
26/11/2003,974.72,,
25/11/2003,968.17,,
24/11/2003,965.54,,
21/11/2003,955.98,,
20/11/2003,954.12,,
19/11/2003,957.42,,
18/11/2003,956.49,,
17/11/2003,957.91,,
14/11/2003,970.02,,
13/11/2003,972.73,,
12/11/2003,968.24,,
11/11/2003,958.32,,
10/11/2003,962.82,,
7/11/2003,967.33,,
6/11/2003,964.5,,
5/11/2003,964.09,,
4/11/2003,967.23,,
3/11/2003,966.84,,
31/10/2003,962.71,,
30/10/2003,964.59,,
29/10/2003,963.82,,
28/10/2003,960.51,,
27/10/2003,949.99,,
24/10/2003,946.11,,
23/10/2003,947.08,,
22/10/2003,953.54,,
21/10/2003,965.06,,
20/10/2003,963.09,,
17/10/2003,959.43,,
16/10/2003,967.05,,
15/10/2003,963.25,,
14/10/2003,964.3,,
13/10/2003,961.55,,
10/10/2003,956.27,,
9/10/2003,953.81,,
8/10/2003,947.36,,
7/10/2003,951.59,,
6/10/2003,946.83,,
3/10/2003,944.23,,
2/10/2003,933.33,,
1/10/2003,928.39,,
30/09/2003,909.64,,
29/09/2003,916.9,,
26/09/2003,912.19,,
25/09/2003,918.89,,
24/09/2003,925.68,,
23/09/2003,935.67,,
22/09/2003,932.75,,
19/09/2003,942.48,,
18/09/2003,944.1,,
17/09/2003,933.32,,
16/09/2003,931.85,,
15/09/2003,921.61,,
12/09/2003,922.99,,
11/09/2003,919.34,,
10/09/2003,918.01,,
9/09/2003,927.77,,
8/09/2003,931.58,,
5/09/2003,922.87,,
4/09/2003,924.45,,
3/09/2003,922.91,,
2/09/2003,916.59,,
1/09/2003,910.64,,
29/08/2003,905.32,,
28/08/2003,901.24,,
27/08/2003,897.03,,
26/08/2003,895.16,,
25/08/2003,896.49,,
22/08/2003,897.74,,
21/08/2003,904.56,,
20/08/2003,903.24,,
19/08/2003,902.64,,
18/08/2003,901.28,,
15/08/2003,895.26,,
14/08/2003,894.79,,
13/08/2003,887.78,,
12/08/2003,889.21,,
11/08/2003,882.79,,
8/08/2003,878.4,,
7/08/2003,875.53,,
6/08/2003,869.98,,
5/08/2003,872.99,,
4/08/2003,880.93,,
1/08/2003,880.79,,
31/07/2003,887.78,,
30/07/2003,886.78,,
29/07/2003,891.69,,
28/07/2003,896.44,,
25/07/2003,894.61,,
24/07/2003,885.98,,
23/07/2003,884,,
22/07/2003,880.35,,
21/07/2003,874.57,,
18/07/2003,881.67,,
17/07/2003,874.81,,
16/07/2003,886.41,,
15/07/2003,892.5,,
14/07/2003,897.45,,
11/07/2003,889.53,,
10/07/2003,884.99,,
9/07/2003,894.79,,
8/07/2003,898.61,,
7/07/2003,897.99,,
4/07/2003,883.66,,
3/07/2003,885.82,,
2/07/2003,886.36,,
1/07/2003,874.43,,
30/06/2003,871.07,,
27/06/2003,874.18,,
26/06/2003,877.82,,
25/06/2003,876.46,,
24/06/2003,877.85,,
23/06/2003,880.92,,
20/06/2003,894.19,,
19/06/2003,893.21,,
18/06/2003,905.36,,
17/06/2003,907.26,,
16/06/2003,903.27,,
13/06/2003,887.46,,
12/06/2003,894.31,,
11/06/2003,892.27,,
10/06/2003,879.57,,
9/06/2003,875.65,,
6/06/2003,883.29,,
5/06/2003,881.73,,
4/06/2003,875.96,,
3/06/2003,865.87,,
2/06/2003,865.51,,
30/05/2003,857.65,,
29/05/2003,852.53,,
28/05/2003,850.66,,
27/05/2003,847.74,,
26/05/2003,837.79,,
23/05/2003,836.94,,
22/05/2003,834.24,,
21/05/2003,826.24,,
20/05/2003,826.13,,
19/05/2003,826.25,,
16/05/2003,844.29,,
15/05/2003,843.04,,
14/05/2003,838.03,,
13/05/2003,838.57,,
12/05/2003,839.97,,
9/05/2003,831.39,,
8/05/2003,821.62,,
7/05/2003,830.66,,
6/05/2003,834.83,,
5/05/2003,824.16,,
2/05/2003,822.5,,
1/05/2003,814.95,,
30/04/2003,813.3,,
29/04/2003,808.14,,
28/04/2003,806.67,,
25/04/2003,794.41,,
24/04/2003,805.3,,
23/04/2003,810.8,,
22/04/2003,803.89,,
21/04/2003,790.63,,
18/04/2003,792.77,,
17/04/2003,792.66,,
16/04/2003,782.68,,
15/04/2003,789.09,,
14/04/2003,781.18,,
11/04/2003,770.3,,
10/04/2003,772.94,,
9/04/2003,771.81,,
8/04/2003,778.79,,
7/04/2003,782.85,,
4/04/2003,774.86,,
3/04/2003,771.6,,
2/04/2003,773.24,,
1/04/2003,756.64,,
31/03/2003,748.63,,
28/03/2003,762.95,,
27/03/2003,766.6,,
26/03/2003,770.1,,
25/03/2003,771.8,,
24/03/2003,764.79,,
21/03/2003,785.87,,
20/03/2003,770.8,,
19/03/2003,768.82,,
18/03/2003,762.88,,
17/03/2003,760.21,,
14/03/2003,740.35,,
13/03/2003,732.31,,
12/03/2003,710.79,,
11/03/2003,716.18,,
10/03/2003,721.25,,
7/03/2003,737.98,,
6/03/2003,739.08,,
5/03/2003,745.77,,
4/03/2003,742.54,,
3/03/2003,752.71,,
28/02/2003,752.86,,
27/02/2003,746.79,,
26/02/2003,741.42,,
25/02/2003,747.71,,
24/02/2003,753.14,,
21/02/2003,763.52,,
20/02/2003,757.09,,
19/02/2003,761.16,,
18/02/2003,768.08,,
17/02/2003,758.1,,
14/02/2003,754.25,,
13/02/2003,742.42,,
12/02/2003,742.73,,
11/02/2003,750.68,,
10/02/2003,750.65,,
7/02/2003,750.08,,
6/02/2003,756.98,,
5/02/2003,765.28,,
4/02/2003,764.51,,
3/02/2003,774.55,,
31/01/2003,767.48,,
30/01/2003,762.44,,
29/01/2003,769.99,,
28/01/2003,766.4,,
27/01/2003,761.21,,
24/01/2003,777.97,,
23/01/2003,792.89,,
22/01/2003,786.96,,
21/01/2003,795.88,,
20/01/2003,804.79,,
17/01/2003,808.77,,
16/01/2003,818.89,,
15/01/2003,821.25,,
14/01/2003,830.67,,
13/01/2003,824.67,,
10/01/2003,824.47,,
9/01/2003,822.24,,
8/01/2003,809.47,,
7/01/2003,822.02,,
6/01/2003,829.41,,
3/01/2003,813.91,,
2/01/2003,811.36,,
1/01/2003,792.21,,
31/12/2002,792.21,,
30/12/2002,789.43,,
27/12/2002,784.06,,
26/12/2002,797,,
25/12/2002,797.1,,
24/12/2002,797.34,,
23/12/2002,798.34,,
20/12/2002,796.21,,
19/12/2002,787.87,,
18/12/2002,791.59,,
17/12/2002,804.57,,
16/12/2002,809.05,,
13/12/2002,793.31,,
12/12/2002,801.18,,
11/12/2002,804.15,,
10/12/2002,801.91,,
9/12/2002,794.43,,
6/12/2002,810.42,,
5/12/2002,806.44,,
4/12/2002,815.67,,
3/12/2002,820,,
2/12/2002,831.76,,
29/11/2002,833.47,,
28/11/2002,835.54,,
27/11/2002,830.53,,
26/11/2002,812.62,,
25/11/2002,827.99,,
22/11/2002,828.58,,
21/11/2002,829.28,,
20/11/2002,810.48,,
19/11/2002,803.05,,
18/11/2002,806.08,,
15/11/2002,809.75,,
14/11/2002,803.13,,
13/11/2002,789.43,,
12/11/2002,792.9,,
11/11/2002,786.38,,
8/11/2002,800.4,,
7/11/2002,807.16,,
6/11/2002,820.11,,
5/11/2002,818.88,,
4/11/2002,811.19,,
1/11/2002,798.85,,
31/10/2002,791.88,,
30/10/2002,789.86,,
29/10/2002,779.68,,
28/10/2002,793.43,,
25/10/2002,792.81,,
24/10/2002,784.44,,
23/10/2002,786.76,,
22/10/2002,789.69,,
21/10/2002,798.06,,
18/10/2002,789.83,,
17/10/2002,787.78,,
16/10/2002,772.04,,
15/10/2002,786.11,,
14/10/2002,750.74,,
11/10/2002,749.32,,
10/10/2002,721.46,,
9/10/2002,703.7,,
8/10/2002,716.1,,
7/10/2002,713.6,,
4/10/2002,727.58,,
3/10/2002,742.2,,
2/10/2002,750.19,,
1/10/2002,755.63,,
30/09/2002,738.18,,
27/09/2002,752.08,,
26/09/2002,765.11,,
25/09/2002,747.11,,
24/09/2002,734.83,,
23/09/2002,747.05,,
20/09/2002,760.8,,
19/09/2002,762.39,,
18/09/2002,777.5,,
17/09/2002,786.27,,
16/09/2002,796.25,,
13/09/2002,798.17,,
12/09/2002,802.64,,
11/09/2002,821.57,,
10/09/2002,817.33,,
9/09/2002,809.93,,
6/09/2002,808.07,,
5/09/2002,795.96,,
4/09/2002,803.93,,
3/09/2002,797.9,,
2/09/2002,826.63,,
30/08/2002,830.58,,
29/08/2002,830.35,,
28/08/2002,835.09,,
27/08/2002,854.38,,
26/08/2002,855.86,,
23/08/2002,852.46,,
22/08/2002,867.21,,
21/08/2002,856.63,,
20/08/2002,846.35,,
19/08/2002,857.05,,
16/08/2002,842.66,,
15/08/2002,841.1,,
14/08/2002,829.6,,
13/08/2002,813.78,,
12/08/2002,822.06,,
9/08/2002,829.45,,
8/08/2002,821.49,,
7/08/2002,798.21,,
6/08/2002,787.16,,
5/08/2002,772.99,,
2/08/2002,795.79,,
1/08/2002,806.19,,
31/07/2002,830.55,,
30/07/2002,826.75,,
29/07/2002,821.13,,
26/07/2002,785.78,,
25/07/2002,782.04,,
24/07/2002,776.16,,
23/07/2002,756.7,,
22/07/2002,776.93,,
19/07/2002,806.14,,
18/07/2002,835.13,,
17/07/2002,842.75,,
16/07/2002,832.66,,
15/07/2002,841.38,,
12/07/2002,853.37,,
11/07/2002,855.42,,
10/07/2002,862.32,,
9/07/2002,889.66,,
8/07/2002,901.81,,
5/07/2002,905.02,,
4/07/2002,877.16,,
3/07/2002,873.24,,
2/07/2002,877.57,,
1/07/2002,896.83,,
28/06/2002,907.81,,
27/06/2002,895.86,,
26/06/2002,884.67,,
25/06/2002,888.54,,
24/06/2002,893.16,,
21/06/2002,894.9,,
20/06/2002,904.24,,
19/06/2002,913.96,,
18/06/2002,927.55,,
17/06/2002,925.84,,
14/06/2002,905.7,,
13/06/2002,914.73,,
12/06/2002,924.73,,
11/06/2002,926.64,,
10/06/2002,934.33,,
7/06/2002,933.08,,
6/06/2002,938.78,,
5/06/2002,948.98,,
4/06/2002,948.83,,
3/06/2002,953.86,,
31/05/2002,967.85,,
30/05/2002,967.19,,
29/05/2002,970.51,,
28/05/2002,974.79,,
27/05/2002,979.13,,
24/05/2002,980.38,,
23/05/2002,986.02,,
22/05/2002,981.83,,
21/05/2002,979.27,,
20/05/2002,986.32,,
17/05/2002,994.87,,
16/05/2002,986.61,,
15/05/2002,982.05,,
14/05/2002,979.06,,
13/05/2002,967.7,,
10/05/2002,956.61,,
9/05/2002,967.25,,
8/05/2002,975.92,,
7/05/2002,949.59,,
6/05/2002,957.17,,
3/05/2002,968.42,,
2/05/2002,972.5,,
1/05/2002,975.2,,
30/04/2002,968.25,,
29/04/2002,961.35,,
26/04/2002,967.58,,
25/04/2002,977.54,,
24/04/2002,978.13,,
23/04/2002,982.32,,
22/04/2002,986.97,,
19/04/2002,996.91,,
18/04/2002,997.13,,
17/04/2002,998.04,,
16/04/2002,995.6,,
15/04/2002,975.6,,
12/04/2002,976.24,,
11/04/2002,973.53,,
10/04/2002,991.98,,
9/04/2002,981.7,,
8/04/2002,986.18,,
5/04/2002,990.93,,
4/04/2002,993.6,,
3/04/2002,994.95,,
2/04/2002,999.75,,
1/04/2002,1005.05,,
29/03/2002,1003.6,,
28/03/2002,1005.52,,
27/03/2002,999.95,,
26/03/2002,996.77,,
25/03/2002,994.06,,
22/03/2002,1006.18,,
21/03/2002,1010.18,,
20/03/2002,1011.37,,
19/03/2002,1024.42,,
18/03/2002,1018.9,,
15/03/2002,1020.33,,
14/03/2002,1009.97,,
13/03/2002,1006.79,,
12/03/2002,1014.24,,
11/03/2002,1022.27,,
8/03/2002,1020.41,,
7/03/2002,1016.82,,
6/03/2002,1011.18,,
5/03/2002,999.79,,
4/03/2002,1005.09,,
1/03/2002,980.73,,
28/02/2002,962.73,,
27/02/2002,963.41,,
26/02/2002,958.54,,
25/02/2002,957.99,,
22/02/2002,946.27,,
21/02/2002,942.52,,
20/02/2002,946.23,,
19/02/2002,942.28,,
18/02/2002,959.57,,
15/02/2002,961.94,,
14/02/2002,970.53,,
13/02/2002,968.04,,
12/02/2002,961.07,,
11/02/2002,962.11,,
8/02/2002,949.11,,
7/02/2002,939.36,,
6/02/2002,937.04,,
5/02/2002,943.32,,
4/02/2002,951.28,,
1/02/2002,967.44,,
31/01/2002,972.42,,
30/01/2002,959.97,,
29/01/2002,959.17,,
28/01/2002,980.64,,
25/01/2002,978.14,,
24/01/2002,982.12,,
23/01/2002,977.35,,
22/01/2002,971.61,,
21/01/2002,978.57,,
18/01/2002,980.08,,
17/01/2002,985.3,,
16/01/2002,977.39,,
15/01/2002,992.22,,
14/01/2002,988.18,,
11/01/2002,997.01,,
10/01/2002,1001.98,,
9/01/2002,1004.58,,
8/01/2002,1008.68,,
7/01/2002,1016.53,,
4/01/2002,1023.49,,
3/01/2002,1017.72,,
2/01/2002,1006.93,,
1/01/2002,1003.52,,
31/12/2001,1003.52,,
28/12/2001,1007.97,,
27/12/2001,1003.83,,
26/12/2001,991.83,,
25/12/2001,989.67,,
24/12/2001,990,,
21/12/2001,992.43,,
20/12/2001,989.63,,
19/12/2001,996.09,,
18/12/2001,995.93,,
17/12/2001,991.78,,
14/12/2001,979.91,,
13/12/2001,980.22,,
12/12/2001,996.17,,
11/12/2001,994.3,,
10/12/2001,996.58,,
7/12/2001,1013.71,,
6/12/2001,1022.87,,
5/12/2001,1021.41,,
4/12/2001,998.67,,
3/12/2001,987.28,,
30/11/2001,997.93,,
29/11/2001,992.73,,
28/11/2001,987.21,,
27/11/2001,1001.75,,
26/11/2001,1008.55,,
23/11/2001,1002.48,,
22/11/2001,998.83,,
21/11/2001,995.57,,
20/11/2001,1001.18,,
19/11/2001,1008.05,,
16/11/2001,998.96,,
15/11/2001,997,,
14/11/2001,993.92,,
13/11/2001,991.42,,
12/11/2001,977.82,,
9/11/2001,986.33,,
8/11/2001,988.74,,
7/11/2001,981.88,,
6/11/2001,983.04,,
5/11/2001,973.13,,
2/11/2001,960.79,,
1/11/2001,959.32,,
31/10/2001,943.2,,
30/10/2001,943.17,,
29/10/2001,959.09,,
26/10/2001,976.42,,
25/10/2001,969.86,,
24/10/2001,966.67,,
23/10/2001,964.73,,
22/10/2001,959.57,,
19/10/2001,949.26,,
18/10/2001,953.15,,
17/10/2001,965.27,,
16/10/2001,968.14,,
15/10/2001,960.87,,
12/10/2001,968.05,,
11/10/2001,969.01,,
10/10/2001,957.24,,
9/10/2001,941.8,,
8/10/2001,948.19,,
5/10/2001,952.51,,
4/10/2001,951.37,,
3/10/2001,942.58,,
2/10/2001,932.32,,
1/10/2001,921.98,,
28/09/2001,926.02,,
27/09/2001,906.52,,
26/09/2001,898.61,,
25/09/2001,899.19,,
24/09/2001,888.68,,
21/09/2001,856.6,,
20/09/2001,879.46,,
19/09/2001,907.64,,
18/09/2001,917.06,,
17/09/2001,921.02,,
14/09/2001,946.33,,
13/09/2001,954.49,,
12/09/2001,949.19,,
11/09/2001,953.55,,
10/09/2001,968.08,,
7/09/2001,971.41,,
6/09/2001,985.59,,
5/09/2001,1004.78,,
4/09/2001,1012.49,,
3/09/2001,1009.94,,
31/08/2001,1016.73,,
30/08/2001,1014.6,,
29/08/2001,1033.2,,
28/08/2001,1041.83,,
27/08/2001,1055.32,,
24/08/2001,1057.95,,
23/08/2001,1042.02,,
22/08/2001,1047.2,,
21/08/2001,1040.49,,
20/08/2001,1042.75,,
17/08/2001,1041.46,,
16/08/2001,1055.82,,
15/08/2001,1059.08,,
14/08/2001,1059.3,,
13/08/2001,1054.73,,
10/08/2001,1053.9,,
9/08/2001,1050.24,,
8/08/2001,1055.56,,
7/08/2001,1070.44,,
6/08/2001,1068.05,,
3/08/2001,1076.81,,
2/08/2001,1082.97,,
1/08/2001,1075.67,,
31/07/2001,1069.67,,
30/07/2001,1060.17,,
27/07/2001,1058.54,,
26/07/2001,1053.15,,
25/07/2001,1046.54,,
24/07/2001,1039.12,,
23/07/2001,1049.46,,
20/07/2001,1063.46,,
19/07/2001,1066.98,,
18/07/2001,1058.78,,
17/07/2001,1060.6,,
16/07/2001,1060.29,,
13/07/2001,1066.91,,
12/07/2001,1062.59,,
11/07/2001,1045.7,,
10/07/2001,1049.79,,
9/07/2001,1056.09,,
6/07/2001,1050.75,,
5/07/2001,1071.72,,
4/07/2001,1086.94,,
3/07/2001,1090.63,,
2/07/2001,1095.41,,
29/06/2001,1084.79,,
28/06/2001,1080.88,,
27/06/2001,1074.66,,
26/06/2001,1078.83,,
25/06/2001,1085.17,,
22/06/2001,1087.42,,
21/06/2001,1090.43,,
20/06/2001,1081.7,,
19/06/2001,1079.16,,
18/06/2001,1077.86,,
15/06/2001,1085.37,,
14/06/2001,1091.97,,
13/06/2001,1103.44,,
12/06/2001,1106.23,,
11/06/2001,1113.11,,
8/06/2001,1125.45,,
7/06/2001,1132.69,,
6/06/2001,1128.34,,
5/06/2001,1137.82,,
4/06/2001,1127.68,,
1/06/2001,1122.64,,
31/05/2001,1121.09,,
30/05/2001,1120.56,,
29/05/2001,1136.42,,
28/05/2001,1143.95,,
25/05/2001,1143.75,,
24/05/2001,1154.27,,
23/05/2001,1153.57,,
22/05/2001,1166.37,,
21/05/2001,1168.5,,
18/05/2001,1155.99,,
17/05/2001,1155.64,,
16/05/2001,1148.86,,
15/05/2001,1131.69,,
14/05/2001,1125.21,,
11/05/2001,1132.91,,
10/05/2001,1141.98,,
9/05/2001,1137.11,,
8/05/2001,1144.19,,
7/05/2001,1151.14,,
4/05/2001,1150.75,,
3/05/2001,1139.21,,
2/05/2001,1153.8,,
1/05/2001,1153.09,,
30/04/2001,1138.09,,
27/04/2001,1137.86,,
26/04/2001,1128.38,,
25/04/2001,1120.2,,
24/04/2001,1108.9,,
23/04/2001,1117.04,,
20/04/2001,1130.58,,
19/04/2001,1135.06,,
18/04/2001,1118.76,,
17/04/2001,1085.9,,
16/04/2001,1082.29,,
13/04/2001,1088.11,,
12/04/2001,1088.62,,
11/04/2001,1075.41,,
10/04/2001,1075.24,,
9/04/2001,1057.97,,
6/04/2001,1053.08,,
5/04/2001,1062.65,,
4/04/2001,1031.47,,
3/04/2001,1024.6,,
2/04/2001,1050.52,,
30/03/2001,1061.26,,
29/03/2001,1055.2,,
28/03/2001,1065.4,,
27/03/2001,1086.02,,
26/03/2001,1063.74,,
23/03/2001,1039.65,,
22/03/2001,1014.63,,
21/03/2001,1039.6,,
20/03/2001,1052.21,,
19/03/2001,1059.48,,
16/03/2001,1050.53,,
15/03/2001,1075.17,,
14/03/2001,1066.23,,
13/03/2001,1090.84,,
12/03/2001,1093.1,,
9/03/2001,1133.75,,
8/03/2001,1152.92,,
7/03/2001,1152.02,,
6/03/2001,1149.1,,
5/03/2001,1135.52,,
2/03/2001,1130.22,,
1/03/2001,1137.19,,
28/02/2001,1137.88,,
27/02/2001,1149.08,,
26/02/2001,1150.12,,
23/02/2001,1134.8,,
22/02/2001,1142.87,,
21/02/2001,1146.8,,
20/02/2001,1162.4,,
19/02/2001,1179.56,,
16/02/2001,1180.34,,
15/02/2001,1196.28,,
14/02/2001,1191.44,,
13/02/2001,1198.79,,
12/02/2001,1207.96,,
9/02/2001,1194.63,,
8/02/2001,1207.95,,
7/02/2001,1219.2,,
6/02/2001,1230.11,,
5/02/2001,1232.54,,
2/02/2001,1229.95,,
1/02/2001,1249.18,,
31/01/2001,1244.22,,
30/01/2001,1243.55,,
29/01/2001,1236.39,,
26/01/2001,1231.86,,
25/01/2001,1233.86,,
24/01/2001,1236.39,,
23/01/2001,1238.2,,
22/01/2001,1229.82,,
19/01/2001,1229.6,,
18/01/2001,1233.7,,
17/01/2001,1219.39,,
16/01/2001,1212.34,,
15/01/2001,1210.64,,
12/01/2001,1211.98,,
11/01/2001,1213.19,,
10/01/2001,1202.42,,
9/01/2001,1200.3,,
8/01/2001,1206.86,,
5/01/2001,1211.43,,
4/01/2001,1227.17,,
3/01/2001,1227.49,,
2/01/2001,1201.87,,
1/01/2001,1221.25,,
29/12/2000,1221.25,,
28/12/2000,1222.04,,
27/12/2000,1219.15,,
26/12/2000,1206.91,,
25/12/2000,1201.88,,
22/12/2000,1197.95,,
21/12/2000,1179.3,,
20/12/2000,1178.16,,
19/12/2000,1207.5,,
18/12/2000,1216.82,,
15/12/2000,1211.47,,
14/12/2000,1233.08,,
13/12/2000,1245.03,,
12/12/2000,1253.39,,
11/12/2000,1259.1,,
8/12/2000,1245.38,,
7/12/2000,1230.66,,
6/12/2000,1236.41,,
5/12/2000,1248.26,,
4/12/2000,1216.2,,
1/12/2000,1210.53,,
30/11/2000,1203.05,,
29/11/2000,1218.67,,
28/11/2000,1217.8,,
27/11/2000,1227.6,,
24/11/2000,1214.76,,
23/11/2000,1200.92,,
22/11/2000,1198.67,,
21/11/2000,1222.02,,
20/11/2000,1221.84,,
17/11/2000,1243.87,,
16/11/2000,1248.52,,
15/11/2000,1264.26,,
14/11/2000,1258.67,,
13/11/2000,1235.31,,
10/11/2000,1252.45,,
9/11/2000,1274.76,,
8/11/2000,1284.65,,
7/11/2000,1299.05,,
6/11/2000,1300.05,,
3/11/2000,1295.78,,
2/11/2000,1293.27,,
1/11/2000,1288.21,,
31/10/2000,1282.14,,
30/10/2000,1261.5,,
27/10/2000,1253.72,,
26/10/2000,1238.11,,
25/10/2000,1240.83,,
24/10/2000,1264.39,,
23/10/2000,1255.08,,
20/10/2000,1252.56,,
19/10/2000,1244.27,,
18/10/2000,1216.99,,
17/10/2000,1228.02,,
16/10/2000,1245.87,,
13/10/2000,1247.98,,
12/10/2000,1226.48,,
11/10/2000,1247.31,,
10/10/2000,1269.42,,
9/10/2000,1276.51,,
6/10/2000,1289.48,,
5/10/2000,1305.72,,
4/10/2000,1304.13,,
3/10/2000,1302.84,,
2/10/2000,1307.24,,
29/09/2000,1305.24,,
28/09/2000,1312.46,,
27/09/2000,1297.53,,
26/09/2000,1299.7,,
25/09/2000,1308.01,,
22/09/2000,1309.53,,
21/09/2000,1303.03,,
20/09/2000,1308.38,,
19/09/2000,1316.4,,
18/09/2000,1307.98,,
15/09/2000,1326.19,,
14/09/2000,1336.42,,
13/09/2000,1335.75,,
12/09/2000,1336.41,,
11/09/2000,1345.15,,
8/09/2000,1353.77,,
7/09/2000,1365.52,,
6/09/2000,1364.4,,
5/09/2000,1380.38,,
4/09/2000,1398.42,,
1/09/2000,1395.15,,
31/08/2000,1379.87,,
30/08/2000,1374.85,,
29/08/2000,1383.41,,
28/08/2000,1388.21,,
25/08/2000,1383.45,,
24/08/2000,1378.79,,
23/08/2000,1374.6,,
22/08/2000,1371.26,,
21/08/2000,1370.97,,
18/08/2000,1370.69,,
17/08/2000,1374.48,,
16/08/2000,1371.31,,
15/08/2000,1370.86,,
14/08/2000,1369.14,,
11/08/2000,1357.52,,
10/08/2000,1353.64,,
9/08/2000,1356.35,,
8/08/2000,1356.3,,
7/08/2000,1357.17,,
4/08/2000,1345.52,,
3/08/2000,1336.49,,
2/08/2000,1341.13,,
1/08/2000,1343.45,,
31/07/2000,1337.65,,
28/07/2000,1329.38,,
27/07/2000,1353.73,,
26/07/2000,1364.08,,
25/07/2000,1374.14,,
24/07/2000,1369.57,,
21/07/2000,1377.75,,
20/07/2000,1391.49,,
19/07/2000,1381.31,,
18/07/2000,1389.23,,
17/07/2000,1405.83,,
14/07/2000,1404.51,,
13/07/2000,1395.93,,
12/07/2000,1400.19,,
11/07/2000,1396.12,,
10/07/2000,1395.88,,
7/07/2000,1394.35,,
6/07/2000,1378.76,,
5/07/2000,1376.18,,
4/07/2000,1388.26,,
3/07/2000,1388.85,,
30/06/2000,1377.72,,
29/06/2000,1366.25,,
28/06/2000,1376.13,,
27/06/2000,1369.55,,
26/06/2000,1368.01,,
23/06/2000,1365.73,,
22/06/2000,1374.65,,
21/06/2000,1390.58,,
20/06/2000,1394.38,,
19/06/2000,1392.61,,
16/06/2000,1380.48,,
15/06/2000,1385.13,,
14/06/2000,1390.05,,
13/06/2000,1387.1,,
12/06/2000,1376.86,,
9/06/2000,1379.61,,
8/06/2000,1385.37,,
7/06/2000,1391.89,,
6/06/2000,1390.11,,
5/06/2000,1388.46,,
2/06/2000,1390.18,,
1/06/2000,1356.12,,
31/05/2000,1334.14,,
30/05/2000,1337.95,,
29/05/2000,1307.96,,
26/05/2000,1302.29,,
25/05/2000,1301.02,,
24/05/2000,1300.42,,
23/05/2000,1295.39,,
22/05/2000,1302.55,,
19/05/2000,1314.59,,
18/05/2000,1340.34,,
17/05/2000,1345.57,,
16/05/2000,1369.78,,
15/05/2000,1352.21,,
12/05/2000,1344.75,,
11/05/2000,1327.87,,
10/05/2000,1317.04,,
9/05/2000,1335.83,,
8/05/2000,1348.43,,
5/05/2000,1357.15,,
4/05/2000,1345.56,,
3/05/2000,1348.08,,
2/05/2000,1378.14,,
1/05/2000,1379.51,,
28/04/2000,1370.11,,
27/04/2000,1369.97,,
26/04/2000,1379.56,,
25/04/2000,1384.11,,
24/04/2000,1363.39,,
21/04/2000,1362.52,,
20/04/2000,1362.99,,
19/04/2000,1357.04,,
18/04/2000,1360.99,,
17/04/2000,1333.9,,
14/04/2000,1329.98,,
13/04/2000,1384.06,,
12/04/2000,1402.15,,
11/04/2000,1417.99,,
10/04/2000,1429.58,,
7/04/2000,1432.62,,
6/04/2000,1421.05,,
5/04/2000,1411.03,,
4/04/2000,1420.99,,
3/04/2000,1426.94,,
31/03/2000,1431.94,,
30/03/2000,1419.58,,
29/03/2000,1443.74,,
28/03/2000,1445.78,,
27/03/2000,1448.76,,
24/03/2000,1447.93,,
23/03/2000,1436.53,,
22/03/2000,1421.47,,
21/03/2000,1421.68,,
20/03/2000,1402.37,,
17/03/2000,1399.44,,
16/03/2000,1392.79,,
15/03/2000,1348.61,,
14/03/2000,1342.83,,
13/03/2000,1353.89,,
10/03/2000,1373.68,,
9/03/2000,1375.57,,
8/03/2000,1354.19,,
7/03/2000,1356.14,,
6/03/2000,1375.61,,
3/03/2000,1383.94,,
2/03/2000,1370.66,,
1/03/2000,1359.03,,
29/02/2000,1340.58,,
28/02/2000,1330.35,,
25/02/2000,1332.04,,
24/02/2000,1337.98,,
23/02/2000,1342,,
22/02/2000,1330.4,,
21/02/2000,1323.54,,
18/02/2000,1333.48,,
17/02/2000,1356.94,,
16/02/2000,1350.4,,
15/02/2000,1353.77,,
14/02/2000,1359.94,,
11/02/2000,1365,,
10/02/2000,1379.69,,
9/02/2000,1381.36,,
8/02/2000,1391.96,,
7/02/2000,1374.92,,
4/02/2000,1380.88,,
3/02/2000,1378.74,,
2/02/2000,1356.33,,
1/02/2000,1348.85,,
31/01/2000,1338.25,,
28/01/2000,1334.47,,
27/01/2000,1357.12,,
26/01/2000,1355.46,,
25/01/2000,1352.8,,
24/01/2000,1357.16,,
21/01/2000,1376.52,,
20/01/2000,1380.78,,
19/01/2000,1386.18,,
18/01/2000,1391.6,,
17/01/2000,1408.31,,
14/01/2000,1402.14,,
13/01/2000,1390.3,,
12/01/2000,1377.98,,
11/01/2000,1386.34,,
10/01/2000,1391.11,,
7/01/2000,1375.88,,
6/01/2000,1344.06,,
5/01/2000,1359.54,,
4/01/2000,1378.31,,
3/01/2000,1422.18,,
31/12/1999,1420.89,,
30/12/1999,1419.18,,
29/12/1999,1412.61,,
28/12/1999,1406.64,,
27/12/1999,1402.09,,
24/12/1999,1405.08,,
23/12/1999,1401.23,,
22/12/1999,1381,,
21/12/1999,1370.74,,
20/12/1999,1365.97,,
17/12/1999,1362.31,,
16/12/1999,1358.41,,
15/12/1999,1347.09,,
14/12/1999,1345.89,,
13/12/1999,1354.65,,
10/12/1999,1356.69,,
9/12/1999,1352.66,,
8/12/1999,1348.39,,
7/12/1999,1353.63,,
6/12/1999,1355.2,,
3/12/1999,1350.78,,
2/12/1999,1330.2,,
1/12/1999,1324.35,,
30/11/1999,1315.68,,
29/11/1999,1336,,
26/11/1999,1341.77,,
25/11/1999,1336.96,,
24/11/1999,1330.22,,
23/11/1999,1329.19,,
22/11/1999,1333.18,,
19/11/1999,1332.78,,
18/11/1999,1333.91,,
17/11/1999,1323.27,,
16/11/1999,1322.9,,
15/11/1999,1310.42,,
12/11/1999,1308.16,,
11/11/1999,1303.93,,
10/11/1999,1296.32,,
9/11/1999,1286.64,,
8/11/1999,1288.73,,
5/11/1999,1286.96,,
4/11/1999,1286.29,,
3/11/1999,1276.99,,
2/11/1999,1273.58,,
1/11/1999,1276.33,,
29/10/1999,1280.94,,
28/10/1999,1257.36,,
27/10/1999,1230.6,,
26/10/1999,1228.61,,
25/10/1999,1231.31,,
22/10/1999,1234.74,,
21/10/1999,1221.39,,
20/10/1999,1224.05,,
19/10/1999,1208.33,,
18/10/1999,1197.4,,
15/10/1999,1203.51,,
14/10/1999,1226.16,,
13/10/1999,1225.69,,
12/10/1999,1246.41,,
11/10/1999,1257.98,,
8/10/1999,1255.99,,
7/10/1999,1249.57,,
6/10/1999,1246.98,,
5/10/1999,1233.4,,
4/10/1999,1233.85,,
1/10/1999,1220.45,,
30/09/1999,1218.9,,
29/09/1999,1205.69,,
28/09/1999,1213.25,,
27/09/1999,1211.34,,
24/09/1999,1207.6,,
23/09/1999,1217.66,,
22/09/1999,1231.33,,
21/09/1999,1237.17,,
20/09/1999,1247.96,,
17/09/1999,1243.91,,
16/09/1999,1237.62,,
15/09/1999,1244.12,,
14/09/1999,1254.82,,
13/09/1999,1259.83,,
10/09/1999,1264,,
9/09/1999,1264.33,,
8/09/1999,1255.02,,
7/09/1999,1258.79,,
6/09/1999,1265.64,,
3/09/1999,1260.55,,
2/09/1999,1238.01,,
1/09/1999,1245.55,,
31/08/1999,1232.16,,
30/08/1999,1243.74,,
27/08/1999,1253.2,,
26/08/1999,1259.31,,
25/08/1999,1271.83,,
24/08/1999,1262.79,,
23/08/1999,1263.89,,
20/08/1999,1246.37,,
19/08/1999,1231.58,,
18/08/1999,1236.42,,
17/08/1999,1238.22,,
16/08/1999,1233.12,,
13/08/1999,1225.2,,
12/08/1999,1207.63,,
11/08/1999,1199.96,,
10/08/1999,1191.55,,
9/08/1999,1203.81,,
6/08/1999,1206.85,,
5/08/1999,1215.72,,
4/08/1999,1221.81,,
3/08/1999,1229.54,,
2/08/1999,1232.7,,
30/07/1999,1235.7,,
29/07/1999,1232.56,,
28/07/1999,1245.88,,
27/07/1999,1240.96,,
26/07/1999,1232.35,,
23/07/1999,1235.57,,
22/07/1999,1244.95,,
21/07/1999,1259.44,,
20/07/1999,1261.65,,
19/07/1999,1276.75,,
16/07/1999,1281.04,,
15/07/1999,1280.4,,
14/07/1999,1267.29,,
13/07/1999,1260.53,,
12/07/1999,1266.61,,
9/07/1999,1267.78,,
8/07/1999,1263.49,,
7/07/1999,1267.55,,
6/07/1999,1269.73,,
5/07/1999,1273.37,,
2/07/1999,1264.82,,
1/07/1999,1255.69,,
30/06/1999,1240.75,,
29/06/1999,1234.29,,
28/06/1999,1224.86,,
25/06/1999,1217.92,,
24/06/1999,1214.9,,
23/06/1999,1226.01,,
22/06/1999,1234.34,,
21/06/1999,1241.39,,
18/06/1999,1236,,
17/06/1999,1232.85,,
16/06/1999,1224.08,,
15/06/1999,1209.11,,
14/06/1999,1205.17,,
11/06/1999,1212.4,,
10/06/1999,1210.15,,
9/06/1999,1217.77,,
8/06/1999,1214.13,,
7/06/1999,1215.79,,
4/06/1999,1207.79,,
3/06/1999,1192.06,,
2/06/1999,1188.6,,
1/06/1999,1186.63,,
31/05/1999,1186.7,,
28/05/1999,1186.47,,
27/05/1999,1175.7,,
26/05/1999,1191.73,,
25/05/1999,1185.38,,
24/05/1999,1200.1,,
21/05/1999,1212,,
20/05/1999,1218.26,,
19/05/1999,1217.53,,
18/05/1999,1212.2,,
17/05/1999,1210.73,,
14/05/1999,1220.96,,
13/05/1999,1241.95,,
12/05/1999,1240.02,,
11/05/1999,1239.79,,
10/05/1999,1236.9,,
7/05/1999,1237.43,,
6/05/1999,1236.76,,
5/05/1999,1236.96,,
4/05/1999,1232.99,,
3/05/1999,1242.97,,
30/04/1999,1233.06,,
29/04/1999,1237.11,,
28/04/1999,1244.93,,
27/04/1999,1252.1,,
26/04/1999,1243.68,,
23/04/1999,1238.96,,
22/04/1999,1236.3,,
21/04/1999,1221.82,,
20/04/1999,1208.76,,
19/04/1999,1209.93,,
16/04/1999,1221.6,,
15/04/1999,1223.2,,
14/04/1999,1232.56,,
13/04/1999,1240.47,,
12/04/1999,1240.06,,
9/04/1999,1235.37,,
8/04/1999,1233.93,,
7/04/1999,1219.7,,
6/04/1999,1211.39,,
5/04/1999,1204.22,,
2/04/1999,1193.58,,
1/04/1999,1195.05,,
31/03/1999,1187.55,,
30/03/1999,1188.22,,
29/03/1999,1192.06,,
26/03/1999,1174.08,,
25/03/1999,1183.61,,
24/03/1999,1166.57,,
23/03/1999,1169.62,,
22/03/1999,1193.97,,
19/03/1999,1198.6,,
18/03/1999,1199.03,,
17/03/1999,1195.04,,
16/03/1999,1197.56,,
15/03/1999,1194.8,,
12/03/1999,1187.06,,
11/03/1999,1183.27,,
10/03/1999,1175.7,,
9/03/1999,1166.19,,
8/03/1999,1163.3,,
5/03/1999,1159.85,,
4/03/1999,1131.53,,
3/03/1999,1123.45,,
2/03/1999,1126.57,,
1/03/1999,1132.39,,
26/02/1999,1141.33,,
25/02/1999,1146.95,,
24/02/1999,1151.82,,
23/02/1999,1157.91,,
22/02/1999,1154.13,,
19/02/1999,1134.8,,
18/02/1999,1136,,
17/02/1999,1130.62,,
16/02/1999,1141.1,,
15/02/1999,1137.7,,
12/02/1999,1137.65,,
11/02/1999,1144.02,,
10/02/1999,1124.51,,
9/02/1999,1123.73,,
8/02/1999,1144.98,,
5/02/1999,1147.14,,
4/02/1999,1155.37,,
3/02/1999,1168.9,,
2/02/1999,1170.28,,
1/02/1999,1175.22,,
29/01/1999,1173.84,,
28/01/1999,1164.8,,
27/01/1999,1154.44,,
26/01/1999,1159.55,,
25/01/1999,1147.78,,
22/01/1999,1142.25,,
21/01/1999,1160,,
20/01/1999,1173.63,,
19/01/1999,1166.88,,
18/01/1999,1163.95,,
15/01/1999,1154.06,,
14/01/1999,1136.86,,
13/01/1999,1144.76,,
12/01/1999,1160.45,,
11/01/1999,1180.41,,
8/01/1999,1190.77,,
7/01/1999,1191.63,,
6/01/1999,1195.45,,
5/01/1999,1173.34,,
4/01/1999,1161.52,,
,,,
,,,
,,,
,,,
,,,
,,,
,,,
,,,
,,,
,,,
,,,
,,,
,,,
,,,
,,,
,,,
,,,
,,,
,,,
,,,
,,,
,,,
,,,
,,,
,,,
,,,
,,,
,,,
,,,
,,,
,,,
,,,
,,,
,,,
,,,
,,,
,,,
,,,
,,,
,,,
,,,
,,,
,,,
,,,
,,,
,,,
,,,
,,,
,,,
,,,
,,,
,,,
,,,
,,,
,,,
,,,
,,,
,,,
,,,
,,,
,,,
,,,
,,,
,,,
,,,
,,,
,,,
,,,
,,,
,,,
,,,
,,,
,,,
,,,
,,,
,,,
,,,
,,,
,,,
,,,
,,,
,,,
,,,
,,,
,,,
,,,
,,,
,,,
,,,
,,,
,,,
,,,
,,,
,,,
,,,
,,,
,,,
,,,
,,,
,,,
,,,
,,,
,,,
,,,
,,,
,,,
,,,
,,,
,,,
,,,
,,,
,,,
,,,
,,,
,,,
,,,
,,,
,,,
,,,
,,,
,,,
,,,
,,,
,,,
,,,
,,,
,,,
,,,
,,,
,,,
,,,
,,,
,,,
,,,
,,,
,,,
,,,
,,,
,,,
,,,
,,,
,,,
,,,
,,,
,,,
,,,
,,,
,,,
,,,
,,,
,,,
,,,
,,,
,,,
,,,
,,,
,,,
,,,
,,,
,,,
,,,
,,,
,,,
,,,
,,,
,,,
,,,
,,,
,,,
,,,
,,,
,,,
,,,
,,,
,,,
,,,
,,,
,,,
,,,
,,,
,,,
,,,
,,,
,,,
,,,
,,,
,,,
,,,
,,,
,,,
,,,
,,,
,,,
,,,
,,,
,,,
,,,
,,,
,,,
,,,
,,,
,,,
,,,
,,,
,,,
,,,
,,,
,,,
,,,
,,,
,,,
,,,
,,,
,,,
,,,
,,,
,,,
,,,
,,,
,,,
,,,
,,,
,,,
,,,
,,,
,,,
,,,
,,,
,,,
,,,
,,,
,,,
,,,
,,,
,,,
,,,
,,,
,,,
,,,
,,,
,,,
,,,
,,,
,,,
,,,
,,,
,,,
,,,
,,,
,,,
,,,
,,,
,,,
,,,
,,,
,,,
,,,
,,,
,,,
,,,
,,,
,,,
,,,
,,,
,,,
,,,
,,,
,,,
,,,
,,,
,,,
,,,
,,,
,,,
,,,
,,,
,,,
,,,
,,,
,,,
,,,
,,,
,,,
,,,
,,,
,,,
,,,
,,,
,,,
,,,
,,,
,,,
,,,
,,,
,,,
,,,
,,,
,,,
,,,
,,,
,,,
,,,
,,,
,,,
,,,
,,,
,,,
,,,
,,,
,,,
,,,
,,,
,,,
,,,
,,,
,,,
,,,
,,,
,,,
,,,
,,,
,,,
,,,
,,,
,,,
,,,
,,,
,,,
,,,
,,,
,,,
,,,
,,,
,,,
,,,
,,,
,,,
,,,
,,,
,,,
,,,
,,,
,,,
,,,
,,,
,,,
,,,
,,,
,,,
,,,
,,,
,,,
,,,
,,,
,,,
,,,
,,,
,,,
,,,
,,,
,,,
,,,
,,,
,,,
,,,
,,,
,,,
,,,
,,,
,,,
,,,
,,,
,,,
,,,
,,,
,,,
,,,
,,,
,,,
,,,
,,,
,,,
,,,
,,,
,,,
,,,
,,,
,,,
,,,
,,,
,,,
,,,
,,,
,,,
,,,
,,,
,,,
,,,
,,,
,,,
,,,
,,,
,,,
,,,
,,,
,,,
,,,
,,,
,,,
,,,
,,,
,,,
,,,
,,,
,,,
,,,
,,,
,,,
,,,
,,,
,,,
,,,
,,,
,,,
,,,
,,,
,,,
,,,
,,,
,,,
,,,
,,,
,,,
,,,
,,,
,,,
,,,
,,,
,,,
,,,
,,,
,,,
,,,
,,,
,,,
,,,
,,,
,,,
,,,
,,,
,,,
,,,
,,,
,,,
,,,
,,,
,,,
,,,
,,,
,,,
,,,
,,,
,,,
,,,
,,,
,,,
,,,
,,,
,,,
,,,
,,,
,,,
,,,
,,,
,,,
,,,
,,,
,,,
,,,
,,,
,,,
,,,
,,,
,,,
,,,
,,,
,,,
,,,
,,,
,,,
,,,
,,,
,,,
,,,
,,,
,,,
,,,
,,,
,,,
,,,
,,,
,,,
,,,
,,,
,,,
,,,
,,,
,,,
,,,
,,,
,,,
,,,
,,,
,,,
,,,
,,,
,,,
,,,
,,,
,,,
,,,
,,,
,,,
,,,
,,,
,,,
,,,
,,,
,,,
,,,
,,,
,,,
,,,
,,,
,,,
,,,
,,,
,,,
,,,
,,,
,,,
,,,
,,,
,,,
,,,
,,,
,,,
,,,
,,,
,,,
,,,
,,,
,,,
,,,
,,,
,,,
,,,
,,,
,,,
,,,
,,,
,,,
,,,
,,,
,,,
,,,
,,,
,,,
,,,
,,,
,,,
,,,
,,,
,,,
,,,
,,,
,,,
,,,
,,,
,,,
,,,
,,,
,,,
,,,
,,,
,,,
,,,
,,,
,,,
,,,
,,,
,,,
,,,
,,,
,,,
,,,
,,,
,,,
,,,
,,,
,,,
,,,
,,,
,,,
,,,
,,,
,,,
,,,
,,,
,,,
,,,
,,,
,,,
,,,
,,,
,,,
,,,
,,,
,,,
,,,
,,,
,,,
,,,
,,,
,,,
,,,
,,,
,,,
,,,
,,,
,,,
,,,
,,,
,,,
,,,
,,,
,,,
,,,
,,,
,,,
,,,
,,,
,,,
,,,
,,,
,,,
,,,
,,,
,,,
,,,
,,,
,,,
,,,
,,,
,,,
,,,
,,,
,,,
,,,
,,,
,,,
,,,
,,,
,,,
,,,
,,,
,,,
,,,
,,,
,,,
,,,
,,,
,,,
,,,
,,,
,,,
,,,
,,,
,,,
,,,
,,,
,,,
,,,
,,,
,,,
,,,
,,,
,,,
,,,
,,,
,,,
,,,
,,,
,,,
,,,
,,,
,,,
,,,
,,,
,,,
,,,
,,,
,,,
,,,
,,,
,,,
,,,
,,,
,,,
,,,
,,,
,,,
,,,
,,,
,,,
,,,
,,,
,,,
,,,
,,,
,,,
,,,
,,,
,,,
,,,
,,,
,,,
,,,
,,,
,,,
,,,
,,,
,,,
,,,
,,,
,,,
,,,
,,,
,,,
,,,
,,,
,,,
,,,
,,,
,,,
,,,
,,,
,,,
,,,
,,,
,,,
,,,
,,,
,,,
,,,
,,,
,,,
,,,
,,,
,,,
,,,
,,,
,,,
,,,
,,,
,,,
,,,
,,,
,,,
,,,
,,,
,,,
,,,
,,,
,,,
,,,
,,,
,,,
,,,
,,,
,,,
,,,
,,,
,,,
,,,
,,,
,,,
,,,
,,,
,,,
,,,
,,,
,,,
,,,
,,,
,,,
,,,
,,,
,,,
,,,
,,,
,,,
,,,
,,,
,,,
,,,
,,,
,,,
,,,
,,,
,,,
,,,
,,,
,,,
,,,
,,,
,,,
,,,
,,,
,,,
,,,
,,,
,,,
,,,
,,,
,,,
,,,
,,,
,,,
,,,
,,,
,,,
,,,
,,,
,,,
,,,
,,,
,,,
,,,
,,,
,,,
,,,
,,,
,,,
,,,
,,,
,,,
,,,
,,,
,,,
,,,
,,,
,,,
,,,
,,,
,,,
,,,
,,,
,,,
,,,
,,,
,,,
,,,
,,,
,,,
,,,
,,,
,,,
,,,
,,,
,,,
,,,
,,,
,,,
,,,
,,,
,,,
,,,
,,,
,,,
,,,
,,,
,,,
,,,
,,,
,,,
,,,
,,,
,,,
,,,
,,,
,,,
,,,
,,,
,,,
,,,
,,,
,,,
,,,
,,,
,,,
,,,
,,,
,,,
,,,
,,,
,,,
,,,
,,,
,,,
,,,
,,,
,,,
,,,
,,,
,,,
,,,
,,,
,,,
,,,
,,,
,,,
,,,
,,,
,,,
,,,
,,,
,,,
,,,
,,,
,,,
,,,
,,,
,,,
,,,
,,,
,,,
,,,
,,,
,,,
,,,
,,,
,,,
,,,
,,,
,,,
,,,
,,,
,,,
,,,
,,,
,,,
,,,
,,,
,,,
,,,
,,,
,,,
,,,
,,,
,,,
,,,
,,,
,,,
,,,
,,,
,,,
,,,
,,,
,,,
,,,
,,,
,,,
,,,
,,,
,,,
,,,
,,,
,,,
,,,
,,,
,,,
,,,
,,,
,,,
,,,
,,,
,,,
,,,
,,,
,,,
,,,
,,,
,,,
,,,
,,,
,,,
,,,
,,,
,,,
,,,
,,,
,,,
,,,
,,,
,,,
,,,
,,,
,,,
,,,
,,,
,,,
,,,
,,,
,,,
,,,
,,,
,,,
,,,
,,,
,,,
,,,
,,,
,,,
,,,
,,,
,,,
,,,
,,,
,,,
,,,
,,,
,,,
,,,
,,,
,,,
,,,
,,,
,,,
,,,
,,,
,,,
,,,
,,,
,,,
,,,
,,,
,,,
,,,
,,,
,,,
,,,
,,,
,,,
,,,
,,,
,,,
,,,
,,,
,,,
,,,
,,,
,,,
,,,
,,,
,,,
,,,
,,,
,,,
,,,
,,,
,,,
,,,
,,,
,,,
,,,
,,,
,,,
,,,
,,,
,,,
,,,
,,,
,,,
,,,
,,,
,,,
,,,
,,,
,,,
,,,
,,,
,,,
,,,
,,,
,,,
,,,
,,,
,,,
,,,
,,,
,,,
,,,
,,,
,,,
,,,
,,,
,,,
,,,
,,,
,,,
,,,
,,,
,,,
,,,
,,,
,,,
,,,
,,,
,,,
,,,
,,,
,,,
,,,
,,,
,,,
,,,
,,,
,,,
,,,
,,,
,,,
,,,
,,,
,,,
,,,
,,,
,,,
,,,
,,,
,,,
,,,
,,,
,,,
,,,
,,,
,,,
,,,
,,,
,,,
,,,
,,,
,,,
,,,
,,,
,,,
,,,
,,,
,,,
,,,
,,,
,,,
,,,
,,,
,,,
,,,
,,,
,,,
,,,
,,,
,,,
,,,
,,,
,,,
,,,
,,,
,,,
,,,
,,,
,,,
,,,
,,,
,,,
,,,
,,,
,,,
,,,
,,,
,,,
,,,
,,,
,,,
,,,
,,,
,,,
,,,
,,,
,,,
,,,
,,,
,,,
,,,
,,,
,,,
,,,
,,,
,,,
,,,
,,,
,,,
,,,
,,,
,,,
,,,
,,,
,,,
,,,
,,,
,,,
,,,
,,,
,,,
,,,
,,,
,,,
,,,
,,,
,,,
,,,
,,,
,,,
,,,
,,,
,,,
,,,
,,,
,,,
,,,
,,,
,,,
,,,
,,,
,,,
,,,
,,,
,,,
,,,
,,,
,,,
,,,
,,,
,,,
,,,
,,,
,,,
,,,
,,,
,,,
,,,
,,,
,,,
,,,
,,,
,,,
,,,
,,,
,,,
,,,
,,,
,,,
,,,
,,,
,,,
,,,
,,,
,,,
,,,
,,,
,,,
,,,
,,,
,,,
,,,
,,,
,,,
,,,
,,,
,,,
,,,
,,,
,,,
,,,
,,,
,,,
,,,
,,,
,,,
,,,
,,,
,,,
,,,
,,,
,,,
,,,
,,,
,,,
,,,
,,,
,,,
,,,
,,,
,,,
,,,
,,,
,,,
,,,
,,,
,,,
,,,
,,,
,,,
,,,
,,,
,,,
,,,
,,,
,,,
,,,
,,,
,,,
,,,
,,,
,,,
,,,
,,,
,,,
,,,
,,,
,,,
,,,
,,,
,,,
,,,
,,,
,,,
,,,
,,,
,,,
,,,
,,,
,,,
,,,
,,,
,,,
,,,
,,,
,,,
,,,
,,,
,,,
,,,
,,,
,,,
,,,
,,,
,,,
,,,
,,,
,,,
,,,
,,,
,,,
,,,
,,,
,,,
,,,
,,,
,,,
,,,
,,,
,,,
,,,
,,,
,,,
,,,
,,,
,,,
,,,
,,,
,,,
,,,
,,,
,,,
,,,
,,,
,,,
,,,
,,,
,,,
,,,
,,,
,,,
,,,
,,,
,,,
,,,
,,,
,,,
,,,
,,,
,,,
,,,
,,,
,,,
,,,
,,,
,,,
,,,
,,,
,,,
,,,
,,,
,,,
,,,
,,,
,,,
,,,
,,,
,,,
,,,
,,,
,,,
,,,
,,,
,,,
,,,
,,,
,,,
,,,
,,,
,,,
,,,
,,,
,,,
,,,
,,,
,,,
,,,
,,,
,,,
,,,
,,,
,,,
,,,
,,,
,,,
,,,
,,,
,,,
,,,
,,,
,,,
,,,
,,,
,,,
,,,
,,,
,,,
,,,
,,,
,,,
,,,
,,,
,,,
,,,
,,,
,,,
,,,
,,,
,,,
,,,
,,,
,,,
,,,
,,,
,,,
,,,
,,,
,,,
,,,
,,,
,,,
,,,
,,,
,,,
,,,
,,,
,,,
,,,
,,,
,,,
,,,
,,,
,,,
,,,
,,,
,,,
,,,
,,,
,,,
,,,
,,,
,,,
,,,
,,,
,,,
,,,
,,,
,,,
,,,
,,,
,,,
,,,
,,,
,,,
,,,
,,,
,,,
,,,
,,,
,,,
,,,
,,,
,,,
,,,
,,,
,,,
,,,
,,,
,,,
,,,
,,,
,,,
,,,
,,,
,,,
,,,
,,,
,,,
,,,
,,,
,,,
,,,
,,,
,,,
,,,
,,,
,,,
,,,
,,,
,,,
,,,
,,,
,,,
,,,
,,,
,,,
,,,
,,,
,,,
,,,
,,,
,,,
,,,
,,,
,,,
,,,
,,,
,,,
,,,
,,,
,,,
,,,
,,,
,,,
,,,
,,,
,,,
,,,
,,,
,,,
,,,
,,,
,,,
,,,
,,,
,,,
,,,
,,,
,,,
,,,
,,,
,,,
,,,
,,,
,,,
,,,
,,,
,,,
,,,
,,,
,,,
,,,
,,,
,,,
,,,
,,,
,,,
,,,
,,,
,,,
,,,
,,,
,,,
,,,
,,,
,,,
,,,
,,,
,,,
,,,
,,,
,,,
,,,
,,,
,,,
,,,
,,,
,,,
,,,
,,,
,,,
,,,
,,,
,,,
,,,
,,,
,,,
,,,
,,,
,,,
,,,
,,,
,,,
,,,
,,,
,,,
,,,
,,,
,,,
,,,
,,,
,,,
,,,
,,,
,,,
,,,
,,,
,,,
,,,
,,,
,,,
,,,
,,,
,,,
,,,
,,,
,,,
,,,
,,,
,,,
,,,
,,,
,,,
,,,
,,,
,,,
,,,
,,,
,,,
,,,
,,,
,,,
,,,
,,,
,,,
,,,
,,,
,,,
,,,
,,,
,,,
,,,
,,,
,,,
,,,
,,,
,,,
,,,
,,,
,,,
,,,
,,,
,,,
,,,
,,,
,,,
,,,
,,,
,,,
,,,
,,,
,,,
,,,
,,,
,,,
,,,
,,,
,,,
,,,
,,,
,,,
,,,
,,,
,,,
,,,
,,,
,,,
,,,
,,,
,,,
,,,
,,,
,,,
,,,
,,,
,,,
,,,
,,,
,,,
,,,
,,,
,,,
,,,
,,,
,,,
,,,
,,,
,,,
,,,
,,,
,,,
,,,
,,,
,,,
,,,
,,,
,,,
,,,
,,,
,,,
,,,
,,,
,,,
,,,
,,,
,,,
,,,
,,,
,,,
,,,
,,,
,,,
,,,
,,,
,,,
,,,
,,,
,,,
,,,
,,,
,,,
,,,
,,,
,,,
,,,
,,,
,,,
,,,
,,,
,,,
,,,
,,,
,,,
,,,
,,,
,,,
,,,
,,,
,,,
,,,
,,,
,,,
,,,
,,,
,,,
,,,
,,,
,,,
,,,
,,,
,,,
,,,
,,,
,,,
,,,
,,,
,,,
,,,
,,,
,,,
,,,
,,,
,,,
,,,
,,,
,,,
,,,
,,,
,,,
,,,
,,,
,,,
,,,
,,,
,,,
,,,
,,,
,,,
,,,
,,,
,,,
,,,
,,,
,,,
,,,
,,,
,,,
,,,
,,,
,,,
,,,
,,,
,,,
,,,
,,,
,,,
,,,
,,,
,,,
,,,
,,,
,,,
,,,
,,,
,,,
,,,
,,,
,,,
,,,
,,,
,,,
,,,
,,,
,,,
,,,
,,,
,,,
,,,
,,,
,,,
,,,
,,,
,,,
,,,
,,,
,,,
,,,
,,,
,,,
,,,
,,,
,,,
,,,
,,,
,,,
,,,
,,,
,,,
,,,
,,,
,,,
,,,
,,,
,,,
,,,
,,,
,,,
,,,
,,,
,,,
,,,
,,,
,,,
,,,
,,,
,,,
,,,
,,,
,,,
,,,
,,,
,,,
,,,
,,,
,,,
,,,
,,,
,,,
,,,
,,,
,,,
,,,
,,,
,,,
,,,
,,,
,,,
,,,
,,,
,,,
,,,
,,,
,,,
,,,
,,,
,,,
,,,
,,,
,,,
,,,
,,,
,,,
,,,
,,,
,,,
,,,
,,,
,,,
,,,
,,,
,,,
,,,
,,,
,,,
,,,
,,,
,,,
,,,
,,,
,,,
,,,
,,,
,,,
,,,
,,,
,,,
,,,
,,,
,,,
,,,
,,,
,,,
,,,
,,,
,,,
,,,
,,,
,,,
,,,
,,,
,,,
,,,
,,,
,,,
,,,
,,,
,,,
,,,
,,,
,,,
,,,
,,,
,,,
,,,
,,,
,,,
,,,
,,,
,,,
,,,
,,,
,,,
,,,
,,,
,,,
,,,
,,,
,,,
,,,
,,,
,,,
,,,
,,,
,,,
,,,
,,,
,,,
,,,
,,,
,,,
,,,
,,,
,,,
,,,
,,,
,,,
,,,
,,,
,,,
,,,
,,,
,,,
,,,
,,,
,,,
,,,
,,,
,,,
,,,
,,,
,,,
,,,
,,,
,,,
,,,
,,,
,,,
,,,
,,,
,,,
,,,
,,,
,,,
,,,
,,,
,,,
,,,
,,,
,,,
,,,
,,,
,,,
,,,
,,,
,,,
,,,
,,,
,,,
,,,
,,,
,,,
,,,
,,,
,,,
,,,
,,,
,,,
,,,
,,,
,,,
,,,
,,,
,,,
,,,
,,,
,,,
,,,
,,,
,,,
,,,
,,,
,,,
,,,
,,,
,,,
,,,
,,,
,,,
,,,
,,,
,,,
,,,
,,,
,,,
,,,
,,,
,,,
,,,
,,,
,,,
,,,
,,,
,,,
,,,
,,,
,,,
,,,
,,,
,,,
,,,
,,,
,,,
,,,
,,,
,,,
,,,
,,,
,,,
,,,
,,,
,,,
,,,
,,,
,,,
,,,
,,,
,,,
,,,
,,,
,,,
,,,
,,,
,,,
,,,
,,,
,,,
,,,
,,,
,,,
,,,
,,,
,,,
,,,
,,,
,,,
,,,
,,,
,,,
,,,
,,,
,,,
,,,
,,,
,,,
,,,
,,,
,,,
,,,
,,,
,,,
,,,
,,,
,,,
,,,
,,,
,,,
,,,
,,,
,,,
,,,
,,,
,,,
,,,
,,,
,,,
,,,
,,,
,,,
,,,
,,,
,,,
,,,
,,,
,,,
,,,
,,,
,,,
,,,
,,,
,,,
,,,
,,,
,,,
,,,
,,,
,,,
,,,
,,,
,,,
,,,
,,,
,,,
,,,
,,,
,,,
,,,
,,,
,,,
,,,
,,,
,,,
,,,
,,,
,,,
,,,
,,,
,,,
,,,
,,,
,,,
,,,
,,,
,,,
,,,
,,,
,,,
,,,
,,,
,,,
,,,
,,,
,,,
,,,
,,,
,,,
,,,
,,,
,,,
,,,
,,,
,,,
,,,
,,,
,,,
,,,
,,,
,,,
,,,
,,,
,,,
,,,
,,,
,,,
,,,
,,,
,,,
,,,
,,,
,,,
,,,
,,,
,,,
,,,
,,,
,,,
,,,
,,,
,,,
,,,
,,,
,,,
,,,
,,,
,,,
,,,
,,,
,,,
,,,
,,,
,,,
,,,
,,,
,,,
,,,
,,,
,,,
,,,
,,,
,,,
,,,
,,,
,,,
,,,
,,,
,,,
,,,
,,,
,,,
,,,
,,,
,,,
,,,
,,,
,,,
,,,
,,,
,,,
,,,
,,,
,,,
,,,
,,,
,,,
,,,
,,,
,,,
,,,
,,,
,,,
,,,
,,,
,,,
,,,
,,,
,,,
,,,
,,,
,,,
,,,
,,,
,,,
,,,
,,,
,,,
,,,
,,,
,,,
,,,
,,,
,,,
,,,
,,,
,,,
,,,
,,,
,,,
,,,
,,,
,,,
,,,
,,,
,,,
