Date,NASDAQ
2/04/2014,4276.46
1/04/2014,4268.04
31/03/2014,4198.99
28/03/2014,4155.76
27/03/2014,4151.23
26/03/2014,4173.58
25/03/2014,4234.27
24/03/2014,4226.39
21/03/2014,4276.79
20/03/2014,4319.29
19/03/2014,4307.6
18/03/2014,4333.31
17/03/2014,4279.95
14/03/2014,4245.4
13/03/2014,4260.42
12/03/2014,4323.33
11/03/2014,4307.19
10/03/2014,4334.45
7/03/2014,4336.22
6/03/2014,4352.13
5/03/2014,4357.97
4/03/2014,4351.97
3/03/2014,4277.3
28/02/2014,4308.12
27/02/2014,4318.93
26/02/2014,4292.06
25/02/2014,4287.59
24/02/2014,4292.97
21/02/2014,4263.41
20/02/2014,4267.55
19/02/2014,4237.95
18/02/2014,4272.78
14/02/2014,4244.02
13/02/2014,4240.67
12/02/2014,4201.29
11/02/2014,4191.05
10/02/2014,4148.17
7/02/2014,4125.86
6/02/2014,4057.12
5/02/2014,4011.55
4/02/2014,4031.52
3/02/2014,3996.96
31/01/2014,4103.88
30/01/2014,4123.13
29/01/2014,4051.43
28/01/2014,4097.96
27/01/2014,4083.61
24/01/2014,4128.17
23/01/2014,4218.88
22/01/2014,4243
21/01/2014,4225.76
17/01/2014,4197.58
16/01/2014,4218.69
15/01/2014,4214.88
14/01/2014,4183.02
13/01/2014,4113.31
10/01/2014,4174.67
9/01/2014,4156.19
8/01/2014,4165.61
7/01/2014,4153.18
6/01/2014,4113.68
3/01/2014,4131.91
2/01/2014,4143.07
31/12/2013,4176.59
30/12/2013,4154.2
27/12/2013,4156.59
26/12/2013,4167.18
24/12/2013,4155.42
23/12/2013,4148.9
20/12/2013,4104.74
19/12/2013,4058.14
18/12/2013,4070.06
17/12/2013,4023.68
16/12/2013,4029.52
13/12/2013,4000.98
12/12/2013,3998.4
11/12/2013,4003.81
10/12/2013,4060.49
9/12/2013,4068.75
6/12/2013,4062.52
5/12/2013,4033.17
4/12/2013,4038
3/12/2013,4037.2
2/12/2013,4045.26
29/11/2013,4059.89
27/11/2013,4044.75
26/11/2013,4017.75
25/11/2013,3994.57
22/11/2013,3991.65
21/11/2013,3969.16
20/11/2013,3921.27
19/11/2013,3931.55
18/11/2013,3949.07
15/11/2013,3985.97
14/11/2013,3972.74
13/11/2013,3965.58
12/11/2013,3919.92
11/11/2013,3919.79
8/11/2013,3919.23
7/11/2013,3857.33
6/11/2013,3931.95
5/11/2013,3939.86
4/11/2013,3936.59
1/11/2013,3922.04
31/10/2013,3919.71
30/10/2013,3930.62
29/10/2013,3952.34
28/10/2013,3940.13
25/10/2013,3943.36
24/10/2013,3928.96
23/10/2013,3907.07
22/10/2013,3929.57
21/10/2013,3920.05
18/10/2013,3914.28
17/10/2013,3863.15
16/10/2013,3839.43
15/10/2013,3794.01
14/10/2013,3815.28
11/10/2013,3791.87
10/10/2013,3760.75
9/10/2013,3677.78
8/10/2013,3694.83
7/10/2013,3770.38
4/10/2013,3807.75
3/10/2013,3774.34
2/10/2013,3815.02
1/10/2013,3817.98
30/09/2013,3771.48
27/09/2013,3781.59
26/09/2013,3787.43
25/09/2013,3761.1
24/09/2013,3768.25
23/09/2013,3765.29
20/09/2013,3774.73
19/09/2013,3789.38
18/09/2013,3783.64
17/09/2013,3745.7
16/09/2013,3717.85
13/09/2013,3722.18
12/09/2013,3715.97
11/09/2013,3725.01
10/09/2013,3729.02
9/09/2013,3706.18
6/09/2013,3660.01
5/09/2013,3658.79
4/09/2013,3649.04
3/09/2013,3612.61
30/08/2013,3589.87
29/08/2013,3620.3
28/08/2013,3593.35
27/08/2013,3578.52
26/08/2013,3657.57
23/08/2013,3657.79
22/08/2013,3638.71
21/08/2013,3599.79
20/08/2013,3613.59
19/08/2013,3589.09
16/08/2013,3602.78
15/08/2013,3606.12
14/08/2013,3669.27
13/08/2013,3684.44
12/08/2013,3669.95
9/08/2013,3660.11
8/08/2013,3669.12
7/08/2013,3654.01
6/08/2013,3665.77
5/08/2013,3692.95
2/08/2013,3689.59
1/08/2013,3675.74
31/07/2013,3626.37
30/07/2013,3616.47
29/07/2013,3599.14
26/07/2013,3613.17
25/07/2013,3605.19
24/07/2013,3579.6
23/07/2013,3579.27
22/07/2013,3600.39
19/07/2013,3587.62
18/07/2013,3611.28
17/07/2013,3610
16/07/2013,3598.5
15/07/2013,3607.49
12/07/2013,3600.08
11/07/2013,3578.3
10/07/2013,3520.76
9/07/2013,3504.26
8/07/2013,3484.83
5/07/2013,3479.38
3/07/2013,3443.67
2/07/2013,3433.4
1/07/2013,3434.49
28/06/2013,3403.25
27/06/2013,3401.86
26/06/2013,3376.22
25/06/2013,3347.89
24/06/2013,3320.76
21/06/2013,3357.25
20/06/2013,3364.64
19/06/2013,3443.2
18/06/2013,3482.18
17/06/2013,3452.13
14/06/2013,3423.56
13/06/2013,3445.37
12/06/2013,3400.43
11/06/2013,3436.95
10/06/2013,3473.77
7/06/2013,3469.22
6/06/2013,3424.05
5/06/2013,3401.48
4/06/2013,3445.26
3/06/2013,3465.37
31/05/2013,3455.91
30/05/2013,3491.3
29/05/2013,3467.52
28/05/2013,3488.89
24/05/2013,3459.14
23/05/2013,3459.42
22/05/2013,3463.3
21/05/2013,3502.12
20/05/2013,3496.43
17/05/2013,3498.97
16/05/2013,3465.24
15/05/2013,3471.62
14/05/2013,3462.61
13/05/2013,3438.79
10/05/2013,3436.58
9/05/2013,3409.17
8/05/2013,3413.27
7/05/2013,3396.63
6/05/2013,3392.97
3/05/2013,3378.63
2/05/2013,3340.62
1/05/2013,3299.13
30/04/2013,3328.79
29/04/2013,3307.02
26/04/2013,3279.26
25/04/2013,3289.99
24/04/2013,3269.65
23/04/2013,3269.33
22/04/2013,3233.55
19/04/2013,3206.06
18/04/2013,3166.36
17/04/2013,3204.67
16/04/2013,3264.63
15/04/2013,3216.49
12/04/2013,3294.95
11/04/2013,3300.16
10/04/2013,3297.25
9/04/2013,3237.86
8/04/2013,3222.25
5/04/2013,3203.86
4/04/2013,3224.98
3/04/2013,3218.6
2/04/2013,3254.86
1/04/2013,3239.17
28/03/2013,3267.52
27/03/2013,3256.52
26/03/2013,3252.48
25/03/2013,3235.3
22/03/2013,3245
21/03/2013,3222.6
20/03/2013,3254.19
19/03/2013,3229.1
18/03/2013,3237.59
15/03/2013,3249.07
14/03/2013,3258.93
13/03/2013,3245.12
12/03/2013,3242.32
11/03/2013,3252.87
8/03/2013,3244.37
7/03/2013,3232.09
6/03/2013,3222.37
5/03/2013,3224.13
4/03/2013,3182.03
1/03/2013,3169.74
28/02/2013,3160.19
27/02/2013,3162.26
26/02/2013,3129.65
25/02/2013,3116.25
22/02/2013,3161.82
21/02/2013,3131.49
20/02/2013,3164.41
19/02/2013,3213.6
15/02/2013,3192.03
14/02/2013,3198.66
13/02/2013,3196.88
12/02/2013,3186.49
11/02/2013,3192.01
8/02/2013,3193.87
7/02/2013,3165.13
6/02/2013,3168.48
5/02/2013,3171.58
4/02/2013,3131.17
1/02/2013,3179.1
31/01/2013,3142.13
30/01/2013,3142.31
29/01/2013,3153.66
28/01/2013,3154.3
25/01/2013,3149.71
24/01/2013,3130.38
23/01/2013,3153.67
22/01/2013,3143.18
18/01/2013,3134.71
17/01/2013,3136
16/01/2013,3117.54
15/01/2013,3110.78
14/01/2013,3117.5
11/01/2013,3125.64
10/01/2013,3121.76
9/01/2013,3105.81
8/01/2013,3091.81
7/01/2013,3098.81
4/01/2013,3101.66
3/01/2013,3100.57
2/01/2013,3112.26
31/12/2012,3019.51
28/12/2012,2960.31
27/12/2012,2985.91
26/12/2012,2990.16
24/12/2012,3012.6
21/12/2012,3021.01
20/12/2012,3050.39
19/12/2012,3044.37
18/12/2012,3054.53
17/12/2012,3010.6
14/12/2012,2971.34
13/12/2012,2992.16
12/12/2012,3013.81
11/12/2012,3022.3
10/12/2012,2986.96
7/12/2012,2978.04
6/12/2012,2989.27
5/12/2012,2973.7
4/12/2012,2996.69
3/12/2012,3002.2
30/11/2012,3010.24
29/11/2012,3012.03
28/11/2012,2991.78
27/11/2012,2967.79
26/11/2012,2976.78
23/11/2012,2966.85
21/11/2012,2926.55
20/11/2012,2916.68
19/11/2012,2916.07
16/11/2012,2853.13
15/11/2012,2836.94
14/11/2012,2846.81
13/11/2012,2883.89
12/11/2012,2904.26
9/11/2012,2904.87
8/11/2012,2895.59
7/11/2012,2937.29
6/11/2012,3011.93
5/11/2012,2999.66
2/11/2012,2982.13
1/11/2012,3020.06
31/10/2012,2977.23
26/10/2012,2987.95
25/10/2012,2986.12
24/10/2012,2981.7
23/10/2012,2990.46
22/10/2012,3016.96
19/10/2012,3005.62
18/10/2012,3072.87
17/10/2012,3104.12
16/10/2012,3101.17
15/10/2012,3064.18
12/10/2012,3044.12
11/10/2012,3049.42
10/10/2012,3051.78
9/10/2012,3065.02
8/10/2012,3112.35
5/10/2012,3136.19
4/10/2012,3149.46
3/10/2012,3135.23
2/10/2012,3120.04
1/10/2012,3113.53
28/09/2012,3116.23
27/09/2012,3136.6
26/09/2012,3093.7
25/09/2012,3117.73
24/09/2012,3160.78
21/09/2012,3179.96
20/09/2012,3175.96
19/09/2012,3182.62
18/09/2012,3177.8
17/09/2012,3178.67
14/09/2012,3183.95
13/09/2012,3155.83
12/09/2012,3114.31
11/09/2012,3104.53
10/09/2012,3104.03
7/09/2012,3136.42
6/09/2012,3135.81
5/09/2012,3069.27
4/09/2012,3075.06
31/08/2012,3066.97
30/08/2012,3048.71
29/08/2012,3081.19
28/08/2012,3077.14
27/08/2012,3073.19
24/08/2012,3069.79
23/08/2012,3053.4
22/08/2012,3073.67
21/08/2012,3067.26
20/08/2012,3076.21
17/08/2012,3076.59
16/08/2012,3062.39
15/08/2012,3030.93
14/08/2012,3016.98
13/08/2012,3022.52
10/08/2012,3020.86
9/08/2012,3018.64
8/08/2012,3011.25
7/08/2012,3015.86
6/08/2012,2989.91
3/08/2012,2967.9
2/08/2012,2909.77
1/08/2012,2920.21
31/07/2012,2939.52
30/07/2012,2945.84
27/07/2012,2958.09
26/07/2012,2893.25
25/07/2012,2854.24
24/07/2012,2862.99
23/07/2012,2890.15
20/07/2012,2925.3
19/07/2012,2965.9
18/07/2012,2942.6
17/07/2012,2910.04
16/07/2012,2896.94
13/07/2012,2908.47
12/07/2012,2866.19
11/07/2012,2887.98
10/07/2012,2902.33
9/07/2012,2931.77
6/07/2012,2937.33
5/07/2012,2976.12
3/07/2012,2976.08
2/07/2012,2951.23
29/06/2012,2935.05
28/06/2012,2849.49
27/06/2012,2875.32
26/06/2012,2854.06
25/06/2012,2836.16
22/06/2012,2892.42
21/06/2012,2859.09
20/06/2012,2930.45
19/06/2012,2929.76
18/06/2012,2895.33
15/06/2012,2872.8
14/06/2012,2836.33
13/06/2012,2818.61
12/06/2012,2843.07
11/06/2012,2809.73
8/06/2012,2858.42
7/06/2012,2831.02
6/06/2012,2844.72
5/06/2012,2778.11
4/06/2012,2760.01
1/06/2012,2747.48
31/05/2012,2827.34
30/05/2012,2837.36
29/05/2012,2870.99
25/05/2012,2837.53
24/05/2012,2839.38
23/05/2012,2850.12
22/05/2012,2839.08
21/05/2012,2847.21
18/05/2012,2778.79
17/05/2012,2813.69
16/05/2012,2874.04
15/05/2012,2893.76
14/05/2012,2902.58
11/05/2012,2933.82
10/05/2012,2933.64
9/05/2012,2934.71
8/05/2012,2946.27
7/05/2012,2957.76
4/05/2012,2956.34
3/05/2012,3024.3
2/05/2012,3059.85
1/05/2012,3050.44
30/04/2012,3046.36
27/04/2012,3069.2
26/04/2012,3050.61
25/04/2012,3029.63
24/04/2012,2961.6
23/04/2012,2970.45
20/04/2012,3000.45
19/04/2012,3007.56
18/04/2012,3031.45
17/04/2012,3042.82
16/04/2012,2988.4
13/04/2012,3011.33
12/04/2012,3055.55
11/04/2012,3016.46
10/04/2012,2991.22
9/04/2012,3047.08
5/04/2012,3080.5
4/04/2012,3068.09
3/04/2012,3113.57
2/04/2012,3119.7
30/03/2012,3091.57
29/03/2012,3095.36
28/03/2012,3104.96
27/03/2012,3120.35
26/03/2012,3122.57
23/03/2012,3067.92
22/03/2012,3063.32
21/03/2012,3075.32
20/03/2012,3074.15
19/03/2012,3078.32
16/03/2012,3055.26
15/03/2012,3056.37
14/03/2012,3040.73
13/03/2012,3039.88
12/03/2012,2983.66
9/03/2012,2988.34
8/03/2012,2970.42
7/03/2012,2935.69
6/03/2012,2910.32
5/03/2012,2950.48
2/03/2012,2976.19
1/03/2012,2988.97
29/02/2012,2966.89
28/02/2012,2986.76
27/02/2012,2966.16
24/02/2012,2963.75
23/02/2012,2956.98
22/02/2012,2933.17
21/02/2012,2948.57
17/02/2012,2951.78
16/02/2012,2959.85
15/02/2012,2915.83
14/02/2012,2931.83
13/02/2012,2931.39
10/02/2012,2903.88
9/02/2012,2927.23
8/02/2012,2915.86
7/02/2012,2904.08
6/02/2012,2901.99
3/02/2012,2905.66
2/02/2012,2859.68
1/02/2012,2848.27
31/01/2012,2813.84
30/01/2012,2811.94
27/01/2012,2816.55
26/01/2012,2805.28
25/01/2012,2818.31
24/01/2012,2786.64
23/01/2012,2784.17
20/01/2012,2786.7
19/01/2012,2788.33
18/01/2012,2769.71
17/01/2012,2728.08
13/01/2012,2710.67
12/01/2012,2724.7
11/01/2012,2710.76
10/01/2012,2702.5
9/01/2012,2676.56
6/01/2012,2674.22
5/01/2012,2669.86
4/01/2012,2648.36
3/01/2012,2648.72
30/12/2011,2605.15
29/12/2011,2613.74
28/12/2011,2589.98
27/12/2011,2625.2
23/12/2011,2618.64
22/12/2011,2599.45
21/12/2011,2577.97
20/12/2011,2603.73
19/12/2011,2523.14
16/12/2011,2555.33
15/12/2011,2541.01
14/12/2011,2539.31
13/12/2011,2579.27
12/12/2011,2612.26
9/12/2011,2646.85
8/12/2011,2596.38
7/12/2011,2649.21
6/12/2011,2649.56
5/12/2011,2655.76
2/12/2011,2626.93
1/12/2011,2626.2
30/11/2011,2620.34
29/11/2011,2515.51
28/11/2011,2527.34
25/11/2011,2441.51
23/11/2011,2460.08
22/11/2011,2521.28
21/11/2011,2523.14
18/11/2011,2572.5
17/11/2011,2587.99
16/11/2011,2639.61
15/11/2011,2686.2
14/11/2011,2657.22
11/11/2011,2678.75
10/11/2011,2625.15
9/11/2011,2621.65
8/11/2011,2727.49
7/11/2011,2695.25
4/11/2011,2686.15
3/11/2011,2697.97
2/11/2011,2639.98
1/11/2011,2606.96
31/10/2011,2684.41
28/10/2011,2737.15
27/10/2011,2738.63
26/10/2011,2650.67
25/10/2011,2638.42
24/10/2011,2699.44
21/10/2011,2637.46
20/10/2011,2598.62
19/10/2011,2604.04
18/10/2011,2657.43
17/10/2011,2614.92
14/10/2011,2667.85
13/10/2011,2620.24
12/10/2011,2604.73
11/10/2011,2583.03
10/10/2011,2566.05
7/10/2011,2479.35
6/10/2011,2506.82
5/10/2011,2460.51
4/10/2011,2404.82
3/10/2011,2335.83
30/09/2011,2415.4
29/09/2011,2480.76
28/09/2011,2491.58
27/09/2011,2546.83
26/09/2011,2516.69
23/09/2011,2483.23
22/09/2011,2455.67
21/09/2011,2538.19
20/09/2011,2590.24
19/09/2011,2612.83
16/09/2011,2622.31
15/09/2011,2607.07
14/09/2011,2572.55
13/09/2011,2532.15
12/09/2011,2495.09
9/09/2011,2467.99
8/09/2011,2529.14
7/09/2011,2548.94
6/09/2011,2473.83
2/09/2011,2480.33
1/09/2011,2546.04
31/08/2011,2579.46
30/08/2011,2576.11
29/08/2011,2562.11
26/08/2011,2479.85
25/08/2011,2419.63
24/08/2011,2467.69
23/08/2011,2446.06
22/08/2011,2345.38
19/08/2011,2341.84
18/08/2011,2380.43
17/08/2011,2511.48
16/08/2011,2523.45
15/08/2011,2555.2
12/08/2011,2507.98
11/08/2011,2492.68
10/08/2011,2381.05
9/08/2011,2482.52
8/08/2011,2357.69
5/08/2011,2532.41
4/08/2011,2556.39
3/08/2011,2693.07
2/08/2011,2669.24
1/08/2011,2744.61
29/07/2011,2756.38
28/07/2011,2766.25
27/07/2011,2764.79
26/07/2011,2839.96
25/07/2011,2842.8
22/07/2011,2858.83
21/07/2011,2834.43
20/07/2011,2814.23
19/07/2011,2826.52
18/07/2011,2765.11
15/07/2011,2789.8
14/07/2011,2762.67
13/07/2011,2796.92
12/07/2011,2781.91
11/07/2011,2802.62
8/07/2011,2859.81
7/07/2011,2872.66
6/07/2011,2834.02
5/07/2011,2825.77
1/07/2011,2816.03
30/06/2011,2773.52
29/06/2011,2740.49
28/06/2011,2729.31
27/06/2011,2688.28
24/06/2011,2652.89
23/06/2011,2686.75
22/06/2011,2669.19
21/06/2011,2687.26
20/06/2011,2629.66
17/06/2011,2616.48
16/06/2011,2623.7
15/06/2011,2631.46
14/06/2011,2678.72
13/06/2011,2639.69
10/06/2011,2643.73
9/06/2011,2684.87
8/06/2011,2675.38
7/06/2011,2701.56
6/06/2011,2702.56
3/06/2011,2732.78
2/06/2011,2773.31
1/06/2011,2769.19
31/05/2011,2835.3
27/05/2011,2796.86
26/05/2011,2782.92
25/05/2011,2761.38
24/05/2011,2746.16
23/05/2011,2758.9
20/05/2011,2803.32
19/05/2011,2823.31
18/05/2011,2815
17/05/2011,2783.21
16/05/2011,2782.31
13/05/2011,2828.47
12/05/2011,2863.04
11/05/2011,2845.06
10/05/2011,2871.89
9/05/2011,2843.25
6/05/2011,2827.56
5/05/2011,2814.72
4/05/2011,2828.23
3/05/2011,2841.62
2/05/2011,2864.08
29/04/2011,2873.54
28/04/2011,2872.53
27/04/2011,2869.88
26/04/2011,2847.54
25/04/2011,2825.88
21/04/2011,2820.16
20/04/2011,2802.51
19/04/2011,2744.97
18/04/2011,2735.38
15/04/2011,2764.65
14/04/2011,2760.22
13/04/2011,2761.52
12/04/2011,2744.79
11/04/2011,2771.51
8/04/2011,2780.41
7/04/2011,2796.14
6/04/2011,2799.82
5/04/2011,2791.19
4/04/2011,2789.19
1/04/2011,2789.6
31/03/2011,2781.07
30/03/2011,2776.79
29/03/2011,2756.89
28/03/2011,2730.68
25/03/2011,2743.06
24/03/2011,2736.42
23/03/2011,2698.3
22/03/2011,2683.87
21/03/2011,2692.09
18/03/2011,2643.67
17/03/2011,2636.05
16/03/2011,2616.82
15/03/2011,2667.33
14/03/2011,2700.97
11/03/2011,2715.61
10/03/2011,2701.02
9/03/2011,2751.72
8/03/2011,2765.77
7/03/2011,2745.63
4/03/2011,2784.67
3/03/2011,2798.74
2/03/2011,2748.07
1/03/2011,2737.41
28/02/2011,2782.27
25/02/2011,2781.05
24/02/2011,2737.9
23/02/2011,2722.99
22/02/2011,2756.42
18/02/2011,2833.95
17/02/2011,2831.58
16/02/2011,2825.56
15/02/2011,2804.35
14/02/2011,2817.18
11/02/2011,2809.44
10/02/2011,2790.45
9/02/2011,2789.07
8/02/2011,2797.05
7/02/2011,2783.99
4/02/2011,2769.3
3/02/2011,2753.88
2/02/2011,2749.56
1/02/2011,2751.19
31/01/2011,2700.08
28/01/2011,2686.89
27/01/2011,2755.28
26/01/2011,2739.5
25/01/2011,2719.25
24/01/2011,2717.55
21/01/2011,2689.54
20/01/2011,2704.29
19/01/2011,2725.36
18/01/2011,2765.85
14/01/2011,2755.3
13/01/2011,2735.29
12/01/2011,2737.33
11/01/2011,2716.83
10/01/2011,2707.8
7/01/2011,2703.17
6/01/2011,2709.89
5/01/2011,2702.2
4/01/2011,2681.25
3/01/2011,2691.52
31/12/2010,2652.87
30/12/2010,2662.98
29/12/2010,2666.93
28/12/2010,2662.88
27/12/2010,2667.27
23/12/2010,2665.6
22/12/2010,2671.48
21/12/2010,2667.61
20/12/2010,2649.56
17/12/2010,2642.97
16/12/2010,2637.31
15/12/2010,2617.22
14/12/2010,2627.72
13/12/2010,2624.91
10/12/2010,2637.54
9/12/2010,2616.67
8/12/2010,2609.16
7/12/2010,2598.49
6/12/2010,2594.92
3/12/2010,2591.46
2/12/2010,2579.35
1/12/2010,2549.43
30/11/2010,2498.23
29/11/2010,2525.22
26/11/2010,2534.56
24/11/2010,2543.12
23/11/2010,2494.95
22/11/2010,2532.02
19/11/2010,2518.12
18/11/2010,2514.4
17/11/2010,2476.01
16/11/2010,2469.84
15/11/2010,2513.82
12/11/2010,2518.21
11/11/2010,2555.52
10/11/2010,2578.78
9/11/2010,2562.98
8/11/2010,2580.05
5/11/2010,2578.98
4/11/2010,2577.34
3/11/2010,2540.27
2/11/2010,2533.52
1/11/2010,2504.84
29/10/2010,2507.41
28/10/2010,2507.37
27/10/2010,2503.26
26/10/2010,2497.29
25/10/2010,2490.85
22/10/2010,2479.39
21/10/2010,2459.67
20/10/2010,2457.39
19/10/2010,2436.95
18/10/2010,2480.66
15/10/2010,2468.77
14/10/2010,2435.38
13/10/2010,2441.23
12/10/2010,2417.92
11/10/2010,2402.33
8/10/2010,2401.91
7/10/2010,2383.67
6/10/2010,2380.66
5/10/2010,2399.83
4/10/2010,2344.52
1/10/2010,2370.75
30/09/2010,2368.62
29/09/2010,2376.56
28/09/2010,2379.59
27/09/2010,2369.77
24/09/2010,2381.22
23/09/2010,2327.08
22/09/2010,2334.55
21/09/2010,2349.35
20/09/2010,2355.83
17/09/2010,2315.61
16/09/2010,2303.25
15/09/2010,2301.32
14/09/2010,2289.77
13/09/2010,2285.71
10/09/2010,2242.48
9/09/2010,2236.2
8/09/2010,2228.87
7/09/2010,2208.89
3/09/2010,2233.75
2/09/2010,2200.01
1/09/2010,2176.84
31/08/2010,2114.03
30/08/2010,2119.97
27/08/2010,2153.63
26/08/2010,2118.69
25/08/2010,2141.54
24/08/2010,2123.76
23/08/2010,2159.63
20/08/2010,2179.76
19/08/2010,2178.95
18/08/2010,2215.7
17/08/2010,2209.44
16/08/2010,2181.87
13/08/2010,2173.48
12/08/2010,2190.27
11/08/2010,2208.63
10/08/2010,2277.17
9/08/2010,2305.69
6/08/2010,2288.47
5/08/2010,2293.06
4/08/2010,2303.57
3/08/2010,2283.52
2/08/2010,2295.36
30/07/2010,2254.7
29/07/2010,2251.69
28/07/2010,2264.56
27/07/2010,2288.25
26/07/2010,2296.43
23/07/2010,2269.47
22/07/2010,2245.89
21/07/2010,2187.33
20/07/2010,2222.49
19/07/2010,2198.23
16/07/2010,2179.05
15/07/2010,2249.08
14/07/2010,2249.84
13/07/2010,2242.03
12/07/2010,2198.36
9/07/2010,2196.45
8/07/2010,2175.4
7/07/2010,2159.47
6/07/2010,2093.88
2/07/2010,2091.79
1/07/2010,2101.36
30/06/2010,2109.24
29/06/2010,2135.18
28/06/2010,2220.65
25/06/2010,2223.48
24/06/2010,2217.42
23/06/2010,2254.23
22/06/2010,2261.8
21/06/2010,2289.09
18/06/2010,2309.8
17/06/2010,2307.16
16/06/2010,2305.93
15/06/2010,2305.88
14/06/2010,2243.96
11/06/2010,2243.6
10/06/2010,2218.71
9/06/2010,2158.85
8/06/2010,2170.57
7/06/2010,2173.9
4/06/2010,2219.17
3/06/2010,2303.03
2/06/2010,2281.07
1/06/2010,2222.33
28/05/2010,2257.04
27/05/2010,2277.68
26/05/2010,2195.88
25/05/2010,2210.95
24/05/2010,2213.55
21/05/2010,2229.04
20/05/2010,2204.01
19/05/2010,2298.37
18/05/2010,2317.26
17/05/2010,2354.23
14/05/2010,2346.85
13/05/2010,2394.36
12/05/2010,2425.02
11/05/2010,2375.31
10/05/2010,2374.67
7/05/2010,2265.64
6/05/2010,2319.64
5/05/2010,2402.29
4/05/2010,2424.25
3/05/2010,2498.74
30/04/2010,2461.19
29/04/2010,2511.92
28/04/2010,2471.73
27/04/2010,2471.47
26/04/2010,2522.95
23/04/2010,2530.15
22/04/2010,2519.07
21/04/2010,2504.61
20/04/2010,2500.31
19/04/2010,2480.11
16/04/2010,2481.26
15/04/2010,2515.69
14/04/2010,2504.86
13/04/2010,2465.99
12/04/2010,2457.87
9/04/2010,2454.05
8/04/2010,2436.81
7/04/2010,2431.16
6/04/2010,2436.81
5/04/2010,2429.53
1/04/2010,2402.58
31/03/2010,2397.96
30/03/2010,2410.69
29/03/2010,2404.36
26/03/2010,2395.13
25/03/2010,2397.41
24/03/2010,2398.76
23/03/2010,2415.24
22/03/2010,2395.4
19/03/2010,2374.41
18/03/2010,2391.28
17/03/2010,2389.09
16/03/2010,2378.01
15/03/2010,2362.21
12/03/2010,2367.66
11/03/2010,2368.46
10/03/2010,2358.95
9/03/2010,2340.68
8/03/2010,2332.21
5/03/2010,2326.35
4/03/2010,2292.31
3/03/2010,2280.68
2/03/2010,2280.79
1/03/2010,2273.57
26/02/2010,2238.26
25/02/2010,2234.22
24/02/2010,2235.9
23/02/2010,2213.44
22/02/2010,2242.03
19/02/2010,2243.87
18/02/2010,2241.71
17/02/2010,2226.29
16/02/2010,2214.19
12/02/2010,2183.53
11/02/2010,2177.41
10/02/2010,2147.87
9/02/2010,2150.87
8/02/2010,2126.05
5/02/2010,2141.12
4/02/2010,2125.43
3/02/2010,2190.91
2/02/2010,2190.06
1/02/2010,2171.2
29/01/2010,2147.35
28/01/2010,2179
27/01/2010,2221.41
26/01/2010,2203.73
25/01/2010,2210.8
22/01/2010,2205.29
21/01/2010,2265.7
20/01/2010,2291.25
19/01/2010,2320.4
15/01/2010,2287.99
14/01/2010,2316.74
13/01/2010,2307.9
12/01/2010,2282.31
11/01/2010,2312.41
8/01/2010,2317.17
7/01/2010,2300.05
6/01/2010,2301.09
5/01/2010,2308.71
4/01/2010,2308.42
31/12/2009,2269.15
30/12/2009,2291.28
29/12/2009,2288.4
28/12/2009,2291.08
24/12/2009,2285.69
23/12/2009,2269.64
22/12/2009,2252.67
21/12/2009,2237.66
18/12/2009,2211.69
17/12/2009,2180.05
16/12/2009,2206.91
15/12/2009,2201.05
14/12/2009,2212.1
11/12/2009,2190.31
10/12/2009,2190.86
9/12/2009,2183.73
8/12/2009,2172.99
7/12/2009,2189.61
4/12/2009,2194.35
3/12/2009,2173.14
2/12/2009,2185.03
1/12/2009,2175.81
30/11/2009,2144.6
27/11/2009,2138.44
25/11/2009,2176.05
24/11/2009,2169.18
23/11/2009,2176.01
20/11/2009,2146.04
19/11/2009,2156.82
18/11/2009,2193.14
17/11/2009,2203.78
16/11/2009,2197.85
13/11/2009,2167.88
12/11/2009,2149.02
11/11/2009,2166.9
10/11/2009,2151.08
9/11/2009,2154.06
6/11/2009,2112.44
5/11/2009,2105.32
4/11/2009,2055.52
3/11/2009,2057.32
2/11/2009,2049.2
30/10/2009,2045.11
29/10/2009,2097.55
28/10/2009,2059.61
27/10/2009,2116.09
26/10/2009,2141.85
23/10/2009,2154.47
22/10/2009,2165.29
21/10/2009,2150.73
20/10/2009,2163.47
19/10/2009,2176.32
16/10/2009,2156.8
15/10/2009,2173.29
14/10/2009,2172.23
13/10/2009,2139.89
12/10/2009,2139.14
9/10/2009,2139.28
8/10/2009,2123.93
7/10/2009,2110.33
6/10/2009,2103.57
5/10/2009,2068.15
2/10/2009,2048.11
1/10/2009,2057.48
30/09/2009,2122.42
29/09/2009,2124.04
28/09/2009,2130.74
25/09/2009,2090.92
24/09/2009,2107.61
23/09/2009,2131.42
22/09/2009,2146.3
21/09/2009,2138.04
18/09/2009,2132.86
17/09/2009,2126.75
16/09/2009,2133.15
15/09/2009,2102.64
14/09/2009,2091.78
11/09/2009,2080.9
10/09/2009,2084.02
9/09/2009,2060.39
8/09/2009,2037.77
4/09/2009,2018.78
3/09/2009,1983.2
2/09/2009,1967.07
1/09/2009,1968.89
31/08/2009,2009.06
28/08/2009,2028.77
27/08/2009,2027.73
26/08/2009,2024.43
25/08/2009,2024.23
24/08/2009,2017.98
21/08/2009,2020.9
20/08/2009,1989.22
19/08/2009,1969.24
18/08/2009,1955.92
17/08/2009,1930.84
14/08/2009,1985.52
13/08/2009,2009.35
12/08/2009,1998.72
11/08/2009,1969.73
10/08/2009,1992.24
7/08/2009,2000.25
6/08/2009,1973.16
5/08/2009,1993.05
4/08/2009,2011.31
3/08/2009,2008.61
31/07/2009,1978.5
30/07/2009,1984.3
29/07/2009,1967.76
28/07/2009,1975.51
27/07/2009,1967.89
24/07/2009,1965.96
23/07/2009,1973.6
22/07/2009,1926.38
21/07/2009,1916.2
20/07/2009,1909.29
17/07/2009,1886.61
16/07/2009,1885.03
15/07/2009,1862.9
14/07/2009,1799.73
13/07/2009,1793.21
10/07/2009,1756.03
9/07/2009,1752.55
8/07/2009,1747.17
7/07/2009,1746.17
6/07/2009,1787.4
2/07/2009,1796.52
1/07/2009,1845.72
30/06/2009,1835.04
29/06/2009,1844.06
26/06/2009,1838.22
25/06/2009,1829.54
24/06/2009,1792.34
23/06/2009,1764.92
22/06/2009,1766.19
19/06/2009,1827.47
18/06/2009,1807.72
17/06/2009,1808.06
16/06/2009,1796.18
15/06/2009,1816.38
12/06/2009,1858.8
11/06/2009,1862.37
10/06/2009,1853.08
9/06/2009,1860.13
8/06/2009,1842.4
5/06/2009,1849.42
4/06/2009,1850.02
3/06/2009,1825.92
2/06/2009,1836.8
1/06/2009,1828.68
29/05/2009,1774.33
28/05/2009,1751.79
27/05/2009,1731.08
26/05/2009,1750.43
22/05/2009,1692.01
21/05/2009,1695.25
20/05/2009,1727.84
19/05/2009,1734.54
18/05/2009,1732.36
15/05/2009,1680.14
14/05/2009,1689.21
13/05/2009,1664.19
12/05/2009,1715.92
11/05/2009,1731.24
8/05/2009,1739
7/05/2009,1716.24
6/05/2009,1759.1
5/05/2009,1754.12
4/05/2009,1763.56
1/05/2009,1719.2
30/04/2009,1717.3
29/04/2009,1711.94
28/04/2009,1673.81
27/04/2009,1679.41
24/04/2009,1694.29
23/04/2009,1652.21
22/04/2009,1646.12
21/04/2009,1643.85
20/04/2009,1608.21
17/04/2009,1673.07
16/04/2009,1670.44
15/04/2009,1626.8
14/04/2009,1625.72
13/04/2009,1653.31
9/04/2009,1652.54
8/04/2009,1590.66
7/04/2009,1561.61
6/04/2009,1606.71
3/04/2009,1621.87
2/04/2009,1602.63
1/04/2009,1551.6
31/03/2009,1528.59
30/03/2009,1501.8
27/03/2009,1545.2
26/03/2009,1587
25/03/2009,1528.95
24/03/2009,1516.52
23/03/2009,1555.77
20/03/2009,1457.27
19/03/2009,1483.48
18/03/2009,1491.22
17/03/2009,1462.11
16/03/2009,1404.02
13/03/2009,1431.5
12/03/2009,1426.1
11/03/2009,1371.64
10/03/2009,1358.28
9/03/2009,1268.64
6/03/2009,1293.85
5/03/2009,1299.59
4/03/2009,1353.74
3/03/2009,1321.01
2/03/2009,1322.85
27/02/2009,1377.84
26/02/2009,1391.47
25/02/2009,1425.43
24/02/2009,1441.83
23/02/2009,1387.72
20/02/2009,1441.23
19/02/2009,1442.82
18/02/2009,1467.97
17/02/2009,1470.66
13/02/2009,1534.36
12/02/2009,1541.71
11/02/2009,1530.5
10/02/2009,1524.73
9/02/2009,1591.56
6/02/2009,1591.71
5/02/2009,1546.24
4/02/2009,1515.05
3/02/2009,1516.3
2/02/2009,1494.43
30/01/2009,1476.42
29/01/2009,1507.84
28/01/2009,1558.34
27/01/2009,1504.9
26/01/2009,1489.46
23/01/2009,1477.29
22/01/2009,1465.49
21/01/2009,1507.07
20/01/2009,1440.86
16/01/2009,1529.33
15/01/2009,1511.84
14/01/2009,1489.64
13/01/2009,1546.46
12/01/2009,1538.79
9/01/2009,1571.59
8/01/2009,1617.01
7/01/2009,1599.06
6/01/2009,1652.38
5/01/2009,1628.03
2/01/2009,1632.21
31/12/2008,1577.03
30/12/2008,1550.7
29/12/2008,1510.32
26/12/2008,1530.24
24/12/2008,1524.9
23/12/2008,1521.54
22/12/2008,1532.35
19/12/2008,1564.32
18/12/2008,1552.37
17/12/2008,1579.31
16/12/2008,1589.89
15/12/2008,1508.34
12/12/2008,1540.72
11/12/2008,1507.88
10/12/2008,1565.48
9/12/2008,1547.34
8/12/2008,1571.74
5/12/2008,1509.31
4/12/2008,1445.56
3/12/2008,1492.38
2/12/2008,1449.8
1/12/2008,1398.07
28/11/2008,1535.57
26/11/2008,1532.1
25/11/2008,1464.73
24/11/2008,1472.02
21/11/2008,1384.35
20/11/2008,1316.12
19/11/2008,1386.42
18/11/2008,1483.27
17/11/2008,1482.05
14/11/2008,1516.85
13/11/2008,1596.7
12/11/2008,1499.21
11/11/2008,1580.9
10/11/2008,1616.74
7/11/2008,1647.4
6/11/2008,1608.7
5/11/2008,1681.64
4/11/2008,1780.12
3/11/2008,1726.33
31/10/2008,1720.95
30/10/2008,1698.52
29/10/2008,1657.21
28/10/2008,1649.47
27/10/2008,1505.9
24/10/2008,1552.03
23/10/2008,1603.91
22/10/2008,1615.75
21/10/2008,1696.68
20/10/2008,1770.03
17/10/2008,1711.29
16/10/2008,1717.71
15/10/2008,1628.33
14/10/2008,1779.01
13/10/2008,1844.25
10/10/2008,1649.51
9/10/2008,1645.12
8/10/2008,1740.33
7/10/2008,1754.88
6/10/2008,1862.96
3/10/2008,1947.39
2/10/2008,1976.72
1/10/2008,2069.4
30/09/2008,2091.88
29/09/2008,1983.73
26/09/2008,2183.34
25/09/2008,2186.57
24/09/2008,2155.68
23/09/2008,2153.33
22/09/2008,2178.98
19/09/2008,2273.9
18/09/2008,2199.1
17/09/2008,2098.85
16/09/2008,2207.9
15/09/2008,2179.91
12/09/2008,2261.27
11/09/2008,2258.22
10/09/2008,2228.7
9/09/2008,2209.81
8/09/2008,2269.76
5/09/2008,2255.88
4/09/2008,2259.04
3/09/2008,2333.73
2/09/2008,2349.24
29/08/2008,2367.52
28/08/2008,2411.64
27/08/2008,2382.46
26/08/2008,2361.97
25/08/2008,2365.59
22/08/2008,2414.71
21/08/2008,2380.38
20/08/2008,2389.08
19/08/2008,2384.36
18/08/2008,2416.98
15/08/2008,2452.52
14/08/2008,2453.67
13/08/2008,2428.62
12/08/2008,2430.61
11/08/2008,2439.95
8/08/2008,2414.1
7/08/2008,2355.73
6/08/2008,2378.37
5/08/2008,2349.83
4/08/2008,2285.56
1/08/2008,2310.96
31/07/2008,2325.55
30/07/2008,2329.72
29/07/2008,2319.62
28/07/2008,2264.22
25/07/2008,2310.53
24/07/2008,2280.11
23/07/2008,2325.88
22/07/2008,2303.96
21/07/2008,2279.53
18/07/2008,2282.78
17/07/2008,2312.3
16/07/2008,2284.85
15/07/2008,2215.71
14/07/2008,2212.87
11/07/2008,2239.08
10/07/2008,2257.85
9/07/2008,2234.89
8/07/2008,2294.44
7/07/2008,2243.32
3/07/2008,2245.38
2/07/2008,2251.46
1/07/2008,2304.97
30/06/2008,2292.98
27/06/2008,2315.63
26/06/2008,2321.37
25/06/2008,2401.26
24/06/2008,2368.28
23/06/2008,2385.74
20/06/2008,2406.09
19/06/2008,2462.06
18/06/2008,2429.71
17/06/2008,2457.73
16/06/2008,2474.78
13/06/2008,2454.5
12/06/2008,2404.35
11/06/2008,2394.01
10/06/2008,2448.94
9/06/2008,2459.46
6/06/2008,2474.56
5/06/2008,2549.94
4/06/2008,2503.14
3/06/2008,2480.48
2/06/2008,2491.53
30/05/2008,2522.66
29/05/2008,2508.32
28/05/2008,2486.7
27/05/2008,2481.24
23/05/2008,2444.67
22/05/2008,2464.58
21/05/2008,2448.27
20/05/2008,2492.26
19/05/2008,2516.09
16/05/2008,2528.85
15/05/2008,2533.73
14/05/2008,2496.7
13/05/2008,2495.12
12/05/2008,2488.49
9/05/2008,2445.52
8/05/2008,2451.24
7/05/2008,2438.49
6/05/2008,2483.31
5/05/2008,2464.12
2/05/2008,2476.99
1/05/2008,2480.71
30/04/2008,2412.8
29/04/2008,2426.1
28/04/2008,2424.4
25/04/2008,2422.93
24/04/2008,2428.92
23/04/2008,2405.21
22/04/2008,2376.94
21/04/2008,2408.04
18/04/2008,2402.97
17/04/2008,2341.83
16/04/2008,2350.11
15/04/2008,2286.04
14/04/2008,2275.82
11/04/2008,2290.24
10/04/2008,2351.7
9/04/2008,2322.12
8/04/2008,2348.76
7/04/2008,2364.83
4/04/2008,2370.98
3/04/2008,2363.3
2/04/2008,2361.4
1/04/2008,2362.75
31/03/2008,2279.1
28/03/2008,2261.18
27/03/2008,2280.83
26/03/2008,2324.36
25/03/2008,2341.05
24/03/2008,2326.75
20/03/2008,2258.11
19/03/2008,2209.96
18/03/2008,2268.26
17/03/2008,2177.01
14/03/2008,2212.49
13/03/2008,2263.61
12/03/2008,2243.87
11/03/2008,2255.76
10/03/2008,2169.34
7/03/2008,2212.49
6/03/2008,2220.5
5/03/2008,2272.81
4/03/2008,2260.28
3/03/2008,2258.6
29/02/2008,2271.48
28/02/2008,2331.57
27/02/2008,2353.78
26/02/2008,2344.99
25/02/2008,2327.48
22/02/2008,2303.35
21/02/2008,2299.78
20/02/2008,2327.1
19/02/2008,2306.2
15/02/2008,2321.8
14/02/2008,2332.54
13/02/2008,2373.93
12/02/2008,2320.04
11/02/2008,2320.06
8/02/2008,2304.85
7/02/2008,2293.03
6/02/2008,2278.75
5/02/2008,2309.57
4/02/2008,2382.85
1/02/2008,2413.36
31/01/2008,2389.86
30/01/2008,2349
29/01/2008,2358.06
28/01/2008,2349.91
25/01/2008,2326.2
24/01/2008,2360.92
23/01/2008,2316.41
22/01/2008,2292.27
18/01/2008,2340.02
17/01/2008,2346.9
16/01/2008,2394.59
15/01/2008,2417.59
14/01/2008,2478.3
11/01/2008,2439.94
10/01/2008,2488.52
9/01/2008,2474.55
8/01/2008,2440.51
7/01/2008,2499.46
4/01/2008,2504.65
3/01/2008,2602.68
2/01/2008,2609.63
31/12/2007,2652.28
28/12/2007,2674.46
27/12/2007,2676.79
26/12/2007,2724.41
24/12/2007,2713.5
21/12/2007,2691.99
20/12/2007,2640.86
19/12/2007,2601.01
18/12/2007,2596.03
17/12/2007,2574.46
14/12/2007,2635.74
13/12/2007,2668.49
12/12/2007,2671.14
11/12/2007,2652.35
10/12/2007,2718.95
7/12/2007,2706.16
6/12/2007,2709.03
5/12/2007,2666.36
4/12/2007,2619.83
3/12/2007,2637.13
30/11/2007,2660.96
29/11/2007,2668.13
28/11/2007,2662.91
27/11/2007,2580.8
26/11/2007,2540.99
23/11/2007,2596.6
21/11/2007,2562.15
20/11/2007,2596.81
19/11/2007,2593.38
16/11/2007,2637.24
15/11/2007,2618.51
14/11/2007,2644.32
13/11/2007,2673.65
12/11/2007,2584.13
9/11/2007,2627.94
8/11/2007,2696
7/11/2007,2748.76
6/11/2007,2825.18
5/11/2007,2795.18
2/11/2007,2810.38
1/11/2007,2794.83
31/10/2007,2859.12
30/10/2007,2816.71
29/10/2007,2817.44
26/10/2007,2804.19
25/10/2007,2750.86
24/10/2007,2774.76
23/10/2007,2799.26
22/10/2007,2753.93
19/10/2007,2725.16
18/10/2007,2799.31
17/10/2007,2792.67
16/10/2007,2763.91
15/10/2007,2780.05
12/10/2007,2805.68
11/10/2007,2772.2
10/10/2007,2811.61
9/10/2007,2803.91
8/10/2007,2787.37
5/10/2007,2780.32
4/10/2007,2733.57
3/10/2007,2729.43
2/10/2007,2747.11
1/10/2007,2740.99
28/09/2007,2701.5
27/09/2007,2709.59
26/09/2007,2699.03
25/09/2007,2683.45
24/09/2007,2667.95
21/09/2007,2671.22
20/09/2007,2654.29
19/09/2007,2666.48
18/09/2007,2651.66
17/09/2007,2581.66
14/09/2007,2602.18
13/09/2007,2601.06
12/09/2007,2592.07
11/09/2007,2597.47
10/09/2007,2559.11
7/09/2007,2565.7
6/09/2007,2614.32
5/09/2007,2605.95
4/09/2007,2630.24
31/08/2007,2596.36
30/08/2007,2565.3
29/08/2007,2563.16
28/08/2007,2500.64
27/08/2007,2561.25
24/08/2007,2576.69
23/08/2007,2541.7
22/08/2007,2552.8
21/08/2007,2521.3
20/08/2007,2508.59
17/08/2007,2505.03
16/08/2007,2451.07
15/08/2007,2458.83
14/08/2007,2499.12
13/08/2007,2542.24
10/08/2007,2544.89
9/08/2007,2556.49
8/08/2007,2612.98
7/08/2007,2561.6
6/08/2007,2547.33
3/08/2007,2511.25
2/08/2007,2575.98
1/08/2007,2553.16
31/07/2007,2545.57
30/07/2007,2583.28
27/07/2007,2562.24
26/07/2007,2599.34
25/07/2007,2648.17
24/07/2007,2639.86
23/07/2007,2690.58
20/07/2007,2687.6
19/07/2007,2720.04
18/07/2007,2699.49
17/07/2007,2712.29
16/07/2007,2697.33
13/07/2007,2707
12/07/2007,2701.73
11/07/2007,2651.79
10/07/2007,2639.16
9/07/2007,2670.02
6/07/2007,2666.51
5/07/2007,2656.65
3/07/2007,2644.95
2/07/2007,2632.3
29/06/2007,2603.23
28/06/2007,2608.37
27/06/2007,2605.35
26/06/2007,2574.16
25/06/2007,2577.08
22/06/2007,2588.96
21/06/2007,2616.96
20/06/2007,2599.96
19/06/2007,2626.76
18/06/2007,2626.6
15/06/2007,2626.71
14/06/2007,2599.41
13/06/2007,2582.31
12/06/2007,2549.77
11/06/2007,2572.15
8/06/2007,2573.54
7/06/2007,2541.38
6/06/2007,2587.18
5/06/2007,2611.23
4/06/2007,2618.29
1/06/2007,2613.92
31/05/2007,2604.52
30/05/2007,2592.59
29/05/2007,2572.06
25/05/2007,2557.19
24/05/2007,2537.92
23/05/2007,2577.05
22/05/2007,2588.02
21/05/2007,2578.79
18/05/2007,2558.45
17/05/2007,2539.38
16/05/2007,2547.42
15/05/2007,2525.29
14/05/2007,2546.44
11/05/2007,2562.22
10/05/2007,2533.74
9/05/2007,2576.34
8/05/2007,2571.75
7/05/2007,2570.95
4/05/2007,2572.15
3/05/2007,2565.46
2/05/2007,2557.84
1/05/2007,2531.53
30/04/2007,2525.09
27/04/2007,2557.21
26/04/2007,2554.46
25/04/2007,2547.89
24/04/2007,2524.54
23/04/2007,2523.67
20/04/2007,2526.39
19/04/2007,2505.35
18/04/2007,2510.5
17/04/2007,2516.95
16/04/2007,2518.33
13/04/2007,2491.94
12/04/2007,2480.32
11/04/2007,2459.31
10/04/2007,2477.61
9/04/2007,2469.18
5/04/2007,2471.34
4/04/2007,2458.69
3/04/2007,2450.33
2/04/2007,2422.26
30/03/2007,2421.64
29/03/2007,2417.88
28/03/2007,2417.1
27/03/2007,2437.43
26/03/2007,2455.63
23/03/2007,2448.93
22/03/2007,2451.74
21/03/2007,2455.92
20/03/2007,2408.21
19/03/2007,2394.41
16/03/2007,2372.66
15/03/2007,2378.7
14/03/2007,2371.74
13/03/2007,2350.57
12/03/2007,2402.29
9/03/2007,2387.55
8/03/2007,2387.73
7/03/2007,2374.64
6/03/2007,2385.14
5/03/2007,2340.68
2/03/2007,2368
1/03/2007,2404.21
28/02/2007,2416.15
27/02/2007,2407.86
26/02/2007,2504.52
23/02/2007,2515.1
22/02/2007,2524.94
21/02/2007,2518.42
20/02/2007,2513.04
16/02/2007,2496.31
15/02/2007,2497.1
14/02/2007,2488.38
13/02/2007,2459.88
12/02/2007,2450.38
9/02/2007,2459.82
8/02/2007,2488.67
7/02/2007,2490.5
6/02/2007,2471.49
5/02/2007,2470.6
2/02/2007,2475.88
1/02/2007,2468.38
31/01/2007,2463.93
30/01/2007,2448.64
29/01/2007,2441.09
26/01/2007,2435.49
25/01/2007,2434.24
24/01/2007,2466.28
23/01/2007,2431.41
22/01/2007,2431.07
19/01/2007,2451.31
18/01/2007,2443.21
17/01/2007,2479.42
16/01/2007,2497.78
12/01/2007,2502.82
11/01/2007,2484.85
10/01/2007,2459.33
9/01/2007,2443.83
8/01/2007,2438.2
5/01/2007,2434.25
4/01/2007,2453.43
3/01/2007,2423.16
29/12/2006,2415.29
28/12/2006,2425.57
27/12/2006,2431.22
26/12/2006,2413.51
22/12/2006,2401.18
21/12/2006,2415.85
20/12/2006,2427.61
19/12/2006,2429.55
18/12/2006,2435.57
15/12/2006,2457.2
14/12/2006,2453.85
13/12/2006,2432.41
12/12/2006,2431.6
11/12/2006,2442.86
8/12/2006,2437.36
7/12/2006,2427.69
6/12/2006,2445.86
5/12/2006,2452.38
4/12/2006,2448.39
1/12/2006,2413.21
30/11/2006,2431.77
29/11/2006,2432.23
28/11/2006,2412.61
27/11/2006,2405.92
24/11/2006,2460.26
22/11/2006,2465.98
21/11/2006,2454.84
20/11/2006,2452.72
17/11/2006,2445.86
16/11/2006,2449.06
15/11/2006,2442.75
14/11/2006,2430.66
13/11/2006,2406.38
10/11/2006,2389.72
9/11/2006,2376.01
8/11/2006,2384.94
7/11/2006,2375.88
6/11/2006,2365.95
3/11/2006,2330.79
2/11/2006,2334.02
1/11/2006,2334.35
31/10/2006,2366.71
30/10/2006,2363.77
27/10/2006,2350.62
26/10/2006,2379.1
25/10/2006,2356.59
24/10/2006,2344.84
23/10/2006,2355.56
20/10/2006,2342.3
19/10/2006,2340.94
18/10/2006,2337.15
17/10/2006,2344.95
16/10/2006,2363.84
13/10/2006,2357.29
12/10/2006,2346.18
11/10/2006,2308.27
10/10/2006,2315.43
9/10/2006,2311.77
6/10/2006,2299.99
5/10/2006,2306.34
4/10/2006,2290.95
3/10/2006,2243.65
2/10/2006,2237.6
29/09/2006,2258.43
28/09/2006,2270.02
27/09/2006,2263.39
26/09/2006,2261.34
25/09/2006,2249.07
22/09/2006,2218.93
21/09/2006,2237.75
20/09/2006,2252.89
19/09/2006,2222.37
18/09/2006,2235.75
15/09/2006,2235.59
14/09/2006,2228.73
13/09/2006,2227.67
12/09/2006,2215.82
11/09/2006,2173.25
8/09/2006,2165.79
7/09/2006,2155.29
6/09/2006,2167.84
5/09/2006,2205.7
1/09/2006,2193.16
31/08/2006,2183.75
30/08/2006,2185.73
29/08/2006,2172.3
28/08/2006,2160.7
25/08/2006,2140.29
24/08/2006,2137.11
23/08/2006,2134.66
22/08/2006,2150.02
21/08/2006,2147.75
18/08/2006,2163.95
17/08/2006,2157.61
16/08/2006,2149.54
15/08/2006,2115.01
14/08/2006,2069.04
11/08/2006,2057.71
10/08/2006,2071.74
9/08/2006,2060.28
8/08/2006,2060.85
7/08/2006,2072.5
4/08/2006,2085.05
3/08/2006,2092.34
2/08/2006,2078.81
1/08/2006,2061.99
31/07/2006,2091.47
28/07/2006,2094.14
27/07/2006,2054.47
26/07/2006,2070.46
25/07/2006,2073.9
24/07/2006,2061.84
21/07/2006,2020.39
20/07/2006,2039.42
19/07/2006,2080.71
18/07/2006,2043.22
17/07/2006,2037.72
14/07/2006,2037.35
13/07/2006,2054.11
12/07/2006,2090.24
11/07/2006,2128.86
10/07/2006,2116.93
7/07/2006,2130.06
6/07/2006,2155.09
5/07/2006,2153.34
3/07/2006,2190.43
30/06/2006,2172.09
29/06/2006,2174.38
28/06/2006,2111.84
27/06/2006,2100.25
26/06/2006,2133.67
23/06/2006,2121.47
22/06/2006,2122.98
21/06/2006,2141.2
20/06/2006,2107.06
19/06/2006,2110.42
16/06/2006,2129.95
15/06/2006,2144.15
14/06/2006,2086
13/06/2006,2072.47
12/06/2006,2091.32
9/06/2006,2135.06
8/06/2006,2145.32
7/06/2006,2151.8
6/06/2006,2162.78
5/06/2006,2169.62
2/06/2006,2219.41
1/06/2006,2219.86
31/05/2006,2178.88
30/05/2006,2164.74
26/05/2006,2210.37
25/05/2006,2198.24
24/05/2006,2169.17
23/05/2006,2158.76
22/05/2006,2172.86
19/05/2006,2193.88
18/05/2006,2180.32
17/05/2006,2195.8
16/05/2006,2229.13
15/05/2006,2238.52
12/05/2006,2243.78
11/05/2006,2272.7
10/05/2006,2320.74
9/05/2006,2338.25
8/05/2006,2344.99
5/05/2006,2342.57
4/05/2006,2323.9
3/05/2006,2303.97
2/05/2006,2309.84
1/05/2006,2304.79
28/04/2006,2322.57
27/04/2006,2344.95
26/04/2006,2333.63
25/04/2006,2330.3
24/04/2006,2333.38
21/04/2006,2342.86
20/04/2006,2362.55
19/04/2006,2370.88
18/04/2006,2356.14
17/04/2006,2311.16
13/04/2006,2326.11
12/04/2006,2314.68
11/04/2006,2310.35
10/04/2006,2333.27
7/04/2006,2339.02
6/04/2006,2361.17
5/04/2006,2359.75
4/04/2006,2345.36
3/04/2006,2336.74
31/03/2006,2339.79
30/03/2006,2340.82
29/03/2006,2337.78
28/03/2006,2304.46
27/03/2006,2315.58
24/03/2006,2312.82
23/03/2006,2300.15
22/03/2006,2303.35
21/03/2006,2294.23
20/03/2006,2314.11
17/03/2006,2306.48
16/03/2006,2299.56
15/03/2006,2311.84
14/03/2006,2295.9
13/03/2006,2267.03
10/03/2006,2262.04
9/03/2006,2249.72
8/03/2006,2267.46
7/03/2006,2268.38
6/03/2006,2286.03
3/03/2006,2302.6
2/03/2006,2311.11
1/03/2006,2314.64
28/02/2006,2281.39
27/02/2006,2307.18
24/02/2006,2287.04
23/02/2006,2279.32
22/02/2006,2283.17
21/02/2006,2262.96
17/02/2006,2282.36
16/02/2006,2294.63
15/02/2006,2276.43
14/02/2006,2262.17
13/02/2006,2239.81
10/02/2006,2261.88
9/02/2006,2255.87
8/02/2006,2266.98
7/02/2006,2244.96
6/02/2006,2258.8
3/02/2006,2262.58
2/02/2006,2281.57
1/02/2006,2310.56
31/01/2006,2305.82
30/01/2006,2306.78
27/01/2006,2304.23
26/01/2006,2283
25/01/2006,2260.65
24/01/2006,2265.25
23/01/2006,2248.47
20/01/2006,2247.7
19/01/2006,2301.81
18/01/2006,2279.64
17/01/2006,2302.69
13/01/2006,2317.04
12/01/2006,2316.69
11/01/2006,2331.36
10/01/2006,2320.32
9/01/2006,2318.69
6/01/2006,2305.62
5/01/2006,2276.87
4/01/2006,2263.46
3/01/2006,2243.74
30/12/2005,2205.32
29/12/2005,2218.16
28/12/2005,2228.94
27/12/2005,2226.89
23/12/2005,2249.42
22/12/2005,2246.49
21/12/2005,2231.66
20/12/2005,2222.42
19/12/2005,2222.74
16/12/2005,2252.48
15/12/2005,2260.63
14/12/2005,2262.59
13/12/2005,2265
12/12/2005,2260.95
9/12/2005,2256.73
8/12/2005,2246.46
7/12/2005,2252.01
6/12/2005,2260.76
5/12/2005,2257.64
2/12/2005,2273.37
1/12/2005,2267.17
30/11/2005,2232.82
29/11/2005,2232.71
28/11/2005,2239.37
25/11/2005,2263.01
23/11/2005,2259.98
22/11/2005,2253.56
21/11/2005,2241.67
18/11/2005,2227.07
17/11/2005,2220.46
16/11/2005,2187.93
15/11/2005,2186.74
14/11/2005,2200.95
11/11/2005,2202.47
10/11/2005,2196.68
9/11/2005,2175.81
8/11/2005,2172.07
7/11/2005,2178.24
4/11/2005,2169.43
3/11/2005,2160.22
2/11/2005,2144.31
1/11/2005,2114.05
31/10/2005,2120.3
28/10/2005,2089.88
27/10/2005,2063.81
26/10/2005,2100.05
25/10/2005,2109.45
24/10/2005,2115.83
21/10/2005,2082.21
20/10/2005,2068.11
19/10/2005,2091.24
18/10/2005,2056
17/10/2005,2070.3
14/10/2005,2064.83
13/10/2005,2047.22
12/10/2005,2037.47
11/10/2005,2061.09
10/10/2005,2078.92
7/10/2005,2090.35
6/10/2005,2084.08
5/10/2005,2103.02
4/10/2005,2139.36
3/10/2005,2155.43
30/09/2005,2151.69
29/09/2005,2141.22
28/09/2005,2115.4
27/09/2005,2116.42
26/09/2005,2121.46
23/09/2005,2116.84
22/09/2005,2110.78
21/09/2005,2106.64
20/09/2005,2131.33
19/09/2005,2145.26
16/09/2005,2160.35
15/09/2005,2146.15
14/09/2005,2149.33
13/09/2005,2171.75
12/09/2005,2182.83
9/09/2005,2175.51
8/09/2005,2166.03
7/09/2005,2172.03
6/09/2005,2166.86
2/09/2005,2141.07
1/09/2005,2147.9
31/08/2005,2152.09
30/08/2005,2129.76
29/08/2005,2137.65
26/08/2005,2120.77
25/08/2005,2134.37
24/08/2005,2128.91
23/08/2005,2137.25
22/08/2005,2141.41
19/08/2005,2135.56
18/08/2005,2136.08
17/08/2005,2145.15
16/08/2005,2137.06
15/08/2005,2167.04
12/08/2005,2156.9
11/08/2005,2174.55
10/08/2005,2157.81
9/08/2005,2174.19
8/08/2005,2164.39
5/08/2005,2177.91
4/08/2005,2191.32
3/08/2005,2216.81
2/08/2005,2218.15
1/08/2005,2195.38
29/07/2005,2184.83
28/07/2005,2198.44
27/07/2005,2186.22
26/07/2005,2175.99
25/07/2005,2166.74
22/07/2005,2179.74
21/07/2005,2178.6
20/07/2005,2188.57
19/07/2005,2173.18
18/07/2005,2144.87
15/07/2005,2156.78
14/07/2005,2152.82
13/07/2005,2144.11
12/07/2005,2143.15
11/07/2005,2135.43
8/07/2005,2112.88
7/07/2005,2075.66
6/07/2005,2068.65
5/07/2005,2078.75
1/07/2005,2057.37
30/06/2005,2056.96
29/06/2005,2068.89
28/06/2005,2069.89
27/06/2005,2045.2
24/06/2005,2053.27
23/06/2005,2070.66
22/06/2005,2092.03
21/06/2005,2091.07
20/06/2005,2088.13
17/06/2005,2090.11
16/06/2005,2089.15
15/06/2005,2074.92
14/06/2005,2069.04
13/06/2005,2068.96
10/06/2005,2063
9/06/2005,2076.91
8/06/2005,2060.18
7/06/2005,2067.16
6/06/2005,2075.76
3/06/2005,2071.43
2/06/2005,2097.8
1/06/2005,2087.86
31/05/2005,2068.22
27/05/2005,2075.73
26/05/2005,2071.24
25/05/2005,2050.12
24/05/2005,2061.62
23/05/2005,2056.65
20/05/2005,2046.42
19/05/2005,2042.58
18/05/2005,2030.65
17/05/2005,2004.15
16/05/2005,1994.43
13/05/2005,1976.78
12/05/2005,1963.88
11/05/2005,1971.55
10/05/2005,1962.77
9/05/2005,1979.67
6/05/2005,1967.35
5/05/2005,1961.8
4/05/2005,1962.23
3/05/2005,1933.07
2/05/2005,1928.65
29/04/2005,1921.65
28/04/2005,1904.18
27/04/2005,1930.43
26/04/2005,1927.44
25/04/2005,1950.78
22/04/2005,1932.19
21/04/2005,1962.41
20/04/2005,1913.76
19/04/2005,1932.36
18/04/2005,1912.92
15/04/2005,1908.15
14/04/2005,1946.71
13/04/2005,1974.37
12/04/2005,2005.4
11/04/2005,1992.12
8/04/2005,1999.35
7/04/2005,2018.79
6/04/2005,1999.14
5/04/2005,1999.32
4/04/2005,1991.07
1/04/2005,1984.81
31/03/2005,1999.23
30/03/2005,2005.67
29/03/2005,1973.88
28/03/2005,1992.52
24/03/2005,1991.06
23/03/2005,1990.22
22/03/2005,1989.34
21/03/2005,2007.51
18/03/2005,2007.79
17/03/2005,2016.42
16/03/2005,2015.75
15/03/2005,2034.98
14/03/2005,2051.04
11/03/2005,2041.6
10/03/2005,2059.72
9/03/2005,2061.29
8/03/2005,2073.55
7/03/2005,2090.21
4/03/2005,2070.61
3/03/2005,2058.4
2/03/2005,2067.5
1/03/2005,2071.25
28/02/2005,2051.72
25/02/2005,2065.4
24/02/2005,2051.7
23/02/2005,2031.25
22/02/2005,2030.32
18/02/2005,2058.62
17/02/2005,2061.34
16/02/2005,2087.43
15/02/2005,2089.21
14/02/2005,2082.91
11/02/2005,2076.66
10/02/2005,2053.1
9/02/2005,2052.55
8/02/2005,2086.68
7/02/2005,2082.03
4/02/2005,2086.66
3/02/2005,2057.64
2/02/2005,2075.06
1/02/2005,2068.7
31/01/2005,2062.41
28/01/2005,2035.83
27/01/2005,2047.15
26/01/2005,2046.09
25/01/2005,2019.95
24/01/2005,2008.7
21/01/2005,2034.27
20/01/2005,2045.88
19/01/2005,2073.59
18/01/2005,2106.04
14/01/2005,2087.91
13/01/2005,2070.56
12/01/2005,2092.53
11/01/2005,2079.62
10/01/2005,2097.04
7/01/2005,2088.61
6/01/2005,2090
5/01/2005,2091.24
4/01/2005,2107.86
3/01/2005,2152.15
31/12/2004,2175.44
30/12/2004,2178.34
29/12/2004,2177
28/12/2004,2177.19
27/12/2004,2154.22
23/12/2004,2160.62
22/12/2004,2157.03
21/12/2004,2150.91
20/12/2004,2127.85
17/12/2004,2135.2
16/12/2004,2146.15
15/12/2004,2162.55
14/12/2004,2159.84
13/12/2004,2148.5
10/12/2004,2128.07
9/12/2004,2129.01
8/12/2004,2126.11
7/12/2004,2114.66
6/12/2004,2151.25
3/12/2004,2147.96
2/12/2004,2143.57
1/12/2004,2138.23
30/11/2004,2096.81
29/11/2004,2106.87
26/11/2004,2101.97
24/11/2004,2102.54
23/11/2004,2084.28
22/11/2004,2085.19
19/11/2004,2070.63
18/11/2004,2104.28
17/11/2004,2099.68
16/11/2004,2078.62
15/11/2004,2094.09
12/11/2004,2085.34
11/11/2004,2061.27
10/11/2004,2034.56
9/11/2004,2043.33
8/11/2004,2039.25
5/11/2004,2038.94
4/11/2004,2023.63
3/11/2004,2004.33
2/11/2004,1984.79
1/11/2004,1979.87
29/10/2004,1974.99
28/10/2004,1975.74
27/10/2004,1969.99
26/10/2004,1928.79
25/10/2004,1914.04
22/10/2004,1915.14
21/10/2004,1953.62
20/10/2004,1932.97
19/10/2004,1922.9
18/10/2004,1936.52
15/10/2004,1911.5
14/10/2004,1903.02
13/10/2004,1920.53
12/10/2004,1925.17
11/10/2004,1928.76
8/10/2004,1919.97
7/10/2004,1948.52
6/10/2004,1971.03
5/10/2004,1955.5
4/10/2004,1952.4
1/10/2004,1942.2
30/09/2004,1896.84
29/09/2004,1893.94
28/09/2004,1869.87
27/09/2004,1859.88
24/09/2004,1879.48
23/09/2004,1886.43
22/09/2004,1885.71
21/09/2004,1921.18
20/09/2004,1908.07
17/09/2004,1910.09
16/09/2004,1904.08
15/09/2004,1896.52
14/09/2004,1915.4
13/09/2004,1910.38
10/09/2004,1894.31
9/09/2004,1869.65
8/09/2004,1850.64
7/09/2004,1858.56
3/09/2004,1844.48
2/09/2004,1873.43
1/09/2004,1850.41
31/08/2004,1838.1
30/08/2004,1836.49
27/08/2004,1862.09
26/08/2004,1852.92
25/08/2004,1860.72
24/08/2004,1836.89
23/08/2004,1838.7
20/08/2004,1838.02
19/08/2004,1819.89
18/08/2004,1831.37
17/08/2004,1795.25
16/08/2004,1782.84
13/08/2004,1757.22
12/08/2004,1752.49
11/08/2004,1782.42
10/08/2004,1808.7
9/08/2004,1774.64
6/08/2004,1776.89
5/08/2004,1821.63
4/08/2004,1855.06
3/08/2004,1859.42
2/08/2004,1892.09
30/07/2004,1887.36
29/07/2004,1881.06
28/07/2004,1858.26
27/07/2004,1869.1
26/07/2004,1839.02
23/07/2004,1849.09
22/07/2004,1889.06
21/07/2004,1874.37
20/07/2004,1917.07
19/07/2004,1883.83
16/07/2004,1883.15
15/07/2004,1912.71
14/07/2004,1914.88
13/07/2004,1931.66
12/07/2004,1936.92
9/07/2004,1946.33
8/07/2004,1935.32
7/07/2004,1966.08
6/07/2004,1963.43
2/07/2004,2006.66
1/07/2004,2015.55
30/06/2004,2047.79
29/06/2004,2034.93
28/06/2004,2019.82
25/06/2004,2025.47
24/06/2004,2015.57
23/06/2004,2020.98
22/06/2004,1994.15
21/06/2004,1974.38
18/06/2004,1986.73
17/06/2004,1983.67
16/06/2004,1998.23
15/06/2004,1995.6
14/06/2004,1969.99
10/06/2004,1999.87
9/06/2004,1990.61
8/06/2004,2023.53
7/06/2004,2020.62
4/06/2004,1978.62
3/06/2004,1960.26
2/06/2004,1988.98
1/06/2004,1990.77
28/05/2004,1986.74
27/05/2004,1984.5
26/05/2004,1976.15
25/05/2004,1964.65
24/05/2004,1922.98
21/05/2004,1912.09
20/05/2004,1896.59
19/05/2004,1898.17
18/05/2004,1897.82
17/05/2004,1876.64
14/05/2004,1904.25
13/05/2004,1926.03
12/05/2004,1925.59
11/05/2004,1931.35
10/05/2004,1896.07
7/05/2004,1917.96
6/05/2004,1937.74
5/05/2004,1957.26
4/05/2004,1950.48
3/05/2004,1938.72
30/04/2004,1920.15
29/04/2004,1958.78
28/04/2004,1989.54
27/04/2004,2032.53
26/04/2004,2036.77
23/04/2004,2049.77
22/04/2004,2032.91
21/04/2004,1995.63
20/04/2004,1978.63
19/04/2004,2020.43
16/04/2004,1995.74
15/04/2004,2002.17
14/04/2004,2024.85
13/04/2004,2030.08
12/04/2004,2065.48
8/04/2004,2052.88
7/04/2004,2050.24
6/04/2004,2059.9
5/04/2004,2079.12
2/04/2004,2057.17
1/04/2004,2015.01
31/03/2004,1994.22
30/03/2004,2000.63
29/03/2004,1992.57
26/03/2004,1960.02
25/03/2004,1967.17
24/03/2004,1909.48
23/03/2004,1901.8
22/03/2004,1909.9
19/03/2004,1940.47
18/03/2004,1962.44
17/03/2004,1976.76
16/03/2004,1943.09
15/03/2004,1939.2
12/03/2004,1984.73
11/03/2004,1943.89
10/03/2004,1964.15
9/03/2004,1995.16
8/03/2004,2008.78
5/03/2004,2047.63
4/03/2004,2055.11
3/03/2004,2033.36
2/03/2004,2039.65
1/03/2004,2057.8
27/02/2004,2029.82
26/02/2004,2032.57
25/02/2004,2022.98
24/02/2004,2005.44
23/02/2004,2007.52
20/02/2004,2037.93
19/02/2004,2045.96
18/02/2004,2076.47
17/02/2004,2080.35
13/02/2004,2053.56
12/02/2004,2073.61
11/02/2004,2089.66
10/02/2004,2075.33
9/02/2004,2060.57
6/02/2004,2064.01
5/02/2004,2019.56
4/02/2004,2014.14
3/02/2004,2066.21
2/02/2004,2063.15
30/01/2004,2066.15
29/01/2004,2068.23
28/01/2004,2077.37
27/01/2004,2116.04
26/01/2004,2153.83
23/01/2004,2123.87
22/01/2004,2119.01
21/01/2004,2142.45
20/01/2004,2147.98
16/01/2004,2140.46
15/01/2004,2109.08
14/01/2004,2111.13
13/01/2004,2096.44
12/01/2004,2111.78
9/01/2004,2086.92
8/01/2004,2100.25
7/01/2004,2077.68
6/01/2004,2057.37
5/01/2004,2047.36
2/01/2004,2006.68
31/12/2003,2003.37
30/12/2003,2009.88
29/12/2003,2006.48
26/12/2003,1973.14
24/12/2003,1969.23
23/12/2003,1974.78
22/12/2003,1955.8
19/12/2003,1951.02
18/12/2003,1956.18
17/12/2003,1921.33
16/12/2003,1924.29
15/12/2003,1918.26
12/12/2003,1949
11/12/2003,1942.32
10/12/2003,1904.65
9/12/2003,1908.32
8/12/2003,1948.85
5/12/2003,1937.82
4/12/2003,1968.8
3/12/2003,1960.25
2/12/2003,1980.07
1/12/2003,1989.82
28/11/2003,1960.26
26/11/2003,1953.31
25/11/2003,1943.04
24/11/2003,1947.14
21/11/2003,1893.88
20/11/2003,1881.92
19/11/2003,1899.65
18/11/2003,1881.75
17/11/2003,1909.61
14/11/2003,1930.26
13/11/2003,1967.35
12/11/2003,1973.11
11/11/2003,1930.75
10/11/2003,1941.64
7/11/2003,1970.74
6/11/2003,1976.37
5/11/2003,1959.37
4/11/2003,1957.96
3/11/2003,1967.7
31/10/2003,1932.21
30/10/2003,1932.69
29/10/2003,1936.56
28/10/2003,1932.26
27/10/2003,1882.91
24/10/2003,1865.59
23/10/2003,1885.51
22/10/2003,1898.07
21/10/2003,1940.9
20/10/2003,1925.14
17/10/2003,1912.36
16/10/2003,1950.14
15/10/2003,1939.1
14/10/2003,1943.19
13/10/2003,1933.53
10/10/2003,1915.31
9/10/2003,1911.9
8/10/2003,1893.78
7/10/2003,1907.85
6/10/2003,1893.46
3/10/2003,1880.57
2/10/2003,1836.22
1/10/2003,1832.25
30/09/2003,1786.94
29/09/2003,1824.56
26/09/2003,1792.07
25/09/2003,1817.24
24/09/2003,1843.7
23/09/2003,1901.72
22/09/2003,1874.62
19/09/2003,1905.7
18/09/2003,1909.55
17/09/2003,1883.1
16/09/2003,1887.25
15/09/2003,1845.7
12/09/2003,1855.03
11/09/2003,1846.09
10/09/2003,1823.81
9/09/2003,1873.43
8/09/2003,1888.62
5/09/2003,1858.24
4/09/2003,1868.97
3/09/2003,1852.9
2/09/2003,1841.48
29/08/2003,1810.45
28/08/2003,1800.18
27/08/2003,1782.13
26/08/2003,1770.65
25/08/2003,1764.31
22/08/2003,1765.32
21/08/2003,1777.55
20/08/2003,1760.54
19/08/2003,1761.11
18/08/2003,1739.49
15/08/2003,1702.01
14/08/2003,1700.34
13/08/2003,1686.61
12/08/2003,1687.01
11/08/2003,1661.51
8/08/2003,1644.03
7/08/2003,1652.18
6/08/2003,1652.68
5/08/2003,1673.5
4/08/2003,1714.06
1/08/2003,1715.62
31/07/2003,1735.02
30/07/2003,1720.91
29/07/2003,1731.37
28/07/2003,1735.36
25/07/2003,1730.7
24/07/2003,1701.42
23/07/2003,1719.18
22/07/2003,1706.1
21/07/2003,1681.41
18/07/2003,1708.5
17/07/2003,1698.02
16/07/2003,1747.97
15/07/2003,1753.21
14/07/2003,1754.82
11/07/2003,1733.93
10/07/2003,1715.86
9/07/2003,1747.46
8/07/2003,1746.46
7/07/2003,1720.71
3/07/2003,1663.46
2/07/2003,1678.73
1/07/2003,1640.13
30/06/2003,1622.8
27/06/2003,1625.26
26/06/2003,1634.01
25/06/2003,1602.66
24/06/2003,1605.61
23/06/2003,1610.75
20/06/2003,1644.72
19/06/2003,1648.64
18/06/2003,1677.14
17/06/2003,1668.44
16/06/2003,1666.58
13/06/2003,1626.49
12/06/2003,1653.62
11/06/2003,1646.02
10/06/2003,1627.67
9/06/2003,1603.97
6/06/2003,1627.42
5/06/2003,1646.01
4/06/2003,1634.65
3/06/2003,1603.56
2/06/2003,1590.75
30/05/2003,1595.91
29/05/2003,1574.95
28/05/2003,1563.24
27/05/2003,1556.69
23/05/2003,1510.09
22/05/2003,1507.55
21/05/2003,1489.87
20/05/2003,1491.09
19/05/2003,1492.77
16/05/2003,1538.53
15/05/2003,1551.38
14/05/2003,1534.9
13/05/2003,1539.68
12/05/2003,1541.4
9/05/2003,1520.15
8/05/2003,1489.69
7/05/2003,1506.76
6/05/2003,1523.71
5/05/2003,1504.04
2/05/2003,1502.88
1/05/2003,1472.56
30/04/2003,1464.31
29/04/2003,1471.3
28/04/2003,1462.24
25/04/2003,1434.54
24/04/2003,1457.23
23/04/2003,1466.16
22/04/2003,1451.36
21/04/2003,1424.37
17/04/2003,1425.5
16/04/2003,1394.72
15/04/2003,1391.01
14/04/2003,1384.95
11/04/2003,1358.85
10/04/2003,1365.61
9/04/2003,1356.74
8/04/2003,1382.94
7/04/2003,1389.51
4/04/2003,1383.51
3/04/2003,1396.58
2/04/2003,1396.72
1/04/2003,1348.3
31/03/2003,1341.17
28/03/2003,1369.6
27/03/2003,1384.25
26/03/2003,1387.45
25/03/2003,1391.01
24/03/2003,1369.78
21/03/2003,1421.84
20/03/2003,1402.77
19/03/2003,1397.07
18/03/2003,1400.55
17/03/2003,1392.27
14/03/2003,1340.33
13/03/2003,1340.77
12/03/2003,1279.24
11/03/2003,1271.47
10/03/2003,1278.37
7/03/2003,1305.29
6/03/2003,1302.89
5/03/2003,1314.4
4/03/2003,1307.77
3/03/2003,1320.29
28/02/2003,1337.52
27/02/2003,1323.94
26/02/2003,1303.68
25/02/2003,1328.98
24/02/2003,1322.38
21/02/2003,1349.02
20/02/2003,1331.23
19/02/2003,1334.32
18/02/2003,1346.54
14/02/2003,1310.17
13/02/2003,1277.44
12/02/2003,1278.97
11/02/2003,1295.46
10/02/2003,1296.68
7/02/2003,1282.47
6/02/2003,1301.73
5/02/2003,1301.5
4/02/2003,1306.15
3/02/2003,1323.79
31/01/2003,1320.91
30/01/2003,1322.35
29/01/2003,1358.06
28/01/2003,1342.18
27/01/2003,1325.27
24/01/2003,1342.14
23/01/2003,1388.27
22/01/2003,1359.48
21/01/2003,1364.25
17/01/2003,1376.19
16/01/2003,1423.75
15/01/2003,1438.8
14/01/2003,1460.99
13/01/2003,1446.04
10/01/2003,1447.72
9/01/2003,1438.46
8/01/2003,1401.07
7/01/2003,1431.57
6/01/2003,1421.32
3/01/2003,1387.08
2/01/2003,1384.85
31/12/2002,1335.51
30/12/2002,1339.54
27/12/2002,1348.31
26/12/2002,1367.89
24/12/2002,1372.47
23/12/2002,1381.69
20/12/2002,1363.05
19/12/2002,1354.1
18/12/2002,1361.51
17/12/2002,1392.05
16/12/2002,1400.33
13/12/2002,1362.42
12/12/2002,1399.55
11/12/2002,1396.59
10/12/2002,1390.76
9/12/2002,1367.14
6/12/2002,1422.44
5/12/2002,1410.75
4/12/2002,1430.35
3/12/2002,1448.96
2/12/2002,1484.78
29/11/2002,1478.78
27/11/2002,1487.94
26/11/2002,1444.43
25/11/2002,1481.9
22/11/2002,1468.74
21/11/2002,1467.55
20/11/2002,1419.35
19/11/2002,1374.51
18/11/2002,1393.69
15/11/2002,1411.14
14/11/2002,1411.52
13/11/2002,1361.34
12/11/2002,1349.56
11/11/2002,1319.19
8/11/2002,1359.28
7/11/2002,1376.71
6/11/2002,1418.99
5/11/2002,1401.17
4/11/2002,1396.54
1/11/2002,1360.7
31/10/2002,1329.75
30/10/2002,1326.73
29/10/2002,1300.54
28/10/2002,1315.83
25/10/2002,1331.13
24/10/2002,1298.71
23/10/2002,1320.23
22/10/2002,1292.8
21/10/2002,1309.67
18/10/2002,1287.86
17/10/2002,1272.29
16/10/2002,1232.42
15/10/2002,1282.44
14/10/2002,1220.53
11/10/2002,1210.47
10/10/2002,1163.37
9/10/2002,1114.11
8/10/2002,1129.21
7/10/2002,1119.4
4/10/2002,1139.9
3/10/2002,1165.56
2/10/2002,1187.3
1/10/2002,1213.72
30/09/2002,1172.06
27/09/2002,1199.16
26/09/2002,1221.61
25/09/2002,1222.29
24/09/2002,1182.17
23/09/2002,1184.93
20/09/2002,1221.09
19/09/2002,1216.45
18/09/2002,1252.13
17/09/2002,1259.94
16/09/2002,1275.88
13/09/2002,1291.4
12/09/2002,1279.68
11/09/2002,1315.45
10/09/2002,1320.09
9/09/2002,1304.6
6/09/2002,1295.3
5/09/2002,1251
4/09/2002,1292.31
3/09/2002,1263.84
30/08/2002,1314.85
29/08/2002,1335.77
28/08/2002,1314.38
27/08/2002,1347.78
26/08/2002,1391.74
23/08/2002,1380.62
22/08/2002,1422.95
21/08/2002,1409.25
20/08/2002,1376.59
19/08/2002,1394.54
16/08/2002,1361.01
15/08/2002,1345.01
14/08/2002,1334.3
13/08/2002,1269.28
12/08/2002,1306.84
9/08/2002,1306.12
8/08/2002,1316.52
7/08/2002,1280.9
6/08/2002,1259.55
5/08/2002,1206.01
2/08/2002,1247.92
1/08/2002,1280
31/07/2002,1328.26
30/07/2002,1344.19
29/07/2002,1335.25
26/07/2002,1262.12
25/07/2002,1240.08
24/07/2002,1290.23
23/07/2002,1229.05
22/07/2002,1282.65
19/07/2002,1319.15
18/07/2002,1356.95
17/07/2002,1397.25
16/07/2002,1375.26
15/07/2002,1382.62
12/07/2002,1373.5
11/07/2002,1374.43
10/07/2002,1346.01
9/07/2002,1381.12
8/07/2002,1405.61
5/07/2002,1448.36
3/07/2002,1380.17
2/07/2002,1357.82
1/07/2002,1403.8
28/06/2002,1463.21
27/06/2002,1459.2
26/06/2002,1429.33
25/06/2002,1423.99
24/06/2002,1460.34
21/06/2002,1440.96
20/06/2002,1464.75
19/06/2002,1496.83
18/06/2002,1542.96
17/06/2002,1553.29
14/06/2002,1504.74
13/06/2002,1496.86
12/06/2002,1519.12
11/06/2002,1497.18
10/06/2002,1530.69
7/06/2002,1535.48
6/06/2002,1554.88
5/06/2002,1595.26
4/06/2002,1578.12
3/06/2002,1562.56
31/05/2002,1615.73
30/05/2002,1631.92
29/05/2002,1624.39
28/05/2002,1652.17
24/05/2002,1661.49
23/05/2002,1697.63
22/05/2002,1673.45
21/05/2002,1664.18
20/05/2002,1701.59
17/05/2002,1741.39
16/05/2002,1730.44
15/05/2002,1725.56
14/05/2002,1719.05
13/05/2002,1652.54
10/05/2002,1600.85
9/05/2002,1650.49
8/05/2002,1696.29
7/05/2002,1573.82
6/05/2002,1578.48
3/05/2002,1613.03
2/05/2002,1644.82
1/05/2002,1677.53
30/04/2002,1688.23
29/04/2002,1656.93
26/04/2002,1663.89
25/04/2002,1713.7
24/04/2002,1713.34
23/04/2002,1730.29
22/04/2002,1758.68
19/04/2002,1796.83
18/04/2002,1802.43
17/04/2002,1810.67
16/04/2002,1816.79
15/04/2002,1753.78
12/04/2002,1756.19
11/04/2002,1725.24
10/04/2002,1767.07
9/04/2002,1742.57
8/04/2002,1785.87
5/04/2002,1770.03
4/04/2002,1789.75
3/04/2002,1784.35
2/04/2002,1804.4
1/04/2002,1862.62
28/03/2002,1845.35
27/03/2002,1826.75
26/03/2002,1824.17
25/03/2002,1812.49
22/03/2002,1851.39
21/03/2002,1868.83
20/03/2002,1832.87
19/03/2002,1880.87
18/03/2002,1877.06
15/03/2002,1868.3
14/03/2002,1854.14
13/03/2002,1862.03
12/03/2002,1897.12
11/03/2002,1929.49
8/03/2002,1929.67
7/03/2002,1881.63
6/03/2002,1890.4
5/03/2002,1866.29
4/03/2002,1859.32
1/03/2002,1802.74
28/02/2002,1731.49
27/02/2002,1751.88
26/02/2002,1766.86
25/02/2002,1769.88
22/02/2002,1724.54
21/02/2002,1716.24
20/02/2002,1775.57
19/02/2002,1750.61
15/02/2002,1805.2
14/02/2002,1843.37
13/02/2002,1859.16
12/02/2002,1834.21
11/02/2002,1846.66
8/02/2002,1818.88
7/02/2002,1782.11
6/02/2002,1812.71
5/02/2002,1838.52
4/02/2002,1855.53
1/02/2002,1911.24
31/01/2002,1934.03
30/01/2002,1913.44
29/01/2002,1892.99
28/01/2002,1943.91
25/01/2002,1937.7
24/01/2002,1942.58
23/01/2002,1922.38
22/01/2002,1882.57
18/01/2002,1930.34
17/01/2002,1985.82
16/01/2002,1944.44
15/01/2002,2000.91
14/01/2002,1990.74
11/01/2002,2022.46
10/01/2002,2047.24
9/01/2002,2044.89
8/01/2002,2055.74
7/01/2002,2037.1
4/01/2002,2059.38
3/01/2002,2044.27
2/01/2002,1979.25
31/12/2001,1950.4
28/12/2001,1987.26
27/12/2001,1976.42
26/12/2001,1960.7
24/12/2001,1944.48
21/12/2001,1945.83
20/12/2001,1918.54
19/12/2001,1982.89
18/12/2001,2004.76
17/12/2001,1987.45
14/12/2001,1953.17
13/12/2001,1946.51
12/12/2001,2011.38
11/12/2001,2001.93
10/12/2001,1992.12
7/12/2001,2021.26
6/12/2001,2054.27
5/12/2001,2046.84
4/12/2001,1963.1
3/12/2001,1904.9
30/11/2001,1930.58
29/11/2001,1933.26
28/11/2001,1887.97
27/11/2001,1935.97
26/11/2001,1941.23
23/11/2001,1903.2
21/11/2001,1875.05
20/11/2001,1880.51
19/11/2001,1934.42
16/11/2001,1898.58
15/11/2001,1900.57
14/11/2001,1903.19
13/11/2001,1892.11
12/11/2001,1840.13
9/11/2001,1828.48
8/11/2001,1827.77
7/11/2001,1837.53
6/11/2001,1835.08
5/11/2001,1793.65
2/11/2001,1745.73
1/11/2001,1746.3
31/10/2001,1690.2
30/10/2001,1667.41
29/10/2001,1699.52
26/10/2001,1768.96
25/10/2001,1775.47
24/10/2001,1731.54
23/10/2001,1704.44
22/10/2001,1708.08
19/10/2001,1671.31
18/10/2001,1652.72
17/10/2001,1646.34
16/10/2001,1722.07
15/10/2001,1696.31
12/10/2001,1703.4
11/10/2001,1701.47
10/10/2001,1626.26
9/10/2001,1570.19
8/10/2001,1605.95
5/10/2001,1605.3
4/10/2001,1597.31
3/10/2001,1580.81
2/10/2001,1492.33
1/10/2001,1480.46
28/09/2001,1498.8
27/09/2001,1460.71
26/09/2001,1464.04
25/09/2001,1501.64
24/09/2001,1499.4
21/09/2001,1423.19
20/09/2001,1470.93
19/09/2001,1527.8
18/09/2001,1555.08
17/09/2001,1579.55
10/09/2001,1695.38
7/09/2001,1687.7
6/09/2001,1705.64
5/09/2001,1759.01
4/09/2001,1770.78
31/08/2001,1805.43
30/08/2001,1791.68
29/08/2001,1843.17
28/08/2001,1864.98
27/08/2001,1912.41
24/08/2001,1916.8
23/08/2001,1842.97
22/08/2001,1860.01
21/08/2001,1831.3
20/08/2001,1881.35
17/08/2001,1867.01
16/08/2001,1930.32
15/08/2001,1918.89
14/08/2001,1964.53
13/08/2001,1982.25
10/08/2001,1956.47
9/08/2001,1963.32
8/08/2001,1966.36
7/08/2001,2027.79
6/08/2001,2034.26
3/08/2001,2066.33
2/08/2001,2087.38
1/08/2001,2068.38
31/07/2001,2027.13
30/07/2001,2017.84
27/07/2001,2029.07
26/07/2001,2022.96
25/07/2001,1984.32
24/07/2001,1959.24
23/07/2001,1988.56
20/07/2001,2029.37
19/07/2001,2046.59
18/07/2001,2016.17
17/07/2001,2067.32
16/07/2001,2029.12
13/07/2001,2084.79
12/07/2001,2075.74
11/07/2001,1972.04
10/07/2001,1962.79
9/07/2001,2026.71
6/07/2001,2004.16
5/07/2001,2080.11
3/07/2001,2140.8
2/07/2001,2148.72
29/06/2001,2161.24
28/06/2001,2125.46
27/06/2001,2074.74
26/06/2001,2064.62
25/06/2001,2050.87
22/06/2001,2034.84
21/06/2001,2058.76
20/06/2001,2031.24
19/06/2001,1992.66
18/06/2001,1988.63
15/06/2001,2028.43
14/06/2001,2044.07
13/06/2001,2121.66
12/06/2001,2169.95
11/06/2001,2170.78
8/06/2001,2215.1
7/06/2001,2264
6/06/2001,2217.73
5/06/2001,2233.66
4/06/2001,2155.93
1/06/2001,2149.44
31/05/2001,2110.49
30/05/2001,2084.5
29/05/2001,2175.54
25/05/2001,2251.03
24/05/2001,2282.02
23/05/2001,2243.48
22/05/2001,2313.85
21/05/2001,2305.59
18/05/2001,2198.88
17/05/2001,2193.68
16/05/2001,2166.44
15/05/2001,2085.58
14/05/2001,2081.92
11/05/2001,2107.43
10/05/2001,2128.86
9/05/2001,2156.63
8/05/2001,2198.77
7/05/2001,2173.57
4/05/2001,2191.53
3/05/2001,2146.2
2/05/2001,2220.6
1/05/2001,2168.24
30/04/2001,2116.24
27/04/2001,2075.68
26/04/2001,2034.88
25/04/2001,2059.8
24/04/2001,2016.61
23/04/2001,2059.32
20/04/2001,2163.41
19/04/2001,2182.14
18/04/2001,2079.44
17/04/2001,1923.22
16/04/2001,1909.57
12/04/2001,1961.43
11/04/2001,1898.95
10/04/2001,1852.03
9/04/2001,1745.71
6/04/2001,1720.36
5/04/2001,1785
4/04/2001,1638.8
3/04/2001,1673
2/04/2001,1782.97
30/03/2001,1840.26
29/03/2001,1820.57
28/03/2001,1854.13
27/03/2001,1972.26
26/03/2001,1918.49
23/03/2001,1928.68
22/03/2001,1897.7
21/03/2001,1830.23
20/03/2001,1857.44
19/03/2001,1951.18
16/03/2001,1890.91
15/03/2001,1940.71
14/03/2001,1972.09
13/03/2001,2014.78
12/03/2001,1923.38
9/03/2001,2052.78
8/03/2001,2168.73
7/03/2001,2223.92
6/03/2001,2204.43
5/03/2001,2142.92
2/03/2001,2117.63
1/03/2001,2183.37
28/02/2001,2151.83
27/02/2001,2207.82
26/02/2001,2308.5
23/02/2001,2262.51
22/02/2001,2244.96
21/02/2001,2268.94
20/02/2001,2318.35
16/02/2001,2425.38
15/02/2001,2552.91
14/02/2001,2491.4
13/02/2001,2427.72
12/02/2001,2489.66
9/02/2001,2470.97
8/02/2001,2562.06
7/02/2001,2607.82
6/02/2001,2664.49
5/02/2001,2643.21
2/02/2001,2660.5
1/02/2001,2782.79
31/01/2001,2772.73
30/01/2001,2838.35
29/01/2001,2838.34
26/01/2001,2781.3
25/01/2001,2754.28
24/01/2001,2859.15
23/01/2001,2840.39
22/01/2001,2757.91
19/01/2001,2770.38
18/01/2001,2768.49
17/01/2001,2682.78
16/01/2001,2618.55
12/01/2001,2626.5
11/01/2001,2640.57
10/01/2001,2524.18
9/01/2001,2441.3
8/01/2001,2395.92
5/01/2001,2407.65
4/01/2001,2566.83
3/01/2001,2616.69
2/01/2001,2291.86
29/12/2000,2470.52
28/12/2000,2557.76
27/12/2000,2539.35
26/12/2000,2493.52
22/12/2000,2517.02
21/12/2000,2340.12
20/12/2000,2332.78
19/12/2000,2511.71
18/12/2000,2624.52
15/12/2000,2653.27
14/12/2000,2728.51
13/12/2000,2822.77
12/12/2000,2931.77
11/12/2000,3015.1
8/12/2000,2917.43
7/12/2000,2752.66
6/12/2000,2796.5
5/12/2000,2889.8
4/12/2000,2615.75
1/12/2000,2645.29
30/11/2000,2597.93
29/11/2000,2706.93
28/11/2000,2734.98
27/11/2000,2880.49
24/11/2000,2904.38
22/11/2000,2755.34
21/11/2000,2871.45
20/11/2000,2875.64
17/11/2000,3027.19
16/11/2000,3031.88
15/11/2000,3165.49
14/11/2000,3138.27
13/11/2000,2966.72
10/11/2000,3028.99
9/11/2000,3200.35
8/11/2000,3231.7
7/11/2000,3415.79
6/11/2000,3416.21
3/11/2000,3451.58
2/11/2000,3429.02
1/11/2000,3333.39
31/10/2000,3369.63
30/10/2000,3191.4
27/10/2000,3278.36
26/10/2000,3272.18
25/10/2000,3229.57
24/10/2000,3419.79
23/10/2000,3468.69
20/10/2000,3483.14
19/10/2000,3418.6
18/10/2000,3171.56
17/10/2000,3213.96
16/10/2000,3290.28
13/10/2000,3316.77
12/10/2000,3074.68
11/10/2000,3168.49
10/10/2000,3240.54
9/10/2000,3355.56
6/10/2000,3361.01
5/10/2000,3472.1
4/10/2000,3523.1
3/10/2000,3455.83
2/10/2000,3568.9
29/09/2000,3672.82
28/09/2000,3778.32
27/09/2000,3656.3
26/09/2000,3689.1
25/09/2000,3741.22
22/09/2000,3803.76
21/09/2000,3828.87
20/09/2000,3897.44
19/09/2000,3865.64
18/09/2000,3726.52
15/09/2000,3835.23
14/09/2000,3913.86
13/09/2000,3893.89
12/09/2000,3849.51
11/09/2000,3896.35
8/09/2000,3978.41
7/09/2000,4098.35
6/09/2000,4013.34
5/09/2000,4143.18
1/09/2000,4234.33
31/08/2000,4206.35
30/08/2000,4103.81
29/08/2000,4082.17
28/08/2000,4070.59
25/08/2000,4042.68
24/08/2000,4053.28
23/08/2000,4011.01
22/08/2000,3958.21
21/08/2000,3953.15
18/08/2000,3930.34
17/08/2000,3940.87
16/08/2000,3861.2
15/08/2000,3851.66
14/08/2000,3849.69
11/08/2000,3789.47
10/08/2000,3759.99
9/08/2000,3853.5
8/08/2000,3848.55
7/08/2000,3862.99
4/08/2000,3787.36
3/08/2000,3759.88
2/08/2000,3658.46
1/08/2000,3685.52
31/07/2000,3766.99
28/07/2000,3663
27/07/2000,3842.23
26/07/2000,3987.72
25/07/2000,4029.57
24/07/2000,3981.57
21/07/2000,4094.45
20/07/2000,4184.56
19/07/2000,4055.63
18/07/2000,4177.17
17/07/2000,4274.67
14/07/2000,4246.18
13/07/2000,4174.86
12/07/2000,4099.59
11/07/2000,3956.42
10/07/2000,3980.29
7/07/2000,4023.2
6/07/2000,3960.57
5/07/2000,3863.1
3/07/2000,3991.93
30/06/2000,3966.11
29/06/2000,3877.23
28/06/2000,3940.34
27/06/2000,3858.96
26/06/2000,3912.12
23/06/2000,3845.34
22/06/2000,3936.84
21/06/2000,4064.01
20/06/2000,4013.36
19/06/2000,3989.83
16/06/2000,3860.56
15/06/2000,3845.74
14/06/2000,3797.41
13/06/2000,3851.06
12/06/2000,3767.91
9/06/2000,3874.84
8/06/2000,3825.56
7/06/2000,3839.26
6/06/2000,3756.37
5/06/2000,3821.76
2/06/2000,3813.38
1/06/2000,3582.5
31/05/2000,3400.91
30/05/2000,3459.48
26/05/2000,3205.11
25/05/2000,3205.35
24/05/2000,3270.61
23/05/2000,3164.55
22/05/2000,3364.21
19/05/2000,3390.4
18/05/2000,3538.71
17/05/2000,3644.96
16/05/2000,3717.57
15/05/2000,3607.65
12/05/2000,3529.06
11/05/2000,3499.58
10/05/2000,3384.73
9/05/2000,3585.01
8/05/2000,3669.38
5/05/2000,3816.82
4/05/2000,3720.24
3/05/2000,3707.31
2/05/2000,3785.45
1/05/2000,3958.08
28/04/2000,3860.66
27/04/2000,3774.03
26/04/2000,3630.09
25/04/2000,3711.23
24/04/2000,3482.48
20/04/2000,3643.88
19/04/2000,3706.41
18/04/2000,3793.57
17/04/2000,3539.16
14/04/2000,3321.29
13/04/2000,3676.78
12/04/2000,3769.63
11/04/2000,4055.9
10/04/2000,4188.2
7/04/2000,4446.45
6/04/2000,4267.56
5/04/2000,4169.22
4/04/2000,4148.89
3/04/2000,4223.68
31/03/2000,4572.83
30/03/2000,4457.89
29/03/2000,4644.67
28/03/2000,4833.89
27/03/2000,4958.56
24/03/2000,4963.03
23/03/2000,4940.61
22/03/2000,4864.75
21/03/2000,4711.68
20/03/2000,4610
17/03/2000,4798.13
16/03/2000,4717.39
15/03/2000,4582.62
14/03/2000,4706.63
13/03/2000,4907.24
10/03/2000,5048.62
9/03/2000,5046.86
8/03/2000,4897.17
7/03/2000,4847.84
6/03/2000,4904.85
3/03/2000,4914.79
2/03/2000,4754.51
1/03/2000,4784.08
29/02/2000,4696.69
28/02/2000,4577.85
25/02/2000,4590.5
24/02/2000,4617.65
23/02/2000,4550.33
22/02/2000,4382.12
18/02/2000,4411.74
17/02/2000,4548.92
16/02/2000,4427.65
15/02/2000,4420.77
14/02/2000,4418.55
11/02/2000,4395.45
10/02/2000,4485.63
9/02/2000,4363.24
8/02/2000,4427.54
7/02/2000,4321.77
4/02/2000,4244.14
3/02/2000,4210.98
2/02/2000,4073.96
1/02/2000,4051.98
31/01/2000,3940.35
28/01/2000,3887.07
27/01/2000,4039.56
26/01/2000,4069.91
25/01/2000,4167.41
24/01/2000,4096.08
21/01/2000,4235.4
20/01/2000,4189.51
19/01/2000,4151.29
18/01/2000,4130.81
14/01/2000,4064.27
13/01/2000,3957.21
12/01/2000,3850.02
11/01/2000,3921.19
10/01/2000,4049.67
7/01/2000,3882.62
6/01/2000,3727.13
5/01/2000,3877.54
4/01/2000,3901.69
3/01/2000,4131.15
31/12/1999,4069.31
30/12/1999,4036.87
29/12/1999,4041.46
28/12/1999,3972.11
27/12/1999,3975.38
23/12/1999,3969.44
22/12/1999,3937.3
21/12/1999,3911.15
20/12/1999,3783.87
17/12/1999,3753.06
16/12/1999,3715.06
15/12/1999,3621.95
14/12/1999,3571.66
13/12/1999,3658.15
10/12/1999,3620.23
9/12/1999,3594.17
8/12/1999,3586.08
7/12/1999,3586.92
6/12/1999,3546.01
3/12/1999,3520.63
2/12/1999,3452.78
1/12/1999,3353.71
30/11/1999,3336.16
29/11/1999,3421.37
26/11/1999,3447.81
24/11/1999,3420.5
23/11/1999,3342.87
22/11/1999,3392.56
19/11/1999,3369.25
18/11/1999,3347.11
17/11/1999,3269.39
16/11/1999,3295.52
15/11/1999,3219.54
12/11/1999,3221.15
11/11/1999,3197.29
10/11/1999,3155.96
9/11/1999,3125.04
8/11/1999,3143.97
5/11/1999,3102.29
4/11/1999,3055.95
3/11/1999,3028.51
2/11/1999,2981.63
1/11/1999,2967.65
29/10/1999,2966.43
28/10/1999,2875.22
27/10/1999,2802.52
26/10/1999,2811.47
25/10/1999,2815.95
22/10/1999,2816.52
21/10/1999,2801.95
20/10/1999,2788.13
19/10/1999,2688.18
18/10/1999,2689.15
15/10/1999,2731.83
14/10/1999,2806.84
13/10/1999,2801.27
12/10/1999,2872.43
11/10/1999,2915.95
8/10/1999,2886.57
7/10/1999,2860.7
6/10/1999,2857.21
5/10/1999,2799.67
4/10/1999,2795.97
1/10/1999,2736.85
30/09/1999,2746.16
29/09/1999,2730.27
28/09/1999,2756.25
27/09/1999,2761.75
24/09/1999,2740.41
23/09/1999,2749.83
22/09/1999,2858.16
21/09/1999,2821.1
20/09/1999,2886.15
17/09/1999,2869.62
16/09/1999,2806.72
15/09/1999,2814.17
14/09/1999,2868.29
13/09/1999,2844.77
10/09/1999,2887.06
9/09/1999,2852.02
8/09/1999,2808.74
7/09/1999,2837.26
3/09/1999,2843.11
2/09/1999,2734.24
1/09/1999,2750.8
31/08/1999,2739.35
30/08/1999,2712.69
27/08/1999,2758.9
26/08/1999,2774.62
25/08/1999,2805.6
24/08/1999,2752.37
23/08/1999,2719.57
20/08/1999,2648.33
19/08/1999,2621.43
18/08/1999,2657.73
17/08/1999,2671.22
16/08/1999,2645.28
13/08/1999,2637.81
12/08/1999,2549.49
11/08/1999,2564.98
10/08/1999,2490.11
9/08/1999,2518.98
6/08/1999,2547.97
5/08/1999,2565.83
4/08/1999,2540
3/08/1999,2587.99
2/08/1999,2623.63
30/07/1999,2638.49
29/07/1999,2640.01
28/07/1999,2705.84
27/07/1999,2679.33
26/07/1999,2619.19
23/07/1999,2692.4
22/07/1999,2684.44
21/07/1999,2761.77
20/07/1999,2732.18
19/07/1999,2830.29
16/07/1999,2864.48
15/07/1999,2839.37
14/07/1999,2818.13
13/07/1999,2778.23
12/07/1999,2790.44
9/07/1999,2793.07
8/07/1999,2771.86
7/07/1999,2743.04
6/07/1999,2736.78
2/07/1999,2741.02
1/07/1999,2706.18
30/06/1999,2686.12
29/06/1999,2642.11
28/06/1999,2602.44
25/06/1999,2552.65
24/06/1999,2553.99
23/06/1999,2598.12
22/06/1999,2580.26
21/06/1999,2630.28
18/06/1999,2563.44
17/06/1999,2544.15
16/06/1999,2517.83
15/06/1999,2414.67
14/06/1999,2398.31
11/06/1999,2447.88
10/06/1999,2484.62
9/06/1999,2519.35
8/06/1999,2474.56
7/06/1999,2524.21
4/06/1999,2478.34
3/06/1999,2403.32
2/06/1999,2432.41
1/06/1999,2412.03
28/05/1999,2470.52
27/05/1999,2419.15
26/05/1999,2427.18
25/05/1999,2380.9
24/05/1999,2453.66
21/05/1999,2520.14
20/05/1999,2542.23
19/05/1999,2577.4
18/05/1999,2558.36
17/05/1999,2561.84
14/05/1999,2527.86
13/05/1999,2582
12/05/1999,2606.54
11/05/1999,2566.68
10/05/1999,2526.39
7/05/1999,2503.62
6/05/1999,2472.28
5/05/1999,2534.45
4/05/1999,2485.12
3/05/1999,2535.58
30/04/1999,2542.85
29/04/1999,2528.44
28/04/1999,2550.37
27/04/1999,2602.41
26/04/1999,2652.05
23/04/1999,2590.69
22/04/1999,2561.61
21/04/1999,2489.08
20/04/1999,2409.64
19/04/1999,2345.85
16/04/1999,2484.04
15/04/1999,2521.77
14/04/1999,2507.28
13/04/1999,2583.5
12/04/1999,2598.81
9/04/1999,2593.05
8/04/1999,2573.39
7/04/1999,2544.43
6/04/1999,2563.17
5/04/1999,2560.06
1/04/1999,2493.37
31/03/1999,2461.4
30/03/1999,2480.29
29/03/1999,2492.84
26/03/1999,2419.17
25/03/1999,2434.8
24/03/1999,2365.28
23/03/1999,2322.84
22/03/1999,2395.94
19/03/1999,2421.27
18/03/1999,2462.96
17/03/1999,2428.97
16/03/1999,2439.27
15/03/1999,2431.44
12/03/1999,2381.53
11/03/1999,2412.25
10/03/1999,2406
9/03/1999,2392.94
8/03/1999,2397.62
5/03/1999,2337.11
4/03/1999,2292.89
3/03/1999,2265.2
2/03/1999,2259.03
1/03/1999,2295.18
26/02/1999,2288.03
25/02/1999,2326.82
24/02/1999,2339.38
23/02/1999,2376.35
22/02/1999,2342.01
19/02/1999,2283.6
18/02/1999,2260.55
17/02/1999,2248.91
16/02/1999,2313.87
12/02/1999,2321.89
11/02/1999,2405.55
10/02/1999,2309.5
9/02/1999,2310.79
8/02/1999,2404.92
5/02/1999,2373.62
4/02/1999,2410.07
3/02/1999,2493.41
2/02/1999,2463.42
1/02/1999,2510.09
29/01/1999,2505.89
28/01/1999,2477.34
27/01/1999,2407.14
26/01/1999,2433.41
25/01/1999,2369.31
22/01/1999,2338.88
21/01/1999,2344.72
20/01/1999,2415.49
19/01/1999,2408.17
15/01/1999,2348.2
14/01/1999,2276.82
13/01/1999,2316.81
12/01/1999,2320.75
11/01/1999,2384.59
8/01/1999,2344.41
7/01/1999,2326.09
6/01/1999,2320.86
5/01/1999,2251.27
4/01/1999,2208.05
