Date,SHCOMP
2/04/2014,2058.988
1/04/2014,2047.46
31/03/2014,2033.306
28/03/2014,2041.712
27/03/2014,2046.588
26/03/2014,2063.67
25/03/2014,2067.311
24/03/2014,2066.279
21/03/2014,2047.619
20/03/2014,1993.479
19/03/2014,2021.734
18/03/2014,2025.196
17/03/2014,2023.673
14/03/2014,2004.339
13/03/2014,2019.111
12/03/2014,1997.692
11/03/2014,2001.157
10/03/2014,1999.065
7/03/2014,2057.908
6/03/2014,2059.578
5/03/2014,2053.084
4/03/2014,2071.473
3/03/2014,2075.235
28/02/2014,2056.302
27/02/2014,2047.354
26/02/2014,2041.254
25/02/2014,2034.219
24/02/2014,2076.686
21/02/2014,2113.693
20/02/2014,2138.782
19/02/2014,2142.554
18/02/2014,2119.065
17/02/2014,2135.415
14/02/2014,2115.848
13/02/2014,2098.401
12/02/2014,2109.955
11/02/2014,2103.671
10/02/2014,2086.067
7/02/2014,2044.497
30/01/2014,2033.083
29/01/2014,2049.914
28/01/2014,2038.513
27/01/2014,2033.3
24/01/2014,2054.392
23/01/2014,2042.18
22/01/2014,2051.749
21/01/2014,2008.314
20/01/2014,1991.253
17/01/2014,2004.949
16/01/2014,2023.701
15/01/2014,2023.348
14/01/2014,2026.842
13/01/2014,2009.564
10/01/2014,2013.298
9/01/2014,2027.622
8/01/2014,2044.34
7/01/2014,2047.317
6/01/2014,2045.709
3/01/2014,2083.135
2/01/2014,2109.387
31/12/2013,2115.978
30/12/2013,2097.529
27/12/2013,2101.251
26/12/2013,2073.099
25/12/2013,2106.354
24/12/2013,2092.905
23/12/2013,2089.707
20/12/2013,2084.794
19/12/2013,2127.792
18/12/2013,2148.285
17/12/2013,2151.079
16/12/2013,2160.861
13/12/2013,2196.075
12/12/2013,2202.796
11/12/2013,2204.166
10/12/2013,2237.492
9/12/2013,2238.2
6/12/2013,2237.108
5/12/2013,2247.063
4/12/2013,2251.762
3/12/2013,2222.67
2/12/2013,2207.371
29/11/2013,2220.504
28/11/2013,2219.372
27/11/2013,2201.07
26/11/2013,2183.073
25/11/2013,2186.115
22/11/2013,2196.378
21/11/2013,2205.766
20/11/2013,2206.613
19/11/2013,2193.125
18/11/2013,2197.219
15/11/2013,2135.827
14/11/2013,2100.506
13/11/2013,2087.941
12/11/2013,2126.772
11/11/2013,2109.471
8/11/2013,2106.127
7/11/2013,2129.4
6/11/2013,2139.607
5/11/2013,2157.24
4/11/2013,2149.635
1/11/2013,2149.562
31/10/2013,2141.614
30/10/2013,2160.463
29/10/2013,2128.864
28/10/2013,2133.869
25/10/2013,2132.955
24/10/2013,2164.322
23/10/2013,2183.107
22/10/2013,2210.652
21/10/2013,2229.238
18/10/2013,2193.781
17/10/2013,2188.542
16/10/2013,2193.074
15/10/2013,2233.413
14/10/2013,2237.773
11/10/2013,2228.146
10/10/2013,2190.929
9/10/2013,2211.769
8/10/2013,2198.199
30/09/2013,2174.665
27/09/2013,2160.027
26/09/2013,2155.809
25/09/2013,2198.515
24/09/2013,2207.531
23/09/2013,2221.044
18/09/2013,2191.851
17/09/2013,2185.56
16/09/2013,2231.401
13/09/2013,2236.218
12/09/2013,2255.605
11/09/2013,2241.268
10/09/2013,2237.984
9/09/2013,2212.516
6/09/2013,2139.993
5/09/2013,2122.43
4/09/2013,2127.618
3/09/2013,2123.112
2/09/2013,2098.448
30/08/2013,2098.382
29/08/2013,2097.227
28/08/2013,2101.301
27/08/2013,2103.567
26/08/2013,2096.474
23/08/2013,2057.458
22/08/2013,2067.124
21/08/2013,2072.961
20/08/2013,2072.595
19/08/2013,2085.602
16/08/2013,2068.452
15/08/2013,2081.88
14/08/2013,2100.137
13/08/2013,2106.156
12/08/2013,2101.283
9/08/2013,2052.235
8/08/2013,2044.895
7/08/2013,2046.778
6/08/2013,2060.5
5/08/2013,2050.481
2/08/2013,2029.418
1/08/2013,2029.067
31/07/2013,1993.799
30/07/2013,1990.064
29/07/2013,1976.306
26/07/2013,2010.85
25/07/2013,2021.174
24/07/2013,2033.329
23/07/2013,2043.876
22/07/2013,2004.762
19/07/2013,1992.648
18/07/2013,2023.396
17/07/2013,2044.922
16/07/2013,2065.72
15/07/2013,2059.39
12/07/2013,2039.486
11/07/2013,2072.991
10/07/2013,2008.126
9/07/2013,1965.454
8/07/2013,1958.273
5/07/2013,2007.199
4/07/2013,2006.098
3/07/2013,1994.268
2/07/2013,2006.56
1/07/2013,1995.242
28/06/2013,1979.206
27/06/2013,1950.012
26/06/2013,1951.495
25/06/2013,1959.508
24/06/2013,1963.235
21/06/2013,2073.095
20/06/2013,2084.021
19/06/2013,2143.454
18/06/2013,2159.291
17/06/2013,2156.215
14/06/2013,2162.041
13/06/2013,2148.355
7/06/2013,2210.898
6/06/2013,2242.109
5/06/2013,2270.931
4/06/2013,2272.416
3/06/2013,2299.252
31/05/2013,2300.595
30/05/2013,2317.749
29/05/2013,2324.017
28/05/2013,2321.318
27/05/2013,2293.077
24/05/2013,2288.533
23/05/2013,2275.667
22/05/2013,2302.403
21/05/2013,2305.114
20/05/2013,2299.986
17/05/2013,2282.87
16/05/2013,2251.805
15/05/2013,2224.798
14/05/2013,2217.01
13/05/2013,2241.92
10/05/2013,2246.831
9/05/2013,2232.971
8/05/2013,2246.3
7/05/2013,2235.574
6/05/2013,2231.166
3/05/2013,2205.497
2/05/2013,2174.123
26/04/2013,2177.912
25/04/2013,2199.307
24/04/2013,2218.318
23/04/2013,2184.538
22/04/2013,2242.169
19/04/2013,2244.643
18/04/2013,2197.602
17/04/2013,2193.795
16/04/2013,2194.845
15/04/2013,2181.941
12/04/2013,2206.78
11/04/2013,2219.553
10/04/2013,2226.126
9/04/2013,2225.775
8/04/2013,2211.592
3/04/2013,2225.295
2/04/2013,2227.74
1/04/2013,2234.395
29/03/2013,2236.621
28/03/2013,2236.302
27/03/2013,2301.259
26/03/2013,2297.669
25/03/2013,2326.715
22/03/2013,2328.278
21/03/2013,2324.242
20/03/2013,2317.375
19/03/2013,2257.434
18/03/2013,2240.016
15/03/2013,2278.401
14/03/2013,2270.277
13/03/2013,2263.968
12/03/2013,2286.605
11/03/2013,2310.593
8/03/2013,2318.611
7/03/2013,2324.293
6/03/2013,2347.179
5/03/2013,2326.306
4/03/2013,2273.404
1/03/2013,2359.506
28/02/2013,2365.593
27/02/2013,2313.22
26/02/2013,2293.341
25/02/2013,2325.819
22/02/2013,2314.164
21/02/2013,2325.951
20/02/2013,2397.178
19/02/2013,2382.914
18/02/2013,2421.558
8/02/2013,2432.402
7/02/2013,2418.53
6/02/2013,2434.477
5/02/2013,2433.13
4/02/2013,2428.154
1/02/2013,2419.02
31/01/2013,2385.422
30/01/2013,2382.475
29/01/2013,2358.977
28/01/2013,2346.505
25/01/2013,2291.304
24/01/2013,2302.598
23/01/2013,2320.911
22/01/2013,2315.139
21/01/2013,2328.221
18/01/2013,2317.07
17/01/2013,2284.909
16/01/2013,2309.499
15/01/2013,2325.682
14/01/2013,2311.74
11/01/2013,2242.997
10/01/2013,2283.658
9/01/2013,2275.34
8/01/2013,2276.07
7/01/2013,2285.364
4/01/2013,2276.992
31/12/2012,2269.128
28/12/2012,2233.252
27/12/2012,2205.897
26/12/2012,2219.132
25/12/2012,2213.611
24/12/2012,2159.053
21/12/2012,2153.31
20/12/2012,2168.353
19/12/2012,2162.239
18/12/2012,2162.464
17/12/2012,2160.342
14/12/2012,2150.625
13/12/2012,2061.476
12/12/2012,2082.726
11/12/2012,2074.704
10/12/2012,2083.77
7/12/2012,2061.786
6/12/2012,2029.237
5/12/2012,2031.907
4/12/2012,1975.143
3/12/2012,1959.767
30/11/2012,1980.117
29/11/2012,1963.488
28/11/2012,1973.523
27/11/2012,1991.165
26/11/2012,2017.464
23/11/2012,2027.384
22/11/2012,2015.611
21/11/2012,2030.319
20/11/2012,2008.923
19/11/2012,2016.982
16/11/2012,2014.725
15/11/2012,2030.29
14/11/2012,2055.419
13/11/2012,2047.889
12/11/2012,2079.273
9/11/2012,2069.067
8/11/2012,2071.509
7/11/2012,2105.73
6/11/2012,2105.999
5/11/2012,2114.027
2/11/2012,2117.046
1/11/2012,2104.428
31/10/2012,2068.88
30/10/2012,2062.347
29/10/2012,2058.943
26/10/2012,2066.209
25/10/2012,2101.58
24/10/2012,2115.99
23/10/2012,2114.447
22/10/2012,2132.758
19/10/2012,2128.302
18/10/2012,2131.688
17/10/2012,2105.618
16/10/2012,2098.808
15/10/2012,2098.703
12/10/2012,2104.932
11/10/2012,2102.868
10/10/2012,2119.942
9/10/2012,2115.23
8/10/2012,2074.419
28/09/2012,2086.169
27/09/2012,2056.323
26/09/2012,2004.172
25/09/2012,2029.293
24/09/2012,2033.192
21/09/2012,2026.69
20/09/2012,2024.837
19/09/2012,2067.831
18/09/2012,2059.543
17/09/2012,2078.5
14/09/2012,2123.847
13/09/2012,2110.379
12/09/2012,2126.554
11/09/2012,2120.554
10/09/2012,2134.893
7/09/2012,2127.762
6/09/2012,2051.918
5/09/2012,2037.681
4/09/2012,2043.649
3/09/2012,2059.147
31/08/2012,2047.522
30/08/2012,2052.585
29/08/2012,2053.235
28/08/2012,2073.154
27/08/2012,2055.709
24/08/2012,2092.104
23/08/2012,2113.072
22/08/2012,2107.711
21/08/2012,2118.268
20/08/2012,2106.957
17/08/2012,2114.891
16/08/2012,2112.197
15/08/2012,2118.945
14/08/2012,2142.524
13/08/2012,2136.078
10/08/2012,2168.814
9/08/2012,2174.102
8/08/2012,2160.99
7/08/2012,2157.62
6/08/2012,2154.916
3/08/2012,2132.796
2/08/2012,2111.182
1/08/2012,2123.36
31/07/2012,2103.635
30/07/2012,2109.914
27/07/2012,2128.765
26/07/2012,2126.004
25/07/2012,2136.151
24/07/2012,2146.588
23/07/2012,2141.401
20/07/2012,2168.638
19/07/2012,2184.841
18/07/2012,2169.099
17/07/2012,2161.186
16/07/2012,2147.955
13/07/2012,2185.895
12/07/2012,2185.491
11/07/2012,2175.383
10/07/2012,2164.438
9/07/2012,2170.814
6/07/2012,2223.579
5/07/2012,2201.353
4/07/2012,2227.314
3/07/2012,2229.192
2/07/2012,2226.11
29/06/2012,2225.431
28/06/2012,2195.843
27/06/2012,2216.934
26/06/2012,2222.067
25/06/2012,2224.114
21/06/2012,2260.877
20/06/2012,2292.877
19/06/2012,2300.795
18/06/2012,2316.052
15/06/2012,2306.85
14/06/2012,2295.946
13/06/2012,2318.924
12/06/2012,2289.791
11/06/2012,2305.856
8/06/2012,2281.447
7/06/2012,2293.13
6/06/2012,2309.555
5/06/2012,2311.916
4/06/2012,2308.55
1/06/2012,2373.436
31/05/2012,2372.234
30/05/2012,2384.668
29/05/2012,2389.636
28/05/2012,2361.367
25/05/2012,2333.553
24/05/2012,2350.973
23/05/2012,2363.437
22/05/2012,2373.306
21/05/2012,2348.3
18/05/2012,2344.52
17/05/2012,2378.886
16/05/2012,2346.192
15/05/2012,2374.843
14/05/2012,2380.725
11/05/2012,2394.983
10/05/2012,2410.23
9/05/2012,2408.587
8/05/2012,2448.884
7/05/2012,2451.947
4/05/2012,2452.014
3/05/2012,2440.08
2/05/2012,2438.436
27/04/2012,2396.316
26/04/2012,2404.697
25/04/2012,2406.813
24/04/2012,2388.835
23/04/2012,2388.588
20/04/2012,2406.863
19/04/2012,2378.634
18/04/2012,2380.848
17/04/2012,2334.985
16/04/2012,2357.026
13/04/2012,2359.161
12/04/2012,2350.864
11/04/2012,2308.925
10/04/2012,2305.863
9/04/2012,2285.777
6/04/2012,2306.553
5/04/2012,2302.241
30/03/2012,2262.789
29/03/2012,2252.16
28/03/2012,2284.881
27/03/2012,2347.179
26/03/2012,2350.599
23/03/2012,2349.539
22/03/2012,2375.772
21/03/2012,2378.195
20/03/2012,2376.839
19/03/2012,2410.184
16/03/2012,2404.736
15/03/2012,2373.774
14/03/2012,2391.23
13/03/2012,2455.795
12/03/2012,2434.859
9/03/2012,2439.462
8/03/2012,2420.276
7/03/2012,2394.794
6/03/2012,2410.445
5/03/2012,2445.002
2/03/2012,2460.693
1/03/2012,2426.115
29/02/2012,2428.487
28/02/2012,2451.857
27/02/2012,2447.057
24/02/2012,2439.627
23/02/2012,2409.554
22/02/2012,2403.587
21/02/2012,2381.43
20/02/2012,2363.597
17/02/2012,2357.181
16/02/2012,2356.86
15/02/2012,2366.702
14/02/2012,2344.771
13/02/2012,2351.855
10/02/2012,2351.981
9/02/2012,2349.589
8/02/2012,2347.53
7/02/2012,2291.902
6/02/2012,2331.136
3/02/2012,2330.405
2/02/2012,2312.556
1/02/2012,2268.08
31/01/2012,2292.61
30/01/2012,2285.038
20/01/2012,2319.118
19/01/2012,2296.075
18/01/2012,2266.384
17/01/2012,2298.376
16/01/2012,2206.193
13/01/2012,2244.58
12/01/2012,2275.01
11/01/2012,2276.046
10/01/2012,2285.744
9/01/2012,2225.89
6/01/2012,2163.395
5/01/2012,2148.452
4/01/2012,2169.39
30/12/2011,2199.417
29/12/2011,2173.561
28/12/2011,2170.013
27/12/2011,2166.205
26/12/2011,2190.11
23/12/2011,2204.784
22/12/2011,2186.296
21/12/2011,2191.148
20/12/2011,2215.93
19/12/2011,2218.235
16/12/2011,2224.84
15/12/2011,2180.895
14/12/2011,2228.525
13/12/2011,2248.59
12/12/2011,2291.545
9/12/2011,2315.27
8/12/2011,2329.82
7/12/2011,2332.73
6/12/2011,2325.905
5/12/2011,2333.229
2/12/2011,2360.664
1/12/2011,2386.861
30/11/2011,2333.414
29/11/2011,2412.393
28/11/2011,2383.034
25/11/2011,2380.224
24/11/2011,2397.554
23/11/2011,2395.064
22/11/2011,2412.625
21/11/2011,2415.13
18/11/2011,2416.562
17/11/2011,2463.046
16/11/2011,2466.96
15/11/2011,2529.761
14/11/2011,2528.714
11/11/2011,2481.084
10/11/2011,2479.536
9/11/2011,2524.919
8/11/2011,2503.836
7/11/2011,2509.799
4/11/2011,2528.294
3/11/2011,2508.089
2/11/2011,2504.108
1/11/2011,2470.019
31/10/2011,2468.25
28/10/2011,2473.41
27/10/2011,2435.615
26/10/2011,2427.48
25/10/2011,2409.672
24/10/2011,2370.333
21/10/2011,2317.275
20/10/2011,2331.366
19/10/2011,2377.512
18/10/2011,2383.485
17/10/2011,2440.402
14/10/2011,2431.375
13/10/2011,2438.79
12/10/2011,2420
11/10/2011,2348.516
10/10/2011,2344.787
30/09/2011,2359.22
29/09/2011,2365.343
28/09/2011,2392.062
27/09/2011,2415.054
26/09/2011,2393.183
23/09/2011,2433.159
22/09/2011,2443.056
21/09/2011,2512.963
20/09/2011,2447.755
19/09/2011,2437.795
16/09/2011,2482.343
15/09/2011,2479.054
14/09/2011,2484.827
13/09/2011,2471.305
9/09/2011,2497.753
8/09/2011,2498.943
7/09/2011,2516.09
6/09/2011,2470.524
5/09/2011,2478.739
2/09/2011,2528.28
1/09/2011,2556.043
31/08/2011,2567.34
30/08/2011,2566.595
29/08/2011,2576.413
26/08/2011,2612.188
25/08/2011,2615.261
24/08/2011,2541.091
23/08/2011,2554.019
22/08/2011,2515.863
19/08/2011,2534.358
18/08/2011,2559.472
17/08/2011,2601.261
16/08/2011,2608.166
15/08/2011,2626.77
12/08/2011,2593.173
11/08/2011,2581.508
10/08/2011,2549.176
9/08/2011,2526.069
8/08/2011,2526.816
5/08/2011,2626.423
4/08/2011,2684.039
3/08/2011,2678.485
2/08/2011,2679.259
1/08/2011,2703.783
29/07/2011,2701.729
28/07/2011,2708.777
27/07/2011,2723.492
26/07/2011,2703.026
25/07/2011,2688.746
22/07/2011,2770.79
21/07/2011,2765.894
20/07/2011,2794.205
19/07/2011,2796.983
18/07/2011,2816.688
15/07/2011,2820.169
14/07/2011,2810.444
13/07/2011,2795.476
12/07/2011,2754.582
11/07/2011,2802.692
8/07/2011,2797.773
7/07/2011,2794.267
6/07/2011,2810.479
5/07/2011,2816.355
4/07/2011,2812.818
1/07/2011,2759.362
30/06/2011,2762.076
29/06/2011,2728.483
28/06/2011,2759.202
27/06/2011,2758.231
24/06/2011,2746.211
23/06/2011,2688.249
22/06/2011,2649.321
21/06/2011,2646.483
20/06/2011,2621.253
17/06/2011,2642.818
16/06/2011,2664.283
15/06/2011,2705.431
14/06/2011,2730.04
13/06/2011,2700.379
10/06/2011,2705.143
9/06/2011,2703.345
8/06/2011,2750.288
7/06/2011,2744.301
3/06/2011,2728.02
2/06/2011,2705.181
1/06/2011,2743.572
31/05/2011,2743.472
30/05/2011,2706.361
27/05/2011,2709.947
26/05/2011,2736.526
25/05/2011,2741.741
24/05/2011,2767.056
23/05/2011,2774.569
20/05/2011,2858.459
19/05/2011,2859.574
18/05/2011,2872.771
17/05/2011,2852.773
16/05/2011,2849.067
13/05/2011,2871.031
12/05/2011,2844.083
11/05/2011,2883.42
10/05/2011,2890.634
9/05/2011,2872.46
6/05/2011,2863.887
5/05/2011,2872.404
4/05/2011,2866.017
3/05/2011,2932.188
29/04/2011,2911.511
28/04/2011,2887.043
27/04/2011,2925.408
26/04/2011,2938.981
25/04/2011,2964.951
22/04/2011,3010.517
21/04/2011,3026.668
20/04/2011,3007.037
19/04/2011,2999.041
18/04/2011,3057.329
15/04/2011,3050.526
14/04/2011,3042.635
13/04/2011,3050.397
12/04/2011,3021.369
11/04/2011,3022.746
8/04/2011,3030.021
7/04/2011,3007.909
6/04/2011,3001.36
1/04/2011,2967.41
31/03/2011,2928.111
30/03/2011,2955.771
29/03/2011,2958.077
28/03/2011,2984.005
25/03/2011,2977.814
24/03/2011,2946.706
23/03/2011,2948.477
22/03/2011,2919.142
21/03/2011,2909.137
18/03/2011,2906.886
17/03/2011,2897.298
16/03/2011,2930.804
15/03/2011,2896.256
14/03/2011,2937.626
11/03/2011,2933.796
10/03/2011,2957.143
9/03/2011,3002.154
8/03/2011,2999.942
7/03/2011,2996.21
4/03/2011,2942.306
3/03/2011,2902.978
2/03/2011,2913.808
1/03/2011,2918.92
28/02/2011,2905.053
25/02/2011,2878.565
24/02/2011,2878.603
23/02/2011,2862.634
22/02/2011,2855.516
21/02/2011,2932.246
18/02/2011,2899.792
17/02/2011,2926.964
16/02/2011,2923.896
15/02/2011,2899.237
14/02/2011,2899.134
11/02/2011,2827.328
10/02/2011,2818.163
9/02/2011,2774.065
1/02/2011,2798.96
31/01/2011,2790.694
28/01/2011,2752.75
27/01/2011,2749.15
26/01/2011,2708.814
25/01/2011,2677.432
24/01/2011,2695.72
21/01/2011,2715.294
20/01/2011,2677.653
19/01/2011,2758.097
18/01/2011,2708.979
17/01/2011,2706.66
14/01/2011,2791.344
13/01/2011,2827.713
12/01/2011,2821.305
11/01/2011,2804.047
10/01/2011,2791.809
7/01/2011,2838.801
6/01/2011,2824.197
5/01/2011,2838.593
4/01/2011,2852.648
31/12/2010,2808.077
30/12/2010,2759.575
29/12/2010,2751.527
28/12/2010,2732.99
27/12/2010,2781.402
24/12/2010,2835.157
23/12/2010,2855.22
22/12/2010,2877.899
21/12/2010,2904.115
20/12/2010,2852.916
17/12/2010,2893.741
16/12/2010,2898.138
15/12/2010,2911.414
14/12/2010,2927.077
13/12/2010,2922.954
10/12/2010,2841.04
9/12/2010,2810.949
8/12/2010,2848.546
7/12/2010,2875.861
6/12/2010,2857.178
3/12/2010,2842.43
2/12/2010,2843.607
1/12/2010,2823.449
30/11/2010,2820.181
29/11/2010,2866.356
26/11/2010,2871.698
25/11/2010,2898.262
24/11/2010,2859.935
23/11/2010,2828.282
22/11/2010,2884.371
19/11/2010,2888.566
18/11/2010,2865.452
17/11/2010,2838.857
16/11/2010,2894.538
15/11/2010,3014.413
12/11/2010,2985.435
11/11/2010,3147.744
10/11/2010,3115.356
9/11/2010,3134.999
8/11/2010,3159.512
5/11/2010,3129.497
4/11/2010,3086.939
3/11/2010,3030.988
2/11/2010,3045.434
1/11/2010,3054.021
29/10/2010,2978.835
28/10/2010,2992.579
27/10/2010,2997.048
26/10/2010,3041.543
25/10/2010,3051.418
22/10/2010,2975.043
21/10/2010,2983.533
20/10/2010,3003.951
19/10/2010,3001.853
18/10/2010,2955.227
15/10/2010,2971.16
14/10/2010,2879.636
13/10/2010,2861.361
12/10/2010,2841.407
11/10/2010,2806.942
8/10/2010,2738.744
30/09/2010,2655.658
29/09/2010,2610.678
28/09/2010,2611.354
27/09/2010,2627.967
21/09/2010,2591.55
20/09/2010,2588.713
17/09/2010,2598.689
16/09/2010,2602.465
15/09/2010,2652.503
14/09/2010,2688.522
13/09/2010,2688.32
10/09/2010,2663.209
9/09/2010,2656.352
8/09/2010,2695.291
7/09/2010,2698.363
6/09/2010,2696.25
3/09/2010,2655.394
2/09/2010,2655.776
1/09/2010,2622.882
31/08/2010,2638.798
30/08/2010,2652.664
27/08/2010,2610.742
26/08/2010,2603.481
25/08/2010,2596.58
24/08/2010,2650.307
23/08/2010,2639.366
20/08/2010,2642.307
19/08/2010,2687.979
18/08/2010,2666.301
17/08/2010,2671.893
16/08/2010,2661.708
13/08/2010,2606.7
12/08/2010,2575.475
11/08/2010,2607.497
10/08/2010,2595.273
9/08/2010,2672.533
6/08/2010,2658.392
5/08/2010,2620.757
4/08/2010,2638.522
3/08/2010,2627.002
2/08/2010,2672.516
30/07/2010,2637.502
29/07/2010,2648.116
28/07/2010,2633.663
27/07/2010,2575.368
26/07/2010,2588.683
23/07/2010,2572.028
22/07/2010,2562.406
21/07/2010,2535.394
20/07/2010,2528.73
19/07/2010,2475.421
16/07/2010,2424.271
15/07/2010,2424.304
14/07/2010,2470.44
13/07/2010,2450.285
12/07/2010,2490.718
9/07/2010,2470.923
8/07/2010,2415.15
7/07/2010,2421.117
6/07/2010,2409.424
5/07/2010,2363.947
2/07/2010,2382.901
1/07/2010,2373.792
30/06/2010,2398.37
29/06/2010,2427.053
28/06/2010,2535.278
25/06/2010,2552.817
24/06/2010,2566.745
23/06/2010,2569.872
22/06/2010,2588.698
21/06/2010,2586.21
18/06/2010,2513.222
17/06/2010,2560.245
11/06/2010,2569.941
10/06/2010,2562.581
9/06/2010,2583.87
8/06/2010,2513.947
7/06/2010,2511.729
4/06/2010,2553.593
3/06/2010,2552.656
2/06/2010,2571.423
1/06/2010,2568.283
31/05/2010,2592.147
28/05/2010,2655.767
27/05/2010,2655.918
26/05/2010,2625.793
25/05/2010,2622.63
24/05/2010,2673.423
21/05/2010,2583.522
20/05/2010,2555.94
19/05/2010,2587.807
18/05/2010,2594.783
17/05/2010,2559.931
14/05/2010,2696.629
13/05/2010,2710.508
12/05/2010,2655.714
11/05/2010,2647.574
10/05/2010,2698.757
7/05/2010,2688.382
6/05/2010,2739.702
5/05/2010,2857.151
4/05/2010,2835.277
30/04/2010,2870.611
29/04/2010,2868.432
28/04/2010,2900.331
27/04/2010,2907.928
26/04/2010,2969.503
23/04/2010,2983.537
22/04/2010,2999.484
21/04/2010,3033.278
20/04/2010,2979.533
19/04/2010,2980.297
16/04/2010,3130.302
15/04/2010,3164.966
14/04/2010,3166.183
13/04/2010,3161.251
12/04/2010,3129.263
9/04/2010,3145.347
8/04/2010,3118.709
7/04/2010,3148.222
6/04/2010,3158.681
2/04/2010,3157.957
1/04/2010,3147.415
31/03/2010,3109.105
30/03/2010,3128.468
29/03/2010,3123.798
26/03/2010,3059.716
25/03/2010,3019.175
24/03/2010,3056.807
23/03/2010,3053.126
22/03/2010,3074.576
19/03/2010,3067.75
18/03/2010,3046.089
17/03/2010,3050.479
16/03/2010,2992.841
15/03/2010,2976.939
12/03/2010,3013.412
11/03/2010,3051.282
10/03/2010,3048.927
9/03/2010,3069.141
8/03/2010,3053.232
5/03/2010,3031.065
4/03/2010,3023.374
3/03/2010,3097.005
2/03/2010,3073.108
1/03/2010,3087.842
26/02/2010,3051.943
25/02/2010,3060.618
24/02/2010,3022.177
23/02/2010,2982.575
22/02/2010,3003.398
12/02/2010,3018.133
11/02/2010,2985.499
10/02/2010,2982.5
9/02/2010,2948.842
8/02/2010,2935.174
5/02/2010,2939.402
4/02/2010,2995.308
3/02/2010,3003.835
2/02/2010,2934.713
1/02/2010,2941.36
29/01/2010,2989.292
28/01/2010,2994.143
27/01/2010,2986.607
26/01/2010,3019.394
25/01/2010,3094.412
22/01/2010,3128.588
21/01/2010,3158.863
20/01/2010,3151.85
19/01/2010,3246.874
18/01/2010,3237.098
15/01/2010,3224.152
14/01/2010,3215.55
13/01/2010,3172.658
12/01/2010,3273.966
11/01/2010,3212.75
8/01/2010,3195.998
7/01/2010,3192.776
6/01/2010,3254.215
5/01/2010,3282.179
4/01/2010,3243.76
31/12/2009,3277.139
30/12/2009,3262.6
29/12/2009,3211.761
28/12/2009,3188.785
25/12/2009,3141.353
24/12/2009,3153.41
23/12/2009,3073.777
22/12/2009,3050.52
21/12/2009,3122.973
18/12/2009,3113.886
17/12/2009,3179.078
16/12/2009,3255.212
15/12/2009,3274.46
14/12/2009,3302.904
11/12/2009,3247.318
10/12/2009,3254.264
9/12/2009,3239.568
8/12/2009,3296.664
7/12/2009,3331.897
4/12/2009,3317.044
3/12/2009,3264.628
2/12/2009,3269.751
1/12/2009,3235.363
30/11/2009,3195.301
27/11/2009,3096.265
26/11/2009,3170.98
25/11/2009,3290.165
24/11/2009,3223.526
23/11/2009,3338.663
20/11/2009,3308.346
19/11/2009,3320.612
18/11/2009,3303.234
17/11/2009,3282.889
16/11/2009,3275.048
13/11/2009,3187.647
12/11/2009,3172.945
11/11/2009,3175.192
10/11/2009,3178.61
9/11/2009,3175.585
6/11/2009,3164.037
5/11/2009,3155.053
4/11/2009,3128.537
3/11/2009,3114.227
2/11/2009,3076.649
30/10/2009,2995.848
29/10/2009,2960.466
28/10/2009,3031.329
27/10/2009,3021.459
26/10/2009,3109.566
23/10/2009,3107.847
22/10/2009,3051.412
21/10/2009,3070.589
20/10/2009,3084.454
19/10/2009,3038.273
16/10/2009,2976.633
15/10/2009,2979.788
14/10/2009,2970.532
13/10/2009,2936.191
12/10/2009,2894.483
9/10/2009,2911.715
30/09/2009,2779.426
29/09/2009,2754.54
28/09/2009,2763.525
25/09/2009,2838.842
24/09/2009,2853.554
23/09/2009,2842.721
22/09/2009,2897.553
21/09/2009,2967.011
18/09/2009,2962.667
17/09/2009,3060.26
16/09/2009,2999.71
15/09/2009,3033.728
14/09/2009,3026.741
11/09/2009,2989.792
10/09/2009,2924.883
9/09/2009,2946.259
8/09/2009,2930.475
7/09/2009,2881.116
4/09/2009,2861.609
3/09/2009,2845.024
2/09/2009,2714.974
1/09/2009,2683.724
31/08/2009,2667.745
28/08/2009,2860.688
27/08/2009,2946.395
26/08/2009,2967.595
25/08/2009,2915.803
24/08/2009,2993.429
21/08/2009,2960.771
20/08/2009,2911.582
19/08/2009,2785.584
18/08/2009,2910.884
17/08/2009,2870.63
14/08/2009,3046.972
13/08/2009,3140.56
12/08/2009,3112.719
11/08/2009,3264.726
10/08/2009,3249.76
7/08/2009,3260.69
6/08/2009,3356.33
5/08/2009,3428.501
4/08/2009,3471.442
3/08/2009,3462.59
31/07/2009,3412.062
30/07/2009,3321.56
29/07/2009,3266.432
28/07/2009,3438.371
27/07/2009,3435.212
24/07/2009,3372.603
23/07/2009,3328.49
22/07/2009,3296.615
21/07/2009,3213.206
20/07/2009,3266.92
17/07/2009,3189.741
16/07/2009,3183.742
15/07/2009,3188.551
14/07/2009,3145.157
13/07/2009,3080.556
10/07/2009,3113.932
9/07/2009,3123.035
8/07/2009,3080.774
7/07/2009,3089.45
6/07/2009,3124.667
3/07/2009,3088.367
2/07/2009,3060.254
1/07/2009,3008.15
30/06/2009,2959.362
29/06/2009,2975.314
26/06/2009,2928.211
25/06/2009,2925.046
24/06/2009,2922.299
23/06/2009,2892.697
22/06/2009,2896.302
19/06/2009,2880.492
18/06/2009,2853.903
17/06/2009,2810.123
16/06/2009,2776.022
15/06/2009,2789.549
12/06/2009,2743.762
11/06/2009,2797.32
10/06/2009,2816.247
9/06/2009,2787.887
8/06/2009,2768.336
5/06/2009,2753.891
4/06/2009,2767.244
3/06/2009,2778.589
2/06/2009,2724.302
1/06/2009,2721.28
27/05/2009,2632.93
26/05/2009,2588.575
25/05/2009,2610.01
22/05/2009,2597.601
21/05/2009,2610.622
20/05/2009,2651.414
19/05/2009,2676.682
18/05/2009,2652.779
15/05/2009,2645.263
14/05/2009,2639.887
13/05/2009,2663.766
12/05/2009,2618.172
11/05/2009,2579.747
8/05/2009,2625.645
7/05/2009,2597.447
6/05/2009,2592.52
5/05/2009,2567.337
4/05/2009,2559.911
30/04/2009,2477.569
29/04/2009,2468.192
28/04/2009,2401.438
27/04/2009,2405.348
24/04/2009,2448.595
23/04/2009,2463.954
22/04/2009,2461.346
21/04/2009,2535.828
20/04/2009,2557.456
17/04/2009,2503.935
16/04/2009,2534.134
15/04/2009,2536.056
14/04/2009,2527.181
13/04/2009,2513.701
10/04/2009,2444.226
9/04/2009,2379.876
8/04/2009,2347.385
7/04/2009,2439.182
3/04/2009,2419.778
2/04/2009,2425.291
1/04/2009,2408.017
31/03/2009,2373.213
30/03/2009,2358.04
27/03/2009,2374.438
26/03/2009,2361.704
25/03/2009,2291.555
24/03/2009,2338.42
23/03/2009,2325.48
20/03/2009,2281.087
19/03/2009,2265.759
18/03/2009,2223.725
17/03/2009,2218.326
16/03/2009,2153.291
13/03/2009,2128.848
12/03/2009,2133.881
11/03/2009,2139.025
10/03/2009,2158.568
9/03/2009,2118.748
6/03/2009,2193.007
5/03/2009,2221.076
4/03/2009,2198.107
3/03/2009,2071.431
2/03/2009,2093.447
27/02/2009,2082.852
26/02/2009,2121.251
25/02/2009,2206.574
24/02/2009,2200.654
23/02/2009,2305.777
20/02/2009,2261.478
19/02/2009,2227.125
18/02/2009,2209.862
17/02/2009,2319.441
16/02/2009,2389.387
13/02/2009,2320.792
12/02/2009,2248.091
11/02/2009,2260.82
10/02/2009,2265.161
9/02/2009,2224.714
6/02/2009,2181.239
5/02/2009,2098.018
4/02/2009,2107.749
3/02/2009,2060.808
2/02/2009,2011.683
23/01/2009,1990.657
22/01/2009,2004.951
21/01/2009,1985.016
20/01/2009,1994.107
19/01/2009,1986.672
16/01/2009,1954.438
15/01/2009,1920.206
14/01/2009,1928.869
13/01/2009,1863.367
12/01/2009,1900.347
9/01/2009,1904.861
8/01/2009,1878.181
7/01/2009,1924.012
6/01/2009,1937.145
5/01/2009,1880.716
31/12/2008,1820.805
30/12/2008,1832.91
29/12/2008,1850.48
26/12/2008,1851.518
25/12/2008,1852.419
24/12/2008,1863.8
23/12/2008,1897.225
22/12/2008,1987.755
19/12/2008,2018.463
18/12/2008,2015.694
17/12/2008,1976.819
16/12/2008,1975.006
15/12/2008,1964.374
12/12/2008,1954.215
11/12/2008,2031.681
10/12/2008,2079.117
9/12/2008,2037.74
8/12/2008,2090.773
5/12/2008,2018.656
4/12/2008,2001.504
3/12/2008,1965.414
2/12/2008,1889.638
1/12/2008,1894.615
28/11/2008,1871.156
27/11/2008,1917.861
26/11/2008,1897.884
25/11/2008,1888.715
24/11/2008,1897.06
21/11/2008,1969.389
20/11/2008,1983.76
19/11/2008,2017.474
18/11/2008,1902.43
17/11/2008,2030.485
14/11/2008,1986.438
13/11/2008,1927.613
12/11/2008,1859.11
11/11/2008,1843.607
10/11/2008,1874.801
7/11/2008,1747.713
6/11/2008,1717.722
5/11/2008,1760.609
4/11/2008,1706.703
3/11/2008,1719.774
31/10/2008,1728.786
30/10/2008,1763.607
29/10/2008,1719.812
28/10/2008,1771.821
27/10/2008,1723.351
24/10/2008,1839.621
23/10/2008,1875.561
22/10/2008,1895.822
21/10/2008,1958.529
20/10/2008,1974.006
17/10/2008,1930.651
16/10/2008,1909.941
15/10/2008,1994.667
14/10/2008,2017.321
13/10/2008,2073.568
10/10/2008,2000.572
9/10/2008,2074.583
8/10/2008,2092.224
7/10/2008,2157.839
6/10/2008,2173.738
26/09/2008,2293.784
25/09/2008,2297.501
24/09/2008,2216.811
23/09/2008,2201.51
22/09/2008,2236.41
19/09/2008,2075.091
18/09/2008,1895.837
17/09/2008,1929.047
16/09/2008,1986.636
12/09/2008,2079.673
11/09/2008,2078.981
10/09/2008,2150.759
9/09/2008,2145.779
8/09/2008,2143.421
5/09/2008,2202.446
4/09/2008,2277.411
3/09/2008,2276.672
2/09/2008,2304.891
1/09/2008,2325.135
29/08/2008,2397.369
28/08/2008,2350.143
27/08/2008,2342.147
26/08/2008,2350.084
25/08/2008,2413.374
22/08/2008,2405.226
21/08/2008,2431.716
20/08/2008,2523.282
19/08/2008,2344.469
18/08/2008,2319.868
15/08/2008,2450.61
14/08/2008,2437.082
13/08/2008,2446.297
12/08/2008,2457.198
11/08/2008,2470.074
8/08/2008,2605.719
7/08/2008,2727.577
6/08/2008,2719.368
5/08/2008,2690.746
4/08/2008,2741.74
1/08/2008,2801.817
31/07/2008,2775.717
30/07/2008,2836.668
29/07/2008,2850.311
28/07/2008,2903.012
25/07/2008,2865.101
24/07/2008,2910.292
23/07/2008,2837.849
22/07/2008,2846.117
21/07/2008,2861.418
18/07/2008,2778.367
17/07/2008,2684.778
16/07/2008,2705.867
15/07/2008,2779.448
14/07/2008,2878.256
11/07/2008,2856.634
10/07/2008,2875.45
9/07/2008,2920.546
8/07/2008,2814.947
7/07/2008,2792.397
4/07/2008,2669.892
3/07/2008,2703.529
2/07/2008,2651.725
1/07/2008,2651.605
30/06/2008,2736.103
27/06/2008,2748.432
26/06/2008,2901.85
25/06/2008,2905.014
24/06/2008,2803.019
23/06/2008,2760.417
20/06/2008,2831.736
19/06/2008,2748.874
18/06/2008,2941.115
17/06/2008,2794.751
16/06/2008,2874.103
13/06/2008,2868.8
12/06/2008,2957.532
11/06/2008,3024.24
10/06/2008,3072.333
6/06/2008,3329.67
5/06/2008,3351.645
4/06/2008,3369.913
3/06/2008,3436.398
2/06/2008,3459.044
30/05/2008,3433.354
29/05/2008,3401.437
28/05/2008,3459.026
27/05/2008,3375.407
26/05/2008,3364.544
23/05/2008,3473.091
22/05/2008,3485.63
21/05/2008,3544.186
20/05/2008,3443.162
19/05/2008,3604.761
16/05/2008,3624.233
15/05/2008,3637.324
14/05/2008,3657.432
13/05/2008,3560.243
12/05/2008,3626.982
9/05/2008,3613.494
8/05/2008,3656.839
7/05/2008,3579.147
6/05/2008,3733.503
5/05/2008,3761.009
30/04/2008,3693.106
29/04/2008,3523.405
28/04/2008,3474.722
25/04/2008,3557.749
24/04/2008,3583.028
23/04/2008,3278.33
22/04/2008,3147.793
21/04/2008,3116.977
18/04/2008,3094.668
17/04/2008,3222.741
16/04/2008,3291.599
15/04/2008,3348.353
14/04/2008,3296.672
11/04/2008,3492.893
10/04/2008,3471.743
9/04/2008,3413.907
8/04/2008,3612.539
7/04/2008,3599.618
3/04/2008,3446.244
2/04/2008,3347.882
1/04/2008,3329.162
31/03/2008,3472.713
28/03/2008,3580.146
27/03/2008,3411.493
26/03/2008,3606.857
25/03/2008,3629.619
24/03/2008,3626.188
21/03/2008,3796.576
20/03/2008,3804.054
19/03/2008,3761.605
18/03/2008,3668.897
17/03/2008,3820.048
14/03/2008,3962.673
13/03/2008,3971.257
12/03/2008,4070.116
11/03/2008,4165.878
10/03/2008,4146.299
7/03/2008,4300.515
6/03/2008,4360.986
5/03/2008,4292.654
4/03/2008,4335.446
3/03/2008,4438.265
29/02/2008,4348.543
28/02/2008,4299.513
27/02/2008,4334.047
26/02/2008,4238.179
25/02/2008,4192.533
22/02/2008,4370.285
21/02/2008,4527.177
20/02/2008,4567.026
19/02/2008,4664.295
18/02/2008,4568.151
15/02/2008,4497.127
14/02/2008,4552.316
13/02/2008,4490.721
5/02/2008,4599.696
4/02/2008,4672.17
1/02/2008,4320.767
31/01/2008,4383.393
30/01/2008,4417.849
29/01/2008,4457.944
28/01/2008,4419.294
25/01/2008,4761.688
24/01/2008,4717.734
23/01/2008,4703.047
22/01/2008,4559.751
21/01/2008,4914.435
18/01/2008,5180.514
17/01/2008,5151.626
16/01/2008,5290.606
15/01/2008,5443.791
14/01/2008,5497.901
11/01/2008,5484.677
10/01/2008,5456.541
9/01/2008,5435.807
8/01/2008,5386.531
7/01/2008,5393.343
4/01/2008,5361.574
3/01/2008,5319.861
2/01/2008,5272.814
28/12/2007,5261.563
27/12/2007,5308.889
26/12/2007,5233.351
25/12/2007,5201.181
24/12/2007,5234.262
21/12/2007,5101.779
20/12/2007,5043.535
19/12/2007,4941.784
18/12/2007,4836.174
17/12/2007,4876.761
14/12/2007,5007.911
13/12/2007,4958.043
12/12/2007,5095.543
11/12/2007,5175.076
10/12/2007,5161.919
7/12/2007,5091.756
6/12/2007,5035.073
5/12/2007,5042.654
4/12/2007,4915.889
3/12/2007,4868.611
30/11/2007,4871.778
29/11/2007,5003.333
28/11/2007,4803.394
27/11/2007,4861.111
26/11/2007,4958.849
23/11/2007,5032.13
22/11/2007,4984.161
21/11/2007,5214.225
20/11/2007,5293.703
19/11/2007,5269.817
16/11/2007,5316.274
15/11/2007,5365.267
14/11/2007,5412.694
13/11/2007,5158.118
12/11/2007,5187.735
9/11/2007,5315.54
8/11/2007,5330.023
7/11/2007,5601.783
6/11/2007,5536.569
5/11/2007,5634.452
2/11/2007,5777.809
1/11/2007,5914.285
31/10/2007,5954.765
30/10/2007,5897.193
29/10/2007,5747.997
26/10/2007,5589.631
25/10/2007,5562.394
24/10/2007,5843.109
23/10/2007,5773.387
22/10/2007,5667.332
19/10/2007,5818.047
18/10/2007,5825.282
17/10/2007,6036.281
16/10/2007,6092.057
15/10/2007,6030.086
12/10/2007,5903.264
11/10/2007,5913.23
10/10/2007,5771.464
9/10/2007,5715.892
8/10/2007,5692.755
28/09/2007,5552.301
27/09/2007,5409.403
26/09/2007,5338.52
25/09/2007,5425.88
24/09/2007,5485.013
21/09/2007,5454.674
20/09/2007,5470.065
19/09/2007,5395.265
18/09/2007,5425.208
17/09/2007,5421.392
14/09/2007,5312.182
13/09/2007,5273.592
12/09/2007,5172.627
11/09/2007,5113.968
10/09/2007,5355.287
7/09/2007,5277.176
6/09/2007,5393.66
5/09/2007,5310.716
4/09/2007,5294.045
3/09/2007,5321.055
31/08/2007,5218.825
30/08/2007,5167.884
29/08/2007,5109.427
28/08/2007,5194.689
27/08/2007,5150.118
24/08/2007,5107.668
23/08/2007,5032.494
22/08/2007,4980.075
21/08/2007,4955.207
20/08/2007,4904.855
17/08/2007,4656.574
16/08/2007,4765.448
15/08/2007,4869.883
14/08/2007,4872.785
13/08/2007,4820.064
10/08/2007,4749.369
9/08/2007,4754.095
8/08/2007,4663.162
7/08/2007,4651.225
6/08/2007,4628.108
3/08/2007,4560.774
2/08/2007,4407.73
1/08/2007,4300.563
31/07/2007,4471.032
30/07/2007,4440.769
27/07/2007,4345.357
26/07/2007,4346.458
25/07/2007,4323.966
24/07/2007,4210.329
23/07/2007,4213.361
20/07/2007,4058.853
19/07/2007,3912.941
18/07/2007,3930.06
17/07/2007,3896.191
16/07/2007,3821.916
13/07/2007,3914.395
12/07/2007,3915.991
11/07/2007,3865.723
10/07/2007,3853.021
9/07/2007,3883.216
6/07/2007,3781.348
5/07/2007,3615.872
4/07/2007,3816.165
3/07/2007,3899.724
2/07/2007,3836.294
29/06/2007,3820.703
28/06/2007,3914.204
27/06/2007,4078.599
26/06/2007,3973.371
25/06/2007,3941.081
22/06/2007,4091.445
21/06/2007,4230.823
20/06/2007,4181.323
19/06/2007,4269.524
18/06/2007,4253.348
15/06/2007,4132.869
14/06/2007,4115.209
13/06/2007,4176.48
12/06/2007,4072.138
11/06/2007,3995.68
8/06/2007,3913.135
7/06/2007,3890.803
6/06/2007,3776.317
5/06/2007,3767.101
4/06/2007,3670.401
1/06/2007,4000.742
31/05/2007,4109.654
30/05/2007,4053.088
29/05/2007,4334.924
28/05/2007,4272.111
25/05/2007,4179.776
24/05/2007,4151.133
23/05/2007,4173.709
22/05/2007,4110.379
21/05/2007,4071.458
18/05/2007,4030.258
17/05/2007,4048.293
16/05/2007,3986.043
15/05/2007,3899.178
14/05/2007,4046.392
11/05/2007,4021.678
10/05/2007,4049.701
9/05/2007,4013.085
8/05/2007,3950.011
30/04/2007,3841.272
27/04/2007,3759.867
26/04/2007,3783.063
25/04/2007,3743.959
24/04/2007,3720.532
23/04/2007,3710.886
20/04/2007,3584.204
19/04/2007,3449.016
18/04/2007,3612.396
17/04/2007,3611.87
16/04/2007,3596.441
13/04/2007,3518.267
12/04/2007,3531.029
11/04/2007,3495.224
10/04/2007,3444.291
9/04/2007,3398.95
6/04/2007,3323.585
5/04/2007,3319.14
4/04/2007,3291.542
3/04/2007,3291.299
2/04/2007,3252.595
30/03/2007,3183.983
29/03/2007,3197.537
28/03/2007,3173.018
27/03/2007,3138.826
26/03/2007,3122.811
23/03/2007,3074.286
22/03/2007,3071.225
21/03/2007,3057.38
20/03/2007,3032.195
19/03/2007,3014.442
16/03/2007,2930.481
15/03/2007,2951.698
14/03/2007,2906.334
13/03/2007,2964.794
12/03/2007,2954.914
9/03/2007,2937.91
8/03/2007,2928.015
7/03/2007,2896.594
6/03/2007,2840.175
5/03/2007,2785.306
2/03/2007,2831.526
1/03/2007,2797.19
28/02/2007,2881.073
27/02/2007,2771.791
26/02/2007,3040.599
16/02/2007,2998.474
15/02/2007,2993.008
14/02/2007,2905.093
13/02/2007,2831.872
12/02/2007,2807.174
9/02/2007,2730.386
8/02/2007,2737.732
7/02/2007,2716.175
6/02/2007,2675.697
5/02/2007,2612.537
2/02/2007,2673.212
1/02/2007,2785.432
31/01/2007,2786.335
30/01/2007,2930.562
29/01/2007,2945.263
26/01/2007,2882.558
25/01/2007,2857.365
24/01/2007,2975.129
23/01/2007,2949.144
22/01/2007,2933.19
19/01/2007,2832.207
18/01/2007,2756.983
17/01/2007,2778.9
16/01/2007,2821.017
15/01/2007,2794.701
12/01/2007,2668.11
11/01/2007,2770.11
10/01/2007,2825.576
9/01/2007,2807.804
8/01/2007,2707.199
5/01/2007,2641.334
4/01/2007,2715.719
29/12/2006,2675.474
28/12/2006,2567.59
27/12/2006,2536.39
26/12/2006,2479.732
25/12/2006,2435.762
22/12/2006,2343.668
21/12/2006,2342.938
20/12/2006,2373.205
19/12/2006,2364.177
18/12/2006,2332.434
15/12/2006,2273.908
14/12/2006,2249.11
13/12/2006,2223.455
12/12/2006,2218.951
11/12/2006,2180.496
8/12/2006,2093.638
7/12/2006,2156.75
6/12/2006,2156.604
5/12/2006,2173.285
4/12/2006,2161.648
1/12/2006,2102.049
30/11/2006,2099.289
29/11/2006,2054.091
28/11/2006,2038.721
27/11/2006,2047.277
24/11/2006,2050.812
23/11/2006,2062.363
22/11/2006,2041.355
21/11/2006,2037.552
20/11/2006,2017.279
17/11/2006,1971.793
16/11/2006,1941.547
15/11/2006,1922.935
14/11/2006,1888.239
13/11/2006,1863.765
10/11/2006,1883.347
9/11/2006,1896.482
8/11/2006,1866.817
7/11/2006,1889.53
6/11/2006,1886.307
3/11/2006,1866.362
2/11/2006,1851.314
1/11/2006,1855.713
31/10/2006,1837.993
30/10/2006,1809.656
27/10/2006,1807.175
26/10/2006,1810.646
25/10/2006,1806.646
24/10/2006,1805.181
23/10/2006,1759.394
20/10/2006,1790.364
19/10/2006,1792.253
18/10/2006,1787.185
17/10/2006,1763.901
16/10/2006,1771.299
13/10/2006,1784.656
12/10/2006,1778.181
11/10/2006,1790.104
10/10/2006,1784.862
9/10/2006,1785.385
29/09/2006,1752.424
28/09/2006,1736.963
27/09/2006,1725.039
26/09/2006,1712.637
25/09/2006,1722.366
22/09/2006,1725.361
21/09/2006,1740.901
20/09/2006,1732.453
19/09/2006,1735.241
18/09/2006,1732.987
15/09/2006,1721.045
14/09/2006,1689.692
13/09/2006,1689.389
12/09/2006,1695.862
11/09/2006,1674.966
8/09/2006,1667.984
7/09/2006,1661.19
6/09/2006,1672.121
5/09/2006,1664.078
4/09/2006,1657.52
1/09/2006,1636.691
31/08/2006,1658.638
30/08/2006,1655.195
29/08/2006,1651.024
28/08/2006,1650.438
25/08/2006,1623.034
24/08/2006,1623.017
23/08/2006,1612.396
22/08/2006,1613.355
21/08/2006,1601.15
18/08/2006,1598.018
17/08/2006,1603.332
16/08/2006,1616.41
15/08/2006,1595.657
14/08/2006,1570.738
11/08/2006,1605.926
10/08/2006,1606.065
9/08/2006,1578.566
8/08/2006,1580.577
7/08/2006,1547.436
4/08/2006,1570.15
3/08/2006,1601.058
2/08/2006,1600.872
1/08/2006,1600.614
31/07/2006,1612.733
28/07/2006,1662.031
27/07/2006,1675.168
26/07/2006,1686.654
25/07/2006,1685.461
24/07/2006,1665.944
21/07/2006,1665.328
20/07/2006,1655.122
19/07/2006,1645.16
18/07/2006,1684.252
17/07/2006,1682.887
14/07/2006,1665.208
13/07/2006,1655.773
12/07/2006,1740
11/07/2006,1745.806
10/07/2006,1734.329
7/07/2006,1730.19
6/07/2006,1741.47
5/07/2006,1718.555
4/07/2006,1681.547
3/07/2006,1697.282
30/06/2006,1672.211
29/06/2006,1671.618
28/06/2006,1639.286
27/06/2006,1639.551
26/06/2006,1633.449
23/06/2006,1605.711
22/06/2006,1596.066
21/06/2006,1598.116
20/06/2006,1592.332
19/06/2006,1586.286
16/06/2006,1574.467
15/06/2006,1533.98
14/06/2006,1531.327
13/06/2006,1548.495
12/06/2006,1552.798
9/06/2006,1551.384
8/06/2006,1591.49
7/06/2006,1589.545
6/06/2006,1679.126
5/06/2006,1684.624
2/06/2006,1669.399
1/06/2006,1684.195
31/05/2006,1641.3
30/05/2006,1657.288
29/05/2006,1648.538
26/05/2006,1613.894
25/05/2006,1591.425
24/05/2006,1590.924
23/05/2006,1604.552
22/05/2006,1657.689
19/05/2006,1659.545
18/05/2006,1617.281
17/05/2006,1625.146
16/05/2006,1613.251
15/05/2006,1664.088
12/05/2006,1602.832
11/05/2006,1537.377
10/05/2006,1545.687
9/05/2006,1531.161
8/05/2006,1497.104
28/04/2006,1440.223
27/04/2006,1416.732
26/04/2006,1417.477
25/04/2006,1399.767
24/04/2006,1409.786
21/04/2006,1416.793
20/04/2006,1385.9
19/04/2006,1396.702
18/04/2006,1385.114
17/04/2006,1378.614
14/04/2006,1359.538
13/04/2006,1332.33
12/04/2006,1360.132
11/04/2006,1362.229
10/04/2006,1359.081
7/04/2006,1342.965
6/04/2006,1339.737
5/04/2006,1340.162
4/04/2006,1329.798
3/04/2006,1319.471
31/03/2006,1298.295
30/03/2006,1294.718
29/03/2006,1305.567
28/03/2006,1298.791
27/03/2006,1295.915
24/03/2006,1294.704
23/03/2006,1302.457
22/03/2006,1296.706
21/03/2006,1290.395
20/03/2006,1288.418
17/03/2006,1269.462
16/03/2006,1274.19
15/03/2006,1274.812
14/03/2006,1259.044
13/03/2006,1259.674
10/03/2006,1245.653
9/03/2006,1245.166
8/03/2006,1250.384
7/03/2006,1259.916
6/03/2006,1288.955
3/03/2006,1293.297
2/03/2006,1285.666
1/03/2006,1306.586
28/02/2006,1299.03
27/02/2006,1297.186
24/02/2006,1296.866
23/02/2006,1288.847
22/02/2006,1284.226
21/02/2006,1288.419
20/02/2006,1267.542
17/02/2006,1267.408
16/02/2006,1270.633
15/02/2006,1299.166
14/02/2006,1286.327
13/02/2006,1279.64
10/02/2006,1282.656
9/02/2006,1269.454
8/02/2006,1290.055
7/02/2006,1282.096
6/02/2006,1287.626
25/01/2006,1258.046
24/01/2006,1252.062
23/01/2006,1255.774
20/01/2006,1255.308
19/01/2006,1251.576
18/01/2006,1233.35
17/01/2006,1208.438
16/01/2006,1202.869
13/01/2006,1221.459
12/01/2006,1226.704
11/01/2006,1211.053
10/01/2006,1220.618
9/01/2006,1215.668
6/01/2006,1209.422
5/01/2006,1197.269
4/01/2006,1180.963
30/12/2005,1161.057
29/12/2005,1169.862
28/12/2005,1157.034
27/12/2005,1154.288
26/12/2005,1156.823
23/12/2005,1144.871
22/12/2005,1135.238
21/12/2005,1130.759
20/12/2005,1136.342
19/12/2005,1131.751
16/12/2005,1127.508
15/12/2005,1123.555
14/12/2005,1125.387
13/12/2005,1117.846
12/12/2005,1116.367
9/12/2005,1113.477
8/12/2005,1098.323
7/12/2005,1099.615
6/12/2005,1087.794
5/12/2005,1079.197
2/12/2005,1094.287
1/12/2005,1098.747
30/11/2005,1099.261
29/11/2005,1096.986
28/11/2005,1110.823
25/11/2005,1114.916
24/11/2005,1113.374
23/11/2005,1105.746
22/11/2005,1098.655
21/11/2005,1119.936
18/11/2005,1116.999
17/11/2005,1095.31
16/11/2005,1095.89
15/11/2005,1087.508
14/11/2005,1088.653
11/11/2005,1090.195
10/11/2005,1088.301
9/11/2005,1108.153
8/11/2005,1110.147
7/11/2005,1100.65
4/11/2005,1100.045
3/11/2005,1095.273
2/11/2005,1104.792
1/11/2005,1089.95
31/10/2005,1092.817
28/10/2005,1080.867
27/10/2005,1097.782
26/10/2005,1097.161
25/10/2005,1121.918
24/10/2005,1141.171
21/10/2005,1141.318
20/10/2005,1135.949
19/10/2005,1134.608
18/10/2005,1141.201
17/10/2005,1131.375
14/10/2005,1139.547
13/10/2005,1152.607
12/10/2005,1161.853
11/10/2005,1157.192
10/10/2005,1138.95
30/09/2005,1155.614
29/09/2005,1155.485
28/09/2005,1131.774
27/09/2005,1133.237
26/09/2005,1155.042
23/09/2005,1151.98
22/09/2005,1159.96
21/09/2005,1187.988
20/09/2005,1212.617
19/09/2005,1220.627
16/09/2005,1212.947
15/09/2005,1217.281
14/09/2005,1217.261
13/09/2005,1207.164
12/09/2005,1188.212
9/09/2005,1189.625
8/09/2005,1194.411
7/09/2005,1194.309
6/09/2005,1173.322
5/09/2005,1196.224
2/09/2005,1188.848
1/09/2005,1184.933
31/08/2005,1162.798
30/08/2005,1146.385
29/08/2005,1154.428
26/08/2005,1171.86
25/08/2005,1172.475
24/08/2005,1167.137
23/08/2005,1149.957
22/08/2005,1158.597
19/08/2005,1150.184
18/08/2005,1148.035
17/08/2005,1192.834
16/08/2005,1177.278
15/08/2005,1187.006
12/08/2005,1167.915
11/08/2005,1183.579
10/08/2005,1165.033
9/08/2005,1152.534
8/08/2005,1138.882
5/08/2005,1128.743
4/08/2005,1102.589
3/08/2005,1107.699
2/08/2005,1104.038
1/08/2005,1088.948
29/07/2005,1083.033
28/07/2005,1086.548
27/07/2005,1089.909
26/07/2005,1072.807
25/07/2005,1045.4
22/07/2005,1046.321
21/07/2005,1020.632
20/07/2005,1021.052
19/07/2005,1014.355
18/07/2005,1012.097
15/07/2005,1026.115
14/07/2005,1040.416
13/07/2005,1037.394
12/07/2005,1046.161
11/07/2005,1011.499
8/07/2005,1017.983
7/07/2005,1038.597
6/07/2005,1033.545
5/07/2005,1039.043
4/07/2005,1047.278
1/07/2005,1055.594
30/06/2005,1080.938
29/06/2005,1104.992
28/06/2005,1108.588
27/06/2005,1124.64
24/06/2005,1101.882
23/06/2005,1093.702
22/06/2005,1102.033
21/06/2005,1101.486
20/06/2005,1115.62
17/06/2005,1085.61
16/06/2005,1086.01
15/06/2005,1072.836
14/06/2005,1093.464
13/06/2005,1106.291
10/06/2005,1108.286
9/06/2005,1131.052
8/06/2005,1115.582
7/06/2005,1030.941
6/06/2005,1034.378
3/06/2005,1013.637
2/06/2005,1016.063
1/06/2005,1039.187
31/05/2005,1060.738
30/05/2005,1060.162
27/05/2005,1051.946
26/05/2005,1058.867
25/05/2005,1072.137
24/05/2005,1073.847
23/05/2005,1070.844
20/05/2005,1099.269
19/05/2005,1103.475
18/05/2005,1102.965
17/05/2005,1099.64
16/05/2005,1095.468
13/05/2005,1107.627
12/05/2005,1103.993
11/05/2005,1124.271
10/05/2005,1135.561
9/05/2005,1130.835
29/04/2005,1159.146
28/04/2005,1169.118
27/04/2005,1148.757
26/04/2005,1165.335
25/04/2005,1157.971
22/04/2005,1169.187
21/04/2005,1172.556
20/04/2005,1184.193
19/04/2005,1199.902
18/04/2005,1197.735
15/04/2005,1216.962
14/04/2005,1234.332
13/04/2005,1248.203
12/04/2005,1219.511
11/04/2005,1240.972
8/04/2005,1248.521
7/04/2005,1225.487
6/04/2005,1214.868
5/04/2005,1191.745
4/04/2005,1202.967
1/04/2005,1223.566
31/03/2005,1181.236
30/03/2005,1172.574
29/03/2005,1195.018
28/03/2005,1200.113
25/03/2005,1205.634
24/03/2005,1208.192
23/03/2005,1201.649
22/03/2005,1206.922
21/03/2005,1231.046
18/03/2005,1227.403
17/03/2005,1243.475
16/03/2005,1255.589
15/03/2005,1269.144
14/03/2005,1293.5
11/03/2005,1289.941
10/03/2005,1286.233
9/03/2005,1316.791
8/03/2005,1318.271
7/03/2005,1293.739
4/03/2005,1287.714
3/03/2005,1294.339
2/03/2005,1287.45
1/03/2005,1303.412
28/02/2005,1306.003
25/02/2005,1312.445
24/02/2005,1309.949
23/02/2005,1309.475
22/02/2005,1309.277
21/02/2005,1284.48
18/02/2005,1258.969
17/02/2005,1276.134
16/02/2005,1278.88
4/02/2005,1269.004
3/02/2005,1242.307
2/02/2005,1252.5
1/02/2005,1188.931
31/01/2005,1191.823
28/01/2005,1213.673
27/01/2005,1225.891
26/01/2005,1241.958
25/01/2005,1254.234
24/01/2005,1255.777
21/01/2005,1234.476
20/01/2005,1204.394
19/01/2005,1218.108
18/01/2005,1225.454
17/01/2005,1216.652
14/01/2005,1245.62
13/01/2005,1256.314
12/01/2005,1256.923
11/01/2005,1257.462
10/01/2005,1252.401
7/01/2005,1244.746
6/01/2005,1239.43
5/01/2005,1251.937
4/01/2005,1242.774
31/12/2004,1266.496
30/12/2004,1273.709
29/12/2004,1274.313
28/12/2004,1278.943
27/12/2004,1280.272
24/12/2004,1285.036
23/12/2004,1282.719
22/12/2004,1307.57
21/12/2004,1275.17
20/12/2004,1275.459
17/12/2004,1290.49
16/12/2004,1305.018
15/12/2004,1313.045
14/12/2004,1307.553
13/12/2004,1309.695
10/12/2004,1317.717
9/12/2004,1338.81
8/12/2004,1326.438
7/12/2004,1323.752
6/12/2004,1339.644
3/12/2004,1337.197
2/12/2004,1333.09
1/12/2004,1334.944
30/11/2004,1340.771
29/11/2004,1337.434
26/11/2004,1356.727
25/11/2004,1358.333
24/11/2004,1359.125
23/11/2004,1371.244
22/11/2004,1383.02
19/11/2004,1379.96
18/11/2004,1367.828
17/11/2004,1356.138
16/11/2004,1370.389
15/11/2004,1370.046
12/11/2004,1352.217
11/11/2004,1347.07
10/11/2004,1354.386
9/11/2004,1307.429
8/11/2004,1304.229
5/11/2004,1305.128
4/11/2004,1304.776
3/11/2004,1326.749
2/11/2004,1301.528
1/11/2004,1305.291
29/10/2004,1320.536
28/10/2004,1341.737
27/10/2004,1342.799
26/10/2004,1324.783
25/10/2004,1311.151
22/10/2004,1329.355
21/10/2004,1310.545
20/10/2004,1330.584
19/10/2004,1337.618
18/10/2004,1335.394
15/10/2004,1330.518
14/10/2004,1332.938
13/10/2004,1386.721
12/10/2004,1384.439
11/10/2004,1413.154
8/10/2004,1422.929
30/09/2004,1396.7
29/09/2004,1420.009
28/09/2004,1435.589
27/09/2004,1427.398
24/09/2004,1435.563
23/09/2004,1464.779
22/09/2004,1420.148
21/09/2004,1448.562
20/09/2004,1463.221
17/09/2004,1414.702
16/09/2004,1371.201
15/09/2004,1355.226
14/09/2004,1300.357
13/09/2004,1260.316
10/09/2004,1287.081
9/09/2004,1284.307
8/09/2004,1309.333
7/09/2004,1324.294
6/09/2004,1321.465
3/09/2004,1327.116
2/09/2004,1327.927
1/09/2004,1321.462
31/08/2004,1342.062
30/08/2004,1319.407
27/08/2004,1320.614
26/08/2004,1334.422
25/08/2004,1339.784
24/08/2004,1344.626
23/08/2004,1325.413
20/08/2004,1341.738
19/08/2004,1340.45
18/08/2004,1358.216
17/08/2004,1360.2
16/08/2004,1354.511
13/08/2004,1368.45
12/08/2004,1368.196
11/08/2004,1384.964
10/08/2004,1400.769
9/08/2004,1395.848
6/08/2004,1390.461
5/08/2004,1389.039
4/08/2004,1404.505
3/08/2004,1366.258
2/08/2004,1373.217
30/07/2004,1386.202
29/07/2004,1407.331
28/07/2004,1388.81
27/07/2004,1384.128
26/07/2004,1387.67
23/07/2004,1407.396
22/07/2004,1407.438
21/07/2004,1448.037
20/07/2004,1447.941
19/07/2004,1457.537
16/07/2004,1456.13
15/07/2004,1421.544
14/07/2004,1403.755
13/07/2004,1399.461
12/07/2004,1397.148
9/07/2004,1430.654
8/07/2004,1439.783
7/07/2004,1438.398
6/07/2004,1450.501
5/07/2004,1444.59
2/07/2004,1441.19
1/07/2004,1441.068
30/06/2004,1399.162
29/06/2004,1408.689
28/06/2004,1385.181
25/06/2004,1401.113
24/06/2004,1427.754
23/06/2004,1440.729
22/06/2004,1450.683
21/06/2004,1433.467
18/06/2004,1427.301
17/06/2004,1445.501
16/06/2004,1475.416
15/06/2004,1463.777
14/06/2004,1438.736
11/06/2004,1472.072
10/06/2004,1468.344
9/06/2004,1468.071
8/06/2004,1493.814
7/06/2004,1517.145
4/06/2004,1542.086
3/06/2004,1543.527
2/06/2004,1567.067
1/06/2004,1579.658
31/05/2004,1555.906
28/05/2004,1548.722
27/05/2004,1557.178
26/05/2004,1524.436
25/05/2004,1518.045
24/05/2004,1550.348
21/05/2004,1558.33
20/05/2004,1549.061
19/05/2004,1558.287
18/05/2004,1555.442
17/05/2004,1539.959
14/05/2004,1562.688
13/05/2004,1597.57
12/05/2004,1603.768
11/05/2004,1568.059
10/05/2004,1560.215
30/04/2004,1595.587
29/04/2004,1579.447
28/04/2004,1606.801
27/04/2004,1611.86
26/04/2004,1635.499
23/04/2004,1635.501
22/04/2004,1657.785
21/04/2004,1651.577
20/04/2004,1669.422
19/04/2004,1675.885
16/04/2004,1693.861
15/04/2004,1679.076
14/04/2004,1697.156
13/04/2004,1715.136
12/04/2004,1722.986
9/04/2004,1727.348
8/04/2004,1770.279
7/04/2004,1774.552
6/04/2004,1777.516
5/04/2004,1766.483
2/04/2004,1768.645
1/04/2004,1758.147
31/03/2004,1741.623
30/03/2004,1724.277
29/03/2004,1719.674
26/03/2004,1734.047
25/03/2004,1736.477
24/03/2004,1740.054
23/03/2004,1741.695
22/03/2004,1755.685
19/03/2004,1747.872
18/03/2004,1717.26
17/03/2004,1745.098
16/03/2004,1745.543
15/03/2004,1736.22
12/03/2004,1694.743
11/03/2004,1691.643
10/03/2004,1678.073
9/03/2004,1637.099
8/03/2004,1637.144
5/03/2004,1662.096
4/03/2004,1668.874
3/03/2004,1661.812
2/03/2004,1687.278
1/03/2004,1689.76
27/02/2004,1675.067
26/02/2004,1654.898
25/02/2004,1647.381
24/02/2004,1682.297
23/02/2004,1681.654
20/02/2004,1721.752
19/02/2004,1717.015
18/02/2004,1717.096
17/02/2004,1703.774
16/02/2004,1696.827
13/02/2004,1658.539
12/02/2004,1663.832
11/02/2004,1677.759
10/02/2004,1691.009
9/02/2004,1703.529
6/02/2004,1679.193
5/02/2004,1693.428
4/02/2004,1685.159
3/02/2004,1649.282
2/02/2004,1623.88
30/01/2004,1590.729
29/01/2004,1628.837
16/01/2004,1600.425
15/01/2004,1586.493
14/01/2004,1592.423
13/01/2004,1612.683
12/01/2004,1618.518
9/01/2004,1581.466
8/01/2004,1610.126
7/01/2004,1587.204
6/01/2004,1574.523
5/01/2004,1568.353
2/01/2004,1517.193
31/12/2003,1497.044
30/12/2003,1511.691
29/12/2003,1496.427
26/12/2003,1514.775
25/12/2003,1512.597
24/12/2003,1513.825
23/12/2003,1500.64
22/12/2003,1492.963
19/12/2003,1446.285
18/12/2003,1457.301
17/12/2003,1453.995
16/12/2003,1466.337
15/12/2003,1470.357
12/12/2003,1470.792
11/12/2003,1470.023
10/12/2003,1469.422
9/12/2003,1443.366
8/12/2003,1436.663
5/12/2003,1451.118
4/12/2003,1452.809
3/12/2003,1445.026
2/12/2003,1435.314
1/12/2003,1432.703
28/11/2003,1397.225
27/11/2003,1389.103
26/11/2003,1411.909
25/11/2003,1408.415
24/11/2003,1404.008
21/11/2003,1361.559
20/11/2003,1376.506
19/11/2003,1338.87
18/11/2003,1316.562
17/11/2003,1328.103
14/11/2003,1331.051
13/11/2003,1319.608
12/11/2003,1317.792
11/11/2003,1343.616
10/11/2003,1340.097
7/11/2003,1335.205
6/11/2003,1356.79
5/11/2003,1385.11
4/11/2003,1389.545
3/11/2003,1364.055
31/10/2003,1348.303
30/10/2003,1344.633
29/10/2003,1361.487
28/10/2003,1369.325
27/10/2003,1369.463
24/10/2003,1381.83
23/10/2003,1386.653
22/10/2003,1398.01
21/10/2003,1364.301
20/10/2003,1359.498
17/10/2003,1370.582
16/10/2003,1365.505
15/10/2003,1383.098
14/10/2003,1388.172
13/10/2003,1399.658
10/10/2003,1404.008
9/10/2003,1369.174
8/10/2003,1371.685
30/09/2003,1367.161
29/09/2003,1355.335
26/09/2003,1370.843
25/09/2003,1376.291
24/09/2003,1394.229
23/09/2003,1390.174
22/09/2003,1381.443
19/09/2003,1391.37
18/09/2003,1390.485
17/09/2003,1389.822
16/09/2003,1406.104
15/09/2003,1397.54
12/09/2003,1409.162
11/09/2003,1423.96
10/09/2003,1423.177
9/09/2003,1420.074
8/09/2003,1425.727
5/09/2003,1431.533
4/09/2003,1447.425
3/09/2003,1447.85
2/09/2003,1446.512
1/09/2003,1449.816
29/08/2003,1421.983
28/08/2003,1415.693
27/08/2003,1425.362
26/08/2003,1425.212
25/08/2003,1422.176
22/08/2003,1438.883
21/08/2003,1441.09
20/08/2003,1441.664
19/08/2003,1449.712
18/08/2003,1445.089
15/08/2003,1450.203
14/08/2003,1455.899
13/08/2003,1465.827
12/08/2003,1479.283
11/08/2003,1474.413
8/08/2003,1471.272
7/08/2003,1487.37
6/08/2003,1486.252
5/08/2003,1494.312
4/08/2003,1494.365
1/08/2003,1476.969
31/07/2003,1476.742
30/07/2003,1479.652
29/07/2003,1477.296
28/07/2003,1470.393
25/07/2003,1477.651
24/07/2003,1493.451
23/07/2003,1502.148
22/07/2003,1498.485
21/07/2003,1495.885
18/07/2003,1507.162
17/07/2003,1539.358
16/07/2003,1529.491
15/07/2003,1525.439
14/07/2003,1521.414
11/07/2003,1528.854
10/07/2003,1531.927
9/07/2003,1503.314
8/07/2003,1512.019
7/07/2003,1501.484
4/07/2003,1502.349
3/07/2003,1504.436
2/07/2003,1499.682
1/07/2003,1484.704
30/06/2003,1486.024
27/06/2003,1497.054
26/06/2003,1515.375
25/06/2003,1502.077
24/06/2003,1512.429
23/06/2003,1511.365
20/06/2003,1529.47
19/06/2003,1538.754
18/06/2003,1553.877
17/06/2003,1557.175
16/06/2003,1559.705
13/06/2003,1566.766
12/06/2003,1562.106
11/06/2003,1565.84
10/06/2003,1538.762
9/06/2003,1530.215
6/06/2003,1538.92
5/06/2003,1556.249
4/06/2003,1574.111
3/06/2003,1562.237
2/06/2003,1576.528
30/05/2003,1576.261
29/05/2003,1568.156
28/05/2003,1551.811
27/05/2003,1568.341
26/05/2003,1569.512
23/05/2003,1560.955
22/05/2003,1546.113
21/05/2003,1533.483
20/05/2003,1535.52
19/05/2003,1555.447
16/05/2003,1554.452
15/05/2003,1555.285
14/05/2003,1522.924
13/05/2003,1485.307
12/05/2003,1531.867
30/04/2003,1521.444
29/04/2003,1509.313
28/04/2003,1537.691
25/04/2003,1487.147
24/04/2003,1503.59
23/04/2003,1541.96
22/04/2003,1568.692
21/04/2003,1571.714
18/04/2003,1603.077
17/04/2003,1613.604
16/04/2003,1606.24
15/04/2003,1631.47
14/04/2003,1616.072
11/04/2003,1576.86
10/04/2003,1551.18
9/04/2003,1543.674
8/04/2003,1520.551
7/04/2003,1515.132
4/04/2003,1521.128
3/04/2003,1511.729
2/04/2003,1521.32
1/04/2003,1522.546
31/03/2003,1510.578
28/03/2003,1491.941
27/03/2003,1499.347
26/03/2003,1456.271
25/03/2003,1462.4
24/03/2003,1477.766
21/03/2003,1474.657
20/03/2003,1464.54
19/03/2003,1469.96
18/03/2003,1459.892
17/03/2003,1469.274
14/03/2003,1466.044
13/03/2003,1464.649
12/03/2003,1475.008
11/03/2003,1469.548
10/03/2003,1468.919
7/03/2003,1493.093
6/03/2003,1498.343
5/03/2003,1517.179
4/03/2003,1524.304
3/03/2003,1525.483
28/02/2003,1511.932
27/02/2003,1513.704
26/02/2003,1513.175
25/02/2003,1511.275
24/02/2003,1481.936
21/02/2003,1478.871
20/02/2003,1509.486
19/02/2003,1510.803
18/02/2003,1496.468
17/02/2003,1496.523
14/02/2003,1510.95
13/02/2003,1504.338
12/02/2003,1510.671
11/02/2003,1492.764
10/02/2003,1480.169
29/01/2003,1499.815
28/01/2003,1500.639
27/01/2003,1496.157
24/01/2003,1479.07
23/01/2003,1450.616
22/01/2003,1460.53
21/01/2003,1454.891
20/01/2003,1482.681
17/01/2003,1478.675
16/01/2003,1485.618
15/01/2003,1459.92
14/01/2003,1466.851
13/01/2003,1386.314
10/01/2003,1384.859
9/01/2003,1397.384
8/01/2003,1372.067
7/01/2003,1332.061
6/01/2003,1334.679
3/01/2003,1319.868
2/01/2003,1320.63
31/12/2002,1357.654
30/12/2002,1366.362
27/12/2002,1382.971
26/12/2002,1384.152
25/12/2002,1421.515
24/12/2002,1430.827
23/12/2002,1430.199
20/12/2002,1427.936
19/12/2002,1413.597
18/12/2002,1411.719
17/12/2002,1416.096
16/12/2002,1408.515
13/12/2002,1396.898
12/12/2002,1383.91
11/12/2002,1379.195
10/12/2002,1383.84
9/12/2002,1400.867
6/12/2002,1405.525
5/12/2002,1404.88
4/12/2002,1414.454
3/12/2002,1408.843
2/12/2002,1395.675
29/11/2002,1434.182
28/11/2002,1417.525
27/11/2002,1378.752
26/11/2002,1371.167
25/11/2002,1398.438
22/11/2002,1395.497
21/11/2002,1390.629
20/11/2002,1425.843
19/11/2002,1462.174
18/11/2002,1451.29
15/11/2002,1463.691
14/11/2002,1460.795
13/11/2002,1490.464
12/11/2002,1485.913
11/11/2002,1504.403
8/11/2002,1522.187
7/11/2002,1554.237
6/11/2002,1552.561
5/11/2002,1558.239
4/11/2002,1531.842
1/11/2002,1510.76
31/10/2002,1507.496
30/10/2002,1509.707
29/10/2002,1510.882
28/10/2002,1502.716
25/10/2002,1520.313
24/10/2002,1536.52
23/10/2002,1548.965
22/10/2002,1548.104
21/10/2002,1524.925
18/10/2002,1519.539
17/10/2002,1513.097
16/10/2002,1537.388
15/10/2002,1524.728
14/10/2002,1531.676
11/10/2002,1524.051
10/10/2002,1530.407
9/10/2002,1535.366
8/10/2002,1562.993
27/09/2002,1581.618
26/09/2002,1587.649
25/09/2002,1597.837
24/09/2002,1596.732
23/09/2002,1602.591
20/09/2002,1604.913
19/09/2002,1619.354
18/09/2002,1594.584
17/09/2002,1604.881
16/09/2002,1604.083
13/09/2002,1625.759
12/09/2002,1624.558
11/09/2002,1620.355
10/09/2002,1625.111
9/09/2002,1621.582
6/09/2002,1631.384
5/09/2002,1641.807
4/09/2002,1663.972
3/09/2002,1674.07
2/09/2002,1668.774
30/08/2002,1666.618
29/08/2002,1667.318
28/08/2002,1676.77
27/08/2002,1679.691
26/08/2002,1670.685
23/08/2002,1683.207
22/08/2002,1686.111
21/08/2002,1673.549
20/08/2002,1671.351
19/08/2002,1644.301
16/08/2002,1646.792
15/08/2002,1634.366
14/08/2002,1646.722
13/08/2002,1636.632
12/08/2002,1634.566
9/08/2002,1647.046
8/08/2002,1659.802
7/08/2002,1668.065
6/08/2002,1670.619
5/08/2002,1653.957
2/08/2002,1661.871
1/08/2002,1653.008
31/07/2002,1651.594
30/07/2002,1669.002
29/07/2002,1665.674
26/07/2002,1657.499
25/07/2002,1665.109
24/07/2002,1672.4
23/07/2002,1673.861
22/07/2002,1681.009
19/07/2002,1713.861
18/07/2002,1704.912
17/07/2002,1701.718
16/07/2002,1691.623
15/07/2002,1687.945
12/07/2002,1698.298
11/07/2002,1696.94
10/07/2002,1701.824
9/07/2002,1729.986
8/07/2002,1732.934
5/07/2002,1722.188
4/07/2002,1713.135
3/07/2002,1730.919
2/07/2002,1724.949
1/07/2002,1713.705
28/06/2002,1732.755
27/06/2002,1723.545
26/06/2002,1712.91
25/06/2002,1706.591
24/06/2002,1707.313
21/06/2002,1562.722
20/06/2002,1516.151
19/06/2002,1507.668
18/06/2002,1524.068
17/06/2002,1496.242
14/06/2002,1494.246
13/06/2002,1511.711
12/06/2002,1524.842
11/06/2002,1530.963
10/06/2002,1517.23
7/06/2002,1529.507
6/06/2002,1521.263
5/06/2002,1462
4/06/2002,1490.514
3/06/2002,1483.348
31/05/2002,1515.733
30/05/2002,1523.522
29/05/2002,1524.806
28/05/2002,1558.524
27/05/2002,1555.048
24/05/2002,1549.466
23/05/2002,1571.611
22/05/2002,1564.489
21/05/2002,1588.108
20/05/2002,1541.53
17/05/2002,1567.497
16/05/2002,1549.501
15/05/2002,1598.354
14/05/2002,1616.231
13/05/2002,1623.94
10/05/2002,1638.198
9/05/2002,1650.578
8/05/2002,1652.368
30/04/2002,1667.749
29/04/2002,1665.812
26/04/2002,1640.589
25/04/2002,1615.919
24/04/2002,1611.051
23/04/2002,1624.546
22/04/2002,1627.48
19/04/2002,1635.172
18/04/2002,1628.137
17/04/2002,1644.395
16/04/2002,1640.285
15/04/2002,1649.5
12/04/2002,1658.979
11/04/2002,1649.53
10/04/2002,1677.658
9/04/2002,1667.522
8/04/2002,1640.65
5/04/2002,1634.643
4/04/2002,1641.699
3/04/2002,1594.508
2/04/2002,1582.883
1/04/2002,1608.506
29/03/2002,1603.905
28/03/2002,1650.673
27/03/2002,1654.231
26/03/2002,1649.484
25/03/2002,1675.289
22/03/2002,1669.694
21/03/2002,1685.017
20/03/2002,1682.51
19/03/2002,1665.357
18/03/2002,1623.884
15/03/2002,1620.976
14/03/2002,1665.151
13/03/2002,1623.432
12/03/2002,1643.692
11/03/2002,1664.094
8/03/2002,1640.256
7/03/2002,1613.001
6/03/2002,1569.208
5/03/2002,1560.079
4/03/2002,1526.804
1/03/2002,1502.54
28/02/2002,1524.701
27/02/2002,1538.319
26/02/2002,1531.171
25/02/2002,1530.284
8/02/2002,1506.615
7/02/2002,1515.394
6/02/2002,1485.802
5/02/2002,1518.28
4/02/2002,1511.327
1/02/2002,1485.77
31/01/2002,1491.665
30/01/2002,1396.605
29/01/2002,1392.775
28/01/2002,1359.549
25/01/2002,1451.484
24/01/2002,1456.404
23/01/2002,1444.965
22/01/2002,1358.691
21/01/2002,1366.968
18/01/2002,1415.438
17/01/2002,1419.519
16/01/2002,1479.619
15/01/2002,1459.653
14/01/2002,1485.108
11/01/2002,1535.593
10/01/2002,1576.437
9/01/2002,1561.349
8/01/2002,1583.461
7/01/2002,1596.76
4/01/2002,1611.393
31/12/2001,1645.971
28/12/2001,1639.484
27/12/2001,1627.923
26/12/2001,1633.643
25/12/2001,1611.17
24/12/2001,1606.104
21/12/2001,1640.142
20/12/2001,1631.537
19/12/2001,1672.7
18/12/2001,1687.29
17/12/2001,1665.938
14/12/2001,1675.514
13/12/2001,1688.013
12/12/2001,1715.172
11/12/2001,1728.878
10/12/2001,1748.682
7/12/2001,1745.41
6/12/2001,1751.18
5/12/2001,1745.227
4/12/2001,1769.681
3/12/2001,1762.562
30/11/2001,1747.993
29/11/2001,1732.296
28/11/2001,1735
27/11/2001,1722.589
26/11/2001,1705.885
23/11/2001,1712.56
22/11/2001,1715.813
21/11/2001,1705.664
20/11/2001,1699.732
19/11/2001,1669.894
16/11/2001,1646.763
15/11/2001,1621.344
14/11/2001,1617.102
13/11/2001,1615.931
12/11/2001,1621.195
9/11/2001,1630.359
8/11/2001,1605.871
7/11/2001,1594.05
6/11/2001,1671.278
5/11/2001,1679.572
2/11/2001,1691.351
1/11/2001,1707.754
31/10/2001,1689.17
30/10/2001,1682.769
29/10/2001,1700.477
26/10/2001,1677.878
25/10/2001,1676.499
24/10/2001,1718.06
23/10/2001,1670.562
22/10/2001,1520.669
19/10/2001,1572.453
18/10/2001,1615.579
17/10/2001,1643.066
16/10/2001,1655.902
15/10/2001,1687.28
12/10/2001,1691.326
11/10/2001,1638.326
10/10/2001,1686.612
9/10/2001,1744.64
8/10/2001,1726.533
28/09/2001,1764.867
27/09/2001,1764.932
26/09/2001,1767.814
25/09/2001,1793.884
24/09/2001,1794.961
21/09/2001,1807.019
20/09/2001,1818.419
19/09/2001,1822.695
18/09/2001,1798.622
17/09/2001,1784.608
14/09/2001,1818.382
13/09/2001,1839.909
12/09/2001,1852.604
11/09/2001,1863.78
10/09/2001,1856.529
7/09/2001,1808.844
6/09/2001,1861.561
5/09/2001,1868.27
4/09/2001,1862.36
3/09/2001,1817.19
31/08/2001,1834.138
30/08/2001,1839.631
29/08/2001,1847.536
28/08/2001,1843.385
27/08/2001,1827.25
24/08/2001,1886.8
23/08/2001,1902.99
22/08/2001,1903.446
21/08/2001,1938.871
20/08/2001,1934.489
17/08/2001,1924.003
16/08/2001,1919.645
15/08/2001,1947.359
14/08/2001,1939.542
13/08/2001,1955.1
10/08/2001,1955.036
9/08/2001,1924.59
8/08/2001,1895.169
7/08/2001,1903.932
6/08/2001,1882.126
3/08/2001,1958.692
2/08/2001,1957.023
1/08/2001,1986.928
31/07/2001,1920.318
30/07/2001,1956.823
27/07/2001,2065.728
26/07/2001,2094.009
25/07/2001,2112.256
24/07/2001,2136.454
23/07/2001,2169.007
20/07/2001,2179.624
19/07/2001,2150.265
18/07/2001,2146.541
17/07/2001,2140.981
16/07/2001,2146.236
13/07/2001,2161.34
12/07/2001,2165.491
11/07/2001,2168.74
10/07/2001,2189.785
9/07/2001,2169.655
6/07/2001,2170.521
5/07/2001,2181.663
4/07/2001,2202.058
3/07/2001,2211.83
2/07/2001,2205.985
29/06/2001,2218.029
28/06/2001,2219.25
27/06/2001,2229.828
26/06/2001,2233.591
25/06/2001,2230.197
22/06/2001,2206.067
21/06/2001,2189.145
20/06/2001,2163.123
19/06/2001,2170.454
18/06/2001,2167.647
15/06/2001,2210.97
14/06/2001,2202.398
13/06/2001,2242.423
12/06/2001,2222.959
11/06/2001,2214.623
8/06/2001,2223.068
7/06/2001,2229.812
6/06/2001,2238.501
5/06/2001,2234.987
4/06/2001,2226.779
1/06/2001,2219.591
31/05/2001,2214.257
30/05/2001,2211.201
29/05/2001,2180.276
28/05/2001,2179.699
25/05/2001,2193.576
24/05/2001,2198.297
23/05/2001,2197.595
22/05/2001,2210.337
21/05/2001,2213.595
18/05/2001,2203.372
17/05/2001,2194.647
16/05/2001,2199.505
15/05/2001,2191.064
14/05/2001,2178.466
11/05/2001,2155.405
10/05/2001,2147.283
9/05/2001,2132.89
8/05/2001,2137.994
30/04/2001,2119.184
27/04/2001,2115.109
26/04/2001,2105.056
25/04/2001,2119.18
24/04/2001,2166.174
23/04/2001,2150.426
20/04/2001,2152.335
19/04/2001,2172.87
18/04/2001,2172.564
17/04/2001,2176.679
16/04/2001,2168.059
13/04/2001,2145.4
12/04/2001,2134.798
11/04/2001,2131.397
10/04/2001,2128.479
9/04/2001,2117.367
6/04/2001,2108.606
5/04/2001,2112.6
4/04/2001,2090.719
3/04/2001,2123.052
2/04/2001,2125.084
30/03/2001,2112.775
29/03/2001,2101.658
28/03/2001,2106.874
27/03/2001,2107.258
26/03/2001,2089.881
23/03/2001,2053.539
22/03/2001,2087.532
21/03/2001,2066.39
20/03/2001,2045.79
19/03/2001,2036.617
16/03/2001,2020.236
15/03/2001,2022.601
14/03/2001,2018.616
13/03/2001,1998.699
12/03/2001,2012.552
9/03/2001,2011.66
8/03/2001,2000.9
7/03/2001,1991.177
6/03/2001,1990.06
5/03/2001,1984.2
2/03/2001,1985.111
1/03/2001,1965.121
28/02/2001,1959.18
27/02/2001,1962.042
26/02/2001,1953.4
23/02/2001,1936.346
22/02/2001,1907.26
21/02/2001,1909.326
20/02/2001,1953.218
19/02/2001,1967.55
16/02/2001,1941.964
15/02/2001,1946.479
14/02/2001,1963.2
13/02/2001,1963.528
12/02/2001,1961.221
9/02/2001,1956.97
8/02/2001,1930.138
7/02/2001,1979.939
6/02/2001,1995.315
5/02/2001,2008.03
19/01/2001,2065.606
18/01/2001,2043.11
17/01/2001,2034.584
16/01/2001,2045.887
15/01/2001,2032.443
12/01/2001,2104.747
11/01/2001,2119.141
10/01/2001,2125.615
9/01/2001,2101.135
8/01/2001,2102.064
5/01/2001,2125.3
4/01/2001,2117.405
3/01/2001,2123.899
2/01/2001,2103.469
29/12/2000,2073.477
28/12/2000,2053.704
27/12/2000,2058.244
26/12/2000,2076.27
25/12/2000,2068.17
22/12/2000,2069.768
21/12/2000,2076.886
20/12/2000,2071.268
19/12/2000,2049.032
18/12/2000,2044.545
15/12/2000,2039.364
14/12/2000,2051.079
13/12/2000,2056.12
12/12/2000,2059.053
11/12/2000,2046.076
8/12/2000,2073.163
7/12/2000,2075.044
6/12/2000,2075.627
5/12/2000,2091.67
4/12/2000,2092.139
1/12/2000,2081.843
30/11/2000,2070.613
29/11/2000,2067.495
28/11/2000,2079.396
27/11/2000,2049.671
24/11/2000,2053.37
23/11/2000,2119.439
22/11/2000,2113.303
21/11/2000,2097.982
20/11/2000,2101.389
17/11/2000,2093.235
16/11/2000,2095.98
15/11/2000,2081.905
14/11/2000,2085.118
13/11/2000,2070.788
10/11/2000,2047.458
9/11/2000,2032.482
8/11/2000,2012.908
7/11/2000,1997.077
6/11/2000,1991.173
3/11/2000,1981.631
2/11/2000,1984.26
1/11/2000,1977.363
31/10/2000,1961.287
30/10/2000,1973.578
27/10/2000,1967.41
26/10/2000,1967.673
25/10/2000,1977.254
24/10/2000,1956.344
23/10/2000,1958.938
20/10/2000,1947.455
19/10/2000,1913.42
18/10/2000,1922.845
17/10/2000,1909.49
16/10/2000,1902.809
13/10/2000,1918.157
12/10/2000,1926.324
11/10/2000,1933.726
10/10/2000,1942.149
9/10/2000,1915.35
29/09/2000,1910.161
28/09/2000,1889.289
27/09/2000,1914.086
26/09/2000,1887.829
25/09/2000,1875.911
22/09/2000,1891.984
21/09/2000,1907.306
20/09/2000,1922.289
19/09/2000,1903.154
18/09/2000,1946.753
15/09/2000,1978.434
14/09/2000,1979.505
13/09/2000,1988.936
12/09/2000,1979.095
11/09/2000,1972.043
8/09/2000,1959.312
7/09/2000,1950.663
6/09/2000,1925.907
5/09/2000,1963.792
4/09/2000,2010.602
1/09/2000,1999.859
31/08/2000,2021.199
30/08/2000,2076.143
29/08/2000,2105.476
28/08/2000,2100.585
25/08/2000,2086.703
24/08/2000,2071.161
23/08/2000,2057.919
22/08/2000,2074.703
21/08/2000,2108.69
18/08/2000,2090.183
17/08/2000,2091.586
16/08/2000,2083.467
15/08/2000,2076.823
14/08/2000,2076.3
11/08/2000,2062.666
10/08/2000,2065.943
9/08/2000,2061.18
8/08/2000,2049.916
7/08/2000,2039.419
4/08/2000,2026.361
3/08/2000,2036.301
2/08/2000,2030.683
1/08/2000,2028.151
31/07/2000,2023.539
28/07/2000,2012.793
27/07/2000,2012.35
26/07/2000,2012.319
25/07/2000,1996.577
24/07/2000,1989.239
21/07/2000,1996.336
20/07/2000,1991.56
19/07/2000,1998.426
18/07/2000,1993.986
17/07/2000,1982.479
14/07/2000,1987.192
13/07/2000,1979.201
12/07/2000,1973.374
11/07/2000,1960.541
10/07/2000,1948.021
7/07/2000,1932.792
6/07/2000,1902.552
5/07/2000,1909.187
4/07/2000,1907.931
3/07/2000,1895.637
30/06/2000,1928.106
29/06/2000,1937.261
28/06/2000,1947.481
27/06/2000,1942.898
26/06/2000,1948.639
23/06/2000,1939.627
22/06/2000,1913.901
21/06/2000,1913.131
20/06/2000,1895.348
19/06/2000,1915.205
16/06/2000,1926.944
15/06/2000,1942.285
14/06/2000,1932.29
13/06/2000,1938.67
12/06/2000,1912.557
9/06/2000,1900.787
8/06/2000,1925.206
7/06/2000,1935.031
6/06/2000,1925.544
5/06/2000,1899.092
2/06/2000,1916.25
1/06/2000,1903.488
31/05/2000,1894.554
30/05/2000,1877.471
29/05/2000,1898.748
26/05/2000,1879.617
25/05/2000,1880.704
24/05/2000,1855.493
23/05/2000,1822.497
22/05/2000,1824.736
19/05/2000,1777.828
18/05/2000,1754.34
17/05/2000,1725.398
16/05/2000,1724.538
15/05/2000,1704.587
12/05/2000,1720.608
11/05/2000,1724.048
10/05/2000,1770.889
9/05/2000,1806.638
8/05/2000,1836.352
28/04/2000,1836.321
27/04/2000,1806.83
26/04/2000,1832.779
25/04/2000,1833.469
24/04/2000,1837.398
21/04/2000,1841.064
20/04/2000,1847.027
19/04/2000,1828.71
18/04/2000,1813.495
17/04/2000,1795.058
14/04/2000,1833.665
13/04/2000,1831.548
12/04/2000,1807.328
11/04/2000,1821.174
10/04/2000,1826.061
7/04/2000,1819.896
6/04/2000,1809.141
5/04/2000,1771.199
4/04/2000,1760.692
3/04/2000,1801.003
31/03/2000,1800.225
30/03/2000,1810.984
29/03/2000,1788.807
28/03/2000,1791.441
27/03/2000,1775.914
24/03/2000,1730.499
23/03/2000,1747.241
22/03/2000,1720.446
21/03/2000,1710.324
20/03/2000,1699.248
17/03/2000,1658.601
16/03/2000,1607.527
15/03/2000,1681.471
14/03/2000,1685.347
13/03/2000,1728.875
10/03/2000,1705.049
9/03/2000,1732.346
8/03/2000,1726.033
7/03/2000,1694.798
6/03/2000,1681.085
3/03/2000,1738.021
2/03/2000,1713.014
1/03/2000,1697.744
29/02/2000,1714.578
28/02/2000,1704.855
25/02/2000,1631.576
24/02/2000,1634.309
23/02/2000,1594.93
22/02/2000,1632.294
21/02/2000,1677.136
18/02/2000,1668.091
17/02/2000,1640.649
16/02/2000,1693.109
15/02/2000,1670.67
14/02/2000,1673.943
28/01/2000,1534.997
27/01/2000,1506.767
26/01/2000,1481.117
25/01/2000,1476.506
24/01/2000,1477.344
21/01/2000,1465.085
20/01/2000,1466.863
19/01/2000,1440.724
18/01/2000,1426.623
17/01/2000,1433.33
14/01/2000,1408.848
13/01/2000,1424.442
12/01/2000,1438.02
11/01/2000,1479.781
10/01/2000,1545.112
7/01/2000,1516.604
6/01/2000,1463.942
5/01/2000,1409.682
4/01/2000,1406.371
30/12/1999,1366.58
29/12/1999,1356.926
28/12/1999,1348.821
27/12/1999,1345.352
24/12/1999,1355.367
23/12/1999,1369.461
22/12/1999,1387.51
21/12/1999,1395.497
17/12/1999,1419.551
16/12/1999,1434.867
15/12/1999,1451.057
14/12/1999,1422.263
13/12/1999,1417.107
10/12/1999,1428.939
9/12/1999,1416.726
8/12/1999,1424.848
7/12/1999,1428.261
6/12/1999,1426.995
3/12/1999,1437.233
2/12/1999,1435.837
1/12/1999,1447.116
30/11/1999,1434.973
29/11/1999,1435.468
26/11/1999,1444.513
25/11/1999,1444.241
24/11/1999,1454.578
23/11/1999,1466.434
22/11/1999,1464.588
19/11/1999,1468.472
18/11/1999,1482.452
17/11/1999,1462.79
16/11/1999,1431.319
15/11/1999,1451.536
12/11/1999,1450.327
11/11/1999,1443.905
10/11/1999,1450.152
9/11/1999,1464.03
8/11/1999,1471.375
5/11/1999,1465.232
4/11/1999,1464.828
3/11/1999,1475.684
2/11/1999,1487.469
1/11/1999,1493.096
29/10/1999,1504.563
28/10/1999,1514.525
27/10/1999,1536.821
26/10/1999,1482.667
25/10/1999,1468.266
22/10/1999,1497.462
21/10/1999,1458.53
20/10/1999,1485.827
19/10/1999,1470.9
18/10/1999,1501.665
15/10/1999,1543.798
14/10/1999,1508.726
13/10/1999,1507.422
12/10/1999,1537.796
11/10/1999,1522.48
8/10/1999,1534.515
30/09/1999,1570.702
29/09/1999,1584.954
28/09/1999,1591.432
27/09/1999,1602.158
24/09/1999,1619.326
23/09/1999,1604.203
22/09/1999,1617.057
21/09/1999,1625.588
20/09/1999,1633.835
17/09/1999,1648.558
16/09/1999,1645.511
15/09/1999,1662.803
14/09/1999,1672.892
13/09/1999,1670.143
10/09/1999,1659.929
9/09/1999,1675.122
8/09/1999,1571.598
7/09/1999,1562.794
6/09/1999,1560.678
3/09/1999,1587.887
2/09/1999,1611.958
1/09/1999,1599.552
31/08/1999,1627.116
30/08/1999,1619.039
27/08/1999,1633.9
26/08/1999,1638.233
25/08/1999,1625.765
24/08/1999,1648.469
23/08/1999,1644.999
20/08/1999,1628.934
19/08/1999,1637.743
18/08/1999,1581.929
17/08/1999,1576.405
16/08/1999,1560.068
13/08/1999,1571.901
12/08/1999,1575.642
11/08/1999,1583.401
10/08/1999,1602.147
9/08/1999,1628.836
6/08/1999,1646.593
5/08/1999,1653.537
4/08/1999,1649.128
3/08/1999,1626.841
2/08/1999,1616.276
30/07/1999,1601.459
29/07/1999,1595.86
28/07/1999,1597.199
27/07/1999,1590.713
26/07/1999,1602.031
23/07/1999,1585.98
22/07/1999,1550.73
21/07/1999,1609.811
20/07/1999,1574.603
19/07/1999,1479.076
16/07/1999,1519.741
15/07/1999,1549.336
14/07/1999,1559.52
13/07/1999,1524.821
12/07/1999,1559.732
9/07/1999,1584.75
8/07/1999,1577.987
7/07/1999,1568.652
6/07/1999,1517.253
5/07/1999,1581.819
2/07/1999,1613.533
1/07/1999,1560.787
30/06/1999,1689.428
29/06/1999,1739.205
28/06/1999,1693.16
25/06/1999,1593.859
24/06/1999,1654.11
23/06/1999,1606.5
22/06/1999,1564.444
21/06/1999,1546.408
18/06/1999,1498.915
17/06/1999,1501.007
16/06/1999,1460.168
15/06/1999,1387.592
14/06/1999,1427.707
11/06/1999,1370.39
10/06/1999,1364.345
9/06/1999,1348.606
8/06/1999,1333.644
7/06/1999,1326.518
4/06/1999,1285.579
3/06/1999,1268.324
2/06/1999,1287.931
1/06/1999,1311.594
31/05/1999,1279.326
28/05/1999,1277.15
27/05/1999,1283.02
26/05/1999,1236.046
25/05/1999,1202.885
24/05/1999,1213.654
21/05/1999,1168.72
20/05/1999,1147.707
19/05/1999,1109.089
18/05/1999,1059.874
17/05/1999,1065.557
14/05/1999,1063.277
13/05/1999,1088.863
12/05/1999,1099.996
11/05/1999,1095.402
10/05/1999,1071.927
7/05/1999,1120.738
6/05/1999,1128.224
5/05/1999,1116.932
4/05/1999,1111.757
30/04/1999,1120.927
29/04/1999,1116.405
28/04/1999,1091.089
27/04/1999,1091.695
26/04/1999,1112.791
23/04/1999,1139.997
22/04/1999,1137.162
21/04/1999,1144.065
20/04/1999,1171.603
19/04/1999,1159.473
16/04/1999,1166.237
15/04/1999,1170.616
14/04/1999,1181.517
13/04/1999,1178.192
12/04/1999,1195.337
9/04/1999,1205.139
8/04/1999,1202.469
7/04/1999,1201.634
6/04/1999,1199.6
5/04/1999,1194.469
2/04/1999,1184.402
1/04/1999,1168.504
31/03/1999,1158.054
30/03/1999,1157.507
29/03/1999,1169.489
26/03/1999,1161.12
25/03/1999,1156.854
24/03/1999,1169.034
23/03/1999,1170.949
22/03/1999,1172.743
19/03/1999,1172.933
18/03/1999,1151.991
17/03/1999,1159.096
16/03/1999,1166.93
15/03/1999,1164.639
12/03/1999,1158.702
11/03/1999,1149.925
10/03/1999,1132.736
9/03/1999,1136.941
8/03/1999,1142.107
5/03/1999,1132.357
4/03/1999,1128.954
3/03/1999,1128.736
2/03/1999,1100.919
1/03/1999,1097.975
9/02/1999,1090.087
8/02/1999,1065.816
5/02/1999,1081.442
4/02/1999,1112.102
3/02/1999,1116.865
2/02/1999,1126.404
1/02/1999,1120.531
29/01/1999,1134.673
28/01/1999,1140.975
27/01/1999,1146.493
26/01/1999,1138.21
25/01/1999,1148.123
22/01/1999,1162.35
21/01/1999,1158.499
20/01/1999,1151.374
19/01/1999,1158.551
18/01/1999,1153.119
15/01/1999,1137.309
14/01/1999,1148.655
13/01/1999,1148.154
12/01/1999,1158.868
11/01/1999,1172.813
8/01/1999,1168.814
7/01/1999,1137.729
6/01/1999,1132.59
5/01/1999,1119.965
4/01/1999,1125.819
