Date,TBILL
4/01/1999,4.38
5/01/1999,4.37
6/01/1999,4.36
7/01/1999,4.33
8/01/1999,4.37
11/01/1999,4.39
12/01/1999,4.37
13/01/1999,4.34
14/01/1999,4.33
15/01/1999,4.33
18/01/1999,.
19/01/1999,4.29
20/01/1999,4.26
21/01/1999,4.22
22/01/1999,4.26
25/01/1999,4.31
26/01/1999,4.35
27/01/1999,4.36
28/01/1999,4.38
29/01/1999,4.37
1/02/1999,4.42
2/02/1999,4.42
3/02/1999,4.37
4/02/1999,4.38
5/02/1999,4.39
8/02/1999,4.4
9/02/1999,4.42
10/02/1999,4.37
11/02/1999,4.39
12/02/1999,4.43
15/02/1999,.
16/02/1999,4.41
17/02/1999,4.41
18/02/1999,4.42
19/02/1999,4.45
22/02/1999,4.5
23/02/1999,4.54
24/02/1999,4.55
25/02/1999,4.51
26/02/1999,4.55
1/03/1999,4.58
2/03/1999,4.53
3/03/1999,4.49
4/03/1999,4.49
5/03/1999,4.5
8/03/1999,4.51
9/03/1999,4.47
10/03/1999,4.47
11/03/1999,4.49
12/03/1999,4.47
15/03/1999,4.46
16/03/1999,4.43
17/03/1999,4.41
18/03/1999,4.39
19/03/1999,4.39
22/03/1999,4.4
23/03/1999,4.38
24/03/1999,4.38
25/03/1999,4.39
26/03/1999,4.39
29/03/1999,4.39
30/03/1999,4.36
31/03/1999,4.37
1/04/1999,4.32
2/04/1999,4.31
5/04/1999,4.29
6/04/1999,4.3
7/04/1999,4.3
8/04/1999,4.28
9/04/1999,4.3
12/04/1999,4.22
13/04/1999,4.2
14/04/1999,4.18
15/04/1999,4.2
16/04/1999,4.22
19/04/1999,4.22
20/04/1999,4.26
21/04/1999,4.24
22/04/1999,4.28
23/04/1999,4.31
26/04/1999,4.35
27/04/1999,4.38
28/04/1999,4.39
29/04/1999,4.39
30/04/1999,4.43
3/05/1999,4.47
4/05/1999,4.5
5/05/1999,4.48
6/05/1999,4.49
7/05/1999,4.49
10/05/1999,4.47
11/05/1999,4.49
12/05/1999,4.47
13/05/1999,4.46
14/05/1999,4.51
17/05/1999,4.55
18/05/1999,4.53
19/05/1999,4.5
20/05/1999,4.48
21/05/1999,4.48
24/05/1999,4.51
25/05/1999,4.51
26/05/1999,4.53
27/05/1999,4.52
28/05/1999,4.53
31/05/1999,.
1/06/1999,4.56
2/06/1999,4.61
3/06/1999,4.52
4/06/1999,4.44
7/06/1999,4.4
8/06/1999,4.49
9/06/1999,4.47
10/06/1999,4.54
11/06/1999,4.6
14/06/1999,4.57
15/06/1999,4.61
16/06/1999,4.54
17/06/1999,4.51
18/06/1999,4.55
21/06/1999,4.57
22/06/1999,4.6
23/06/1999,4.6
24/06/1999,4.6
25/06/1999,4.66
28/06/1999,4.68
29/06/1999,4.7
30/06/1999,4.65
1/07/1999,4.55
2/07/1999,4.55
5/07/1999,.
6/07/1999,4.53
7/07/1999,4.54
8/07/1999,4.55
9/07/1999,4.56
12/07/1999,4.57
13/07/1999,4.58
14/07/1999,4.59
15/07/1999,4.57
16/07/1999,4.55
19/07/1999,4.52
20/07/1999,4.51
21/07/1999,4.46
22/07/1999,4.48
23/07/1999,4.52
26/07/1999,4.58
27/07/1999,4.57
28/07/1999,4.58
29/07/1999,4.59
30/07/1999,4.62
2/08/1999,4.65
3/08/1999,4.7
4/08/1999,4.65
5/08/1999,4.61
6/08/1999,4.66
9/08/1999,4.76
10/08/1999,4.81
11/08/1999,4.77
12/08/1999,4.66
13/08/1999,4.6
16/08/1999,4.62
17/08/1999,4.69
18/08/1999,4.63
19/08/1999,4.62
20/08/1999,4.7
23/08/1999,4.78
24/08/1999,4.85
25/08/1999,4.79
26/08/1999,4.79
27/08/1999,4.84
30/08/1999,4.85
31/08/1999,4.84
1/09/1999,4.83
2/09/1999,4.78
3/09/1999,4.78
6/09/1999,.
7/09/1999,4.69
8/09/1999,4.69
9/09/1999,4.68
10/09/1999,4.62
13/09/1999,4.64
14/09/1999,4.69
15/09/1999,4.62
16/09/1999,4.57
17/09/1999,4.54
20/09/1999,4.56
21/09/1999,4.66
22/09/1999,4.69
23/09/1999,4.69
24/09/1999,4.65
27/09/1999,4.68
28/09/1999,4.71
29/09/1999,4.69
30/09/1999,4.74
1/10/1999,4.74
4/10/1999,4.69
5/10/1999,4.72
6/10/1999,4.68
7/10/1999,4.7
8/10/1999,4.68
11/10/1999,.
12/10/1999,4.73
13/10/1999,4.84
14/10/1999,4.88
15/10/1999,4.9
18/10/1999,4.94
19/10/1999,5
20/10/1999,5
21/10/1999,4.99
22/10/1999,4.92
25/10/1999,4.89
26/10/1999,5
27/10/1999,4.99
28/10/1999,4.96
29/10/1999,4.97
1/11/1999,4.98
2/11/1999,4.99
3/11/1999,4.97
4/11/1999,4.95
5/11/1999,4.99
8/11/1999,5.04
9/11/1999,5.04
10/11/1999,5.05
11/11/1999,.
12/11/1999,5.08
15/11/1999,5.12
16/11/1999,5.14
17/11/1999,5.09
18/11/1999,5.08
19/11/1999,5.08
22/11/1999,5.08
23/11/1999,5.13
24/11/1999,5.14
25/11/1999,.
26/11/1999,5.14
29/11/1999,5.17
30/11/1999,5.15
1/12/1999,5.12
2/12/1999,5.1
3/12/1999,5.1
6/12/1999,5.09
7/12/1999,5.07
8/12/1999,5.07
9/12/1999,5.1
10/12/1999,5.14
13/12/1999,5.22
14/12/1999,5.23
15/12/1999,5.19
16/12/1999,5.23
17/12/1999,5.28
20/12/1999,5.39
21/12/1999,5.42
22/12/1999,5.39
23/12/1999,5.31
24/12/1999,.
27/12/1999,5.3
28/12/1999,5.25
29/12/1999,5.08
30/12/1999,5.07
31/12/1999,5.17
3/01/2000,5.27
4/01/2000,5.27
5/01/2000,5.28
6/01/2000,5.25
7/01/2000,5.22
10/01/2000,5.24
11/01/2000,5.27
12/01/2000,5.29
13/01/2000,5.25
14/01/2000,5.25
17/01/2000,.
18/01/2000,5.24
19/01/2000,5.35
20/01/2000,5.32
21/01/2000,5.31
24/01/2000,5.32
25/01/2000,5.4
26/01/2000,5.41
27/01/2000,5.42
28/01/2000,5.48
31/01/2000,5.53
1/02/2000,5.54
2/02/2000,5.49
3/02/2000,5.46
4/02/2000,5.5
7/02/2000,5.47
8/02/2000,5.52
9/02/2000,5.49
10/02/2000,5.5
11/02/2000,5.49
14/02/2000,5.47
15/02/2000,5.58
16/02/2000,5.56
17/02/2000,5.57
18/02/2000,5.58
21/02/2000,.
22/02/2000,5.6
23/02/2000,5.64
24/02/2000,5.63
25/02/2000,5.62
28/02/2000,5.63
29/02/2000,5.62
1/03/2000,5.6
2/03/2000,5.6
3/03/2000,5.63
6/03/2000,5.66
7/03/2000,5.67
8/03/2000,5.67
9/03/2000,5.66
10/03/2000,5.7
13/03/2000,5.71
14/03/2000,5.71
15/03/2000,5.69
16/03/2000,5.7
17/03/2000,5.72
20/03/2000,5.74
21/03/2000,5.74
22/03/2000,5.74
23/03/2000,5.73
24/03/2000,5.74
27/03/2000,5.69
28/03/2000,5.72
29/03/2000,5.73
30/03/2000,5.71
31/03/2000,5.72
3/04/2000,5.69
4/04/2000,5.67
5/04/2000,5.7
6/04/2000,5.72
7/04/2000,5.73
10/04/2000,5.7
11/04/2000,5.67
12/04/2000,5.67
13/04/2000,5.65
14/04/2000,5.65
17/04/2000,5.65
18/04/2000,5.65
19/04/2000,5.65
20/04/2000,5.63
21/04/2000,.
24/04/2000,5.61
25/04/2000,5.63
26/04/2000,5.59
27/04/2000,5.59
28/04/2000,5.66
1/05/2000,5.67
2/05/2000,5.75
3/05/2000,5.74
4/05/2000,5.73
5/05/2000,5.79
8/05/2000,5.87
9/05/2000,5.96
10/05/2000,5.96
11/05/2000,5.96
12/05/2000,5.96
15/05/2000,5.94
16/05/2000,6.02
17/05/2000,5.88
18/05/2000,5.75
19/05/2000,5.71
22/05/2000,5.71
23/05/2000,5.84
24/05/2000,5.75
25/05/2000,5.68
26/05/2000,5.65
29/05/2000,.
30/05/2000,5.6
31/05/2000,5.48
1/06/2000,5.57
2/06/2000,5.7
5/06/2000,5.72
6/06/2000,5.82
7/06/2000,5.75
8/06/2000,5.74
9/06/2000,5.75
12/06/2000,5.69
13/06/2000,5.72
14/06/2000,5.66
15/06/2000,5.67
16/06/2000,5.66
19/06/2000,5.64
20/06/2000,5.63
21/06/2000,5.65
22/06/2000,5.67
23/06/2000,5.69
26/06/2000,5.66
27/06/2000,5.67
28/06/2000,5.65
29/06/2000,5.68
30/06/2000,5.71
3/07/2000,5.75
4/07/2000,.
5/07/2000,5.82
6/07/2000,5.85
7/07/2000,5.87
10/07/2000,5.9
11/07/2000,5.93
12/07/2000,5.99
13/07/2000,6
14/07/2000,5.99
17/07/2000,5.98
18/07/2000,5.98
19/07/2000,6
20/07/2000,6
21/07/2000,5.95
24/07/2000,5.98
25/07/2000,6.02
26/07/2000,6
27/07/2000,6.04
28/07/2000,6.02
31/07/2000,6.03
1/08/2000,6.07
2/08/2000,6.07
3/08/2000,6.05
4/08/2000,6.05
7/08/2000,6.06
8/08/2000,6.08
9/08/2000,6.07
10/08/2000,6.07
11/08/2000,6.11
14/08/2000,6.09
15/08/2000,6.1
16/08/2000,6.09
17/08/2000,6.09
18/08/2000,6.09
21/08/2000,6.09
22/08/2000,6.1
23/08/2000,6.11
24/08/2000,6.11
25/08/2000,6.13
28/08/2000,6.14
29/08/2000,6.13
30/08/2000,6.14
31/08/2000,6.13
1/09/2000,6.09
4/09/2000,.
5/09/2000,6.07
6/09/2000,6.03
7/09/2000,6.02
8/09/2000,5.97
11/09/2000,5.95
12/09/2000,5.92
13/09/2000,5.92
14/09/2000,5.97
15/09/2000,5.97
18/09/2000,5.97
19/09/2000,5.99
20/09/2000,5.98
21/09/2000,5.98
22/09/2000,5.99
25/09/2000,5.99
26/09/2000,6
27/09/2000,6.02
28/09/2000,6.07
29/09/2000,6.05
2/10/2000,6.03
3/10/2000,6.06
4/10/2000,6.06
5/10/2000,6.07
6/10/2000,6.06
9/10/2000,.
10/10/2000,6.05
11/10/2000,6.05
12/10/2000,6.01
13/10/2000,6.02
16/10/2000,6.06
17/10/2000,6.12
18/10/2000,6.12
19/10/2000,6.14
20/10/2000,6.13
23/10/2000,6.16
24/10/2000,6.17
25/10/2000,6.2
26/10/2000,6.18
27/10/2000,6.17
30/10/2000,6.19
31/10/2000,6.19
1/11/2000,6.18
2/11/2000,6.19
3/11/2000,6.2
6/11/2000,6.24
7/11/2000,6.23
8/11/2000,6.22
9/11/2000,6.21
10/11/2000,6.19
13/11/2000,6.19
14/11/2000,6.18
15/11/2000,6.19
16/11/2000,6.17
17/11/2000,6.17
20/11/2000,6.18
21/11/2000,6.18
22/11/2000,6.18
23/11/2000,.
24/11/2000,6.18
27/11/2000,6.14
28/11/2000,6.1
29/11/2000,6.06
30/11/2000,6.03
1/12/2000,6.05
4/12/2000,6
5/12/2000,5.91
6/12/2000,5.92
7/12/2000,5.94
8/12/2000,5.92
11/12/2000,5.91
12/12/2000,5.89
13/12/2000,5.89
14/12/2000,5.89
15/12/2000,5.85
18/12/2000,5.78
19/12/2000,5.76
20/12/2000,5.66
21/12/2000,5.24
22/12/2000,5.13
25/12/2000,.
26/12/2000,5.61
27/12/2000,5.59
28/12/2000,5.71
29/12/2000,5.73
1/01/2001,.
2/01/2001,5.69
3/01/2001,5.53
4/01/2001,5.23
5/01/2001,4.99
8/01/2001,5.06
9/01/2001,5.1
10/01/2001,5.15
11/01/2001,5.17
12/01/2001,5.19
15/01/2001,.
16/01/2001,5.22
17/01/2001,5.22
18/01/2001,5.14
19/01/2001,5.1
22/01/2001,5.11
23/01/2001,5.1
24/01/2001,5.14
25/01/2001,5.14
26/01/2001,5.04
29/01/2001,4.99
30/01/2001,4.89
31/01/2001,4.86
1/02/2001,4.87
2/02/2001,4.93
5/02/2001,4.96
6/02/2001,4.94
7/02/2001,4.94
8/02/2001,4.95
9/02/2001,4.93
12/02/2001,4.93
13/02/2001,4.92
14/02/2001,4.94
15/02/2001,4.95
16/02/2001,4.89
19/02/2001,.
20/02/2001,4.92
21/02/2001,4.89
22/02/2001,4.88
23/02/2001,4.77
26/02/2001,4.71
27/02/2001,4.7
28/02/2001,4.73
1/03/2001,4.72
2/03/2001,4.72
5/03/2001,4.7
6/03/2001,4.67
7/03/2001,4.57
8/03/2001,4.56
9/03/2001,4.61
12/03/2001,4.54
13/03/2001,4.54
14/03/2001,4.43
15/03/2001,4.41
16/03/2001,4.43
19/03/2001,4.42
20/03/2001,4.38
21/03/2001,4.21
22/03/2001,4.16
23/03/2001,4.19
26/03/2001,4.19
27/03/2001,4.24
28/03/2001,4.23
29/03/2001,4.22
30/03/2001,4.2
2/04/2001,4.12
3/04/2001,4.05
4/04/2001,4
5/04/2001,4.01
6/04/2001,3.85
9/04/2001,3.84
10/04/2001,3.85
11/04/2001,3.98
12/04/2001,3.92
13/04/2001,.
16/04/2001,4.05
17/04/2001,4.02
18/04/2001,3.82
19/04/2001,3.78
20/04/2001,3.68
23/04/2001,3.66
24/04/2001,3.71
25/04/2001,3.75
26/04/2001,3.74
27/04/2001,3.76
30/04/2001,3.86
1/05/2001,3.83
2/05/2001,3.8
3/05/2001,3.75
4/05/2001,3.65
7/05/2001,3.65
8/05/2001,3.62
9/05/2001,3.64
10/05/2001,3.66
11/05/2001,3.69
14/05/2001,3.63
15/05/2001,3.55
16/05/2001,3.49
17/05/2001,3.49
18/05/2001,3.53
21/05/2001,3.57
22/05/2001,3.56
23/05/2001,3.56
24/05/2001,3.62
25/05/2001,3.58
28/05/2001,.
29/05/2001,3.63
30/05/2001,3.6
31/05/2001,3.55
1/06/2001,3.59
4/06/2001,3.6
5/06/2001,3.55
6/06/2001,3.54
7/06/2001,3.55
8/06/2001,3.56
11/06/2001,3.52
12/06/2001,3.48
13/06/2001,3.47
14/06/2001,3.48
15/06/2001,3.44
18/06/2001,3.44
19/06/2001,3.43
20/06/2001,3.41
21/06/2001,3.43
22/06/2001,3.37
25/06/2001,3.38
26/06/2001,3.38
27/06/2001,3.44
28/06/2001,3.56
29/06/2001,3.57
2/07/2001,3.59
3/07/2001,3.58
4/07/2001,.
5/07/2001,3.57
6/07/2001,3.55
9/07/2001,3.57
10/07/2001,3.55
11/07/2001,3.5
12/07/2001,3.52
13/07/2001,3.54
16/07/2001,3.56
17/07/2001,3.53
18/07/2001,3.46
19/07/2001,3.47
20/07/2001,3.45
23/07/2001,3.48
24/07/2001,3.48
25/07/2001,3.48
26/07/2001,3.48
27/07/2001,3.47
30/07/2001,3.49
31/07/2001,3.46
1/08/2001,3.45
2/08/2001,3.45
3/08/2001,3.44
6/08/2001,3.44
7/08/2001,3.44
8/08/2001,3.41
9/08/2001,3.38
10/08/2001,3.36
13/08/2001,3.37
14/08/2001,3.35
15/08/2001,3.35
16/08/2001,3.32
17/08/2001,3.29
20/08/2001,3.34
21/08/2001,3.31
22/08/2001,3.31
23/08/2001,3.33
24/08/2001,3.35
27/08/2001,3.37
28/08/2001,3.33
29/08/2001,3.34
30/08/2001,3.29
31/08/2001,3.3
3/09/2001,.
4/09/2001,3.36
5/09/2001,3.33
6/09/2001,3.27
7/09/2001,3.2
10/09/2001,3.19
11/09/2001,.
12/09/2001,.
13/09/2001,2.68
14/09/2001,2.59
17/09/2001,2.54
18/09/2001,2.43
19/09/2001,2.15
20/09/2001,2.18
21/09/2001,2.21
24/09/2001,2.33
25/09/2001,2.35
26/09/2001,2.33
27/09/2001,2.33
28/09/2001,2.35
1/10/2001,2.32
2/10/2001,2.22
3/10/2001,2.19
4/10/2001,2.17
5/10/2001,2.15
8/10/2001,.
9/10/2001,2.18
10/10/2001,2.18
11/10/2001,2.23
12/10/2001,2.21
15/10/2001,2.21
16/10/2001,2.18
17/10/2001,2.18
18/10/2001,2.15
19/10/2001,2.15
22/10/2001,2.18
23/10/2001,2.16
24/10/2001,2.13
25/10/2001,2.1
26/10/2001,2.1
29/10/2001,2.05
30/10/2001,2.01
31/10/2001,2.01
1/11/2001,2.02
2/11/2001,1.97
5/11/2001,1.97
6/11/2001,1.82
7/11/2001,1.77
8/11/2001,1.81
9/11/2001,1.8
12/11/2001,.
13/11/2001,1.81
14/11/2001,1.84
15/11/2001,1.88
16/11/2001,1.91
19/11/2001,1.9
20/11/2001,1.91
21/11/2001,1.92
22/11/2001,.
23/11/2001,1.91
26/11/2001,1.94
27/11/2001,1.88
28/11/2001,1.84
29/11/2001,1.77
30/11/2001,1.75
3/12/2001,1.75
4/12/2001,1.71
5/12/2001,1.74
6/12/2001,1.72
7/12/2001,1.66
10/12/2001,1.68
11/12/2001,1.63
12/12/2001,1.64
13/12/2001,1.66
14/12/2001,1.7
17/12/2001,1.71
18/12/2001,1.68
19/12/2001,1.66
20/12/2001,1.66
21/12/2001,1.68
24/12/2001,1.69
25/12/2001,.
26/12/2001,1.72
27/12/2001,1.71
28/12/2001,1.69
31/12/2001,1.71
1/01/2002,.
2/01/2002,1.71
3/01/2002,1.7
4/01/2002,1.69
7/01/2002,1.66
8/01/2002,1.65
9/01/2002,1.65
10/01/2002,1.65
11/01/2002,1.55
14/01/2002,1.55
15/01/2002,1.57
16/01/2002,1.58
17/01/2002,1.61
18/01/2002,1.59
21/01/2002,.
22/01/2002,1.66
23/01/2002,1.68
24/01/2002,1.69
25/01/2002,1.69
28/01/2002,1.7
29/01/2002,1.69
30/01/2002,1.72
31/01/2002,1.73
1/02/2002,1.73
4/02/2002,1.74
5/02/2002,1.73
6/02/2002,1.71
7/02/2002,1.7
8/02/2002,1.7
11/02/2002,1.7
12/02/2002,1.72
13/02/2002,1.73
14/02/2002,1.72
15/02/2002,1.71
18/02/2002,.
19/02/2002,1.71
20/02/2002,1.73
21/02/2002,1.73
22/02/2002,1.73
25/02/2002,1.74
26/02/2002,1.74
27/02/2002,1.74
28/02/2002,1.76
1/03/2002,1.74
4/03/2002,1.76
5/03/2002,1.77
6/03/2002,1.75
7/03/2002,1.75
8/03/2002,1.77
11/03/2002,1.8
12/03/2002,1.81
13/03/2002,1.79
14/03/2002,1.82
15/03/2002,1.82
18/03/2002,1.83
19/03/2002,1.82
20/03/2002,1.81
21/03/2002,1.8
22/03/2002,1.8
25/03/2002,1.79
26/03/2002,1.78
27/03/2002,1.78
28/03/2002,1.76
29/03/2002,.
1/04/2002,1.75
2/04/2002,1.77
3/04/2002,1.76
4/04/2002,1.75
5/04/2002,1.73
8/04/2002,1.72
9/04/2002,1.7
10/04/2002,1.68
11/04/2002,1.69
12/04/2002,1.68
15/04/2002,1.68
16/04/2002,1.71
17/04/2002,1.7
18/04/2002,1.69
19/04/2002,1.7
22/04/2002,1.69
23/04/2002,1.7
24/04/2002,1.69
25/04/2002,1.71
26/04/2002,1.72
29/04/2002,1.74
30/04/2002,1.74
1/05/2002,1.74
2/05/2002,1.74
3/05/2002,1.73
6/05/2002,1.73
7/05/2002,1.73
8/05/2002,1.73
9/05/2002,1.74
10/05/2002,1.74
13/05/2002,1.74
14/05/2002,1.75
15/05/2002,1.73
16/05/2002,1.72
17/05/2002,1.73
20/05/2002,1.72
21/05/2002,1.72
22/05/2002,1.71
23/05/2002,1.71
24/05/2002,1.71
27/05/2002,.
28/05/2002,1.73
29/05/2002,1.72
30/05/2002,1.72
31/05/2002,1.71
3/06/2002,1.72
4/06/2002,1.73
5/06/2002,1.72
6/06/2002,1.71
7/06/2002,1.71
10/06/2002,1.72
11/06/2002,1.72
12/06/2002,1.71
13/06/2002,1.69
14/06/2002,1.68
17/06/2002,1.7
18/06/2002,1.7
19/06/2002,1.68
20/06/2002,1.7
21/06/2002,1.69
24/06/2002,1.7
25/06/2002,1.7
26/06/2002,1.67
27/06/2002,1.67
28/06/2002,1.67
1/07/2002,1.68
2/07/2002,1.69
3/07/2002,1.69
4/07/2002,.
5/07/2002,1.69
8/07/2002,1.7
9/07/2002,1.69
10/07/2002,1.69
11/07/2002,1.69
12/07/2002,1.68
15/07/2002,1.68
16/07/2002,1.69
17/07/2002,1.69
18/07/2002,1.69
19/07/2002,1.68
22/07/2002,1.68
23/07/2002,1.67
24/07/2002,1.66
25/07/2002,1.67
26/07/2002,1.66
29/07/2002,1.69
30/07/2002,1.69
31/07/2002,1.68
1/08/2002,1.65
2/08/2002,1.6
5/08/2002,1.61
6/08/2002,1.62
7/08/2002,1.56
8/08/2002,1.59
9/08/2002,1.59
12/08/2002,1.64
13/08/2002,1.6
14/08/2002,1.61
15/08/2002,1.59
16/08/2002,1.59
19/08/2002,1.63
20/08/2002,1.59
21/08/2002,1.6
22/08/2002,1.62
23/08/2002,1.62
26/08/2002,1.64
27/08/2002,1.65
28/08/2002,1.64
29/08/2002,1.65
30/08/2002,1.66
2/09/2002,.
3/09/2002,1.61
4/09/2002,1.6
5/09/2002,1.58
6/09/2002,1.63
9/09/2002,1.66
10/09/2002,1.65
11/09/2002,1.66
12/09/2002,1.66
13/09/2002,1.66
16/09/2002,1.68
17/09/2002,1.67
18/09/2002,1.65
19/09/2002,1.62
20/09/2002,1.62
23/09/2002,1.62
24/09/2002,1.62
25/09/2002,1.63
26/09/2002,1.62
27/09/2002,1.6
30/09/2002,1.54
1/10/2002,1.56
2/10/2002,1.55
3/10/2002,1.54
4/10/2002,1.58
7/10/2002,1.6
8/10/2002,1.58
9/10/2002,1.54
10/10/2002,1.55
11/10/2002,1.55
14/10/2002,.
15/10/2002,1.65
16/10/2002,1.63
17/10/2002,1.64
18/10/2002,1.64
21/10/2002,1.68
22/10/2002,1.66
23/10/2002,1.65
24/10/2002,1.62
25/10/2002,1.61
28/10/2002,1.56
29/10/2002,1.48
30/10/2002,1.48
31/10/2002,1.42
1/11/2002,1.41
4/11/2002,1.41
5/11/2002,1.4
6/11/2002,1.21
7/11/2002,1.2
8/11/2002,1.2
11/11/2002,.
12/11/2002,1.2
13/11/2002,1.19
14/11/2002,1.2
15/11/2002,1.2
18/11/2002,1.21
19/11/2002,1.19
20/11/2002,1.2
21/11/2002,1.2
22/11/2002,1.21
25/11/2002,1.22
26/11/2002,1.2
27/11/2002,1.21
28/11/2002,.
29/11/2002,1.2
2/12/2002,1.22
3/12/2002,1.21
4/12/2002,1.2
5/12/2002,1.2
6/12/2002,1.19
9/12/2002,1.21
10/12/2002,1.19
11/12/2002,1.19
12/12/2002,1.19
13/12/2002,1.19
16/12/2002,1.21
17/12/2002,1.2
18/12/2002,1.19
19/12/2002,1.19
20/12/2002,1.19
23/12/2002,1.17
24/12/2002,1.17
25/12/2002,.
26/12/2002,1.16
27/12/2002,1.14
30/12/2002,1.2
31/12/2002,1.2
1/01/2003,.
2/01/2003,1.2
3/01/2003,1.2
6/01/2003,1.19
7/01/2003,1.17
8/01/2003,1.17
9/01/2003,1.18
10/01/2003,1.18
13/01/2003,1.19
14/01/2003,1.17
15/01/2003,1.18
16/01/2003,1.16
17/01/2003,1.16
20/01/2003,.
21/01/2003,1.17
22/01/2003,1.15
23/01/2003,1.15
24/01/2003,1.14
27/01/2003,1.15
28/01/2003,1.16
29/01/2003,1.16
30/01/2003,1.16
31/01/2003,1.16
3/02/2003,1.16
4/02/2003,1.14
5/02/2003,1.16
6/02/2003,1.15
7/02/2003,1.15
10/02/2003,1.15
11/02/2003,1.16
12/02/2003,1.16
13/02/2003,1.15
14/02/2003,1.16
17/02/2003,.
18/02/2003,1.17
19/02/2003,1.16
20/02/2003,1.17
21/02/2003,1.17
24/02/2003,1.19
25/02/2003,1.18
26/02/2003,1.19
27/02/2003,1.19
28/02/2003,1.18
3/03/2003,1.18
4/03/2003,1.17
5/03/2003,1.16
6/03/2003,1.16
7/03/2003,1.1
10/03/2003,1.06
11/03/2003,1.08
12/03/2003,1.08
13/03/2003,1.1
14/03/2003,1.11
17/03/2003,1.13
18/03/2003,1.12
19/03/2003,1.14
20/03/2003,1.15
21/03/2003,1.16
24/03/2003,1.15
25/03/2003,1.16
26/03/2003,1.16
27/03/2003,1.14
28/03/2003,1.12
31/03/2003,1.12
1/04/2003,1.1
2/04/2003,1.11
3/04/2003,1.09
4/04/2003,1.09
7/04/2003,1.15
8/04/2003,1.13
9/04/2003,1.11
10/04/2003,1.12
11/04/2003,1.15
14/04/2003,1.18
15/04/2003,1.16
16/04/2003,1.15
17/04/2003,1.16
18/04/2003,.
21/04/2003,1.16
22/04/2003,1.16
23/04/2003,1.15
24/04/2003,1.13
25/04/2003,1.12
28/04/2003,1.12
29/04/2003,1.13
30/04/2003,1.11
1/05/2003,1.08
2/05/2003,1.1
5/05/2003,1.11
6/05/2003,1.08
7/05/2003,1.09
8/05/2003,1.07
9/05/2003,1.09
12/05/2003,1.08
13/05/2003,1.07
14/05/2003,1.04
15/05/2003,1.04
16/05/2003,1.03
19/05/2003,1.03
20/05/2003,1.02
21/05/2003,1.04
22/05/2003,1.06
23/05/2003,1.06
26/05/2003,.
27/05/2003,1.07
28/05/2003,1.1
29/05/2003,1.08
30/05/2003,1.09
2/06/2003,1.12
3/06/2003,1.06
4/06/2003,1.03
5/06/2003,1.02
6/06/2003,1.03
9/06/2003,1.01
10/06/2003,0.95
11/06/2003,0.92
12/06/2003,0.9
13/06/2003,0.84
16/06/2003,0.85
17/06/2003,0.88
18/06/2003,0.87
19/06/2003,0.8
20/06/2003,0.81
23/06/2003,0.83
24/06/2003,0.81
25/06/2003,0.9
26/06/2003,0.89
27/06/2003,0.85
30/06/2003,0.89
1/07/2003,0.87
2/07/2003,0.85
3/07/2003,0.85
4/07/2003,.
7/07/2003,0.9
8/07/2003,0.9
9/07/2003,0.88
10/07/2003,0.87
11/07/2003,0.87
14/07/2003,0.89
15/07/2003,0.9
16/07/2003,0.89
17/07/2003,0.88
18/07/2003,0.89
21/07/2003,0.91
22/07/2003,0.91
23/07/2003,0.91
24/07/2003,0.91
25/07/2003,0.91
28/07/2003,0.95
29/07/2003,0.97
30/07/2003,0.96
31/07/2003,0.94
1/08/2003,0.93
4/08/2003,0.95
5/08/2003,0.94
6/08/2003,0.93
7/08/2003,0.93
8/08/2003,0.94
11/08/2003,0.94
12/08/2003,0.93
13/08/2003,0.94
14/08/2003,0.94
15/08/2003,0.93
18/08/2003,0.94
19/08/2003,0.94
20/08/2003,0.94
21/08/2003,0.95
22/08/2003,0.96
25/08/2003,1
26/08/2003,0.99
27/08/2003,0.98
28/08/2003,0.97
29/08/2003,0.96
1/09/2003,.
2/09/2003,0.96
3/09/2003,0.95
4/09/2003,0.95
5/09/2003,0.94
8/09/2003,0.95
9/09/2003,0.94
10/09/2003,0.94
11/09/2003,0.94
12/09/2003,0.94
15/09/2003,0.94
16/09/2003,0.91
17/09/2003,0.93
18/09/2003,0.94
19/09/2003,0.93
22/09/2003,0.94
23/09/2003,0.92
24/09/2003,0.93
25/09/2003,0.92
26/09/2003,0.92
29/09/2003,0.95
30/09/2003,0.93
1/10/2003,0.93
2/10/2003,0.92
3/10/2003,0.92
6/10/2003,0.92
7/10/2003,0.9
8/10/2003,0.89
9/10/2003,0.89
10/10/2003,0.9
13/10/2003,.
14/10/2003,0.91
15/10/2003,0.91
16/10/2003,0.91
17/10/2003,0.91
20/10/2003,0.93
21/10/2003,0.91
22/10/2003,0.94
23/10/2003,0.94
24/10/2003,0.93
27/10/2003,0.96
28/10/2003,0.94
29/10/2003,0.94
30/10/2003,0.94
31/10/2003,0.94
3/11/2003,0.94
4/11/2003,0.93
5/11/2003,0.94
6/11/2003,0.94
7/11/2003,0.94
10/11/2003,0.95
11/11/2003,.
12/11/2003,0.93
13/11/2003,0.92
14/11/2003,0.93
17/11/2003,0.94
18/11/2003,0.94
19/11/2003,0.93
20/11/2003,0.93
21/11/2003,0.92
24/11/2003,0.94
25/11/2003,0.93
26/11/2003,0.92
27/11/2003,.
28/11/2003,0.91
1/12/2003,0.93
2/12/2003,0.92
3/12/2003,0.92
4/12/2003,0.91
5/12/2003,0.9
8/12/2003,0.91
9/12/2003,0.91
10/12/2003,0.91
11/12/2003,0.88
12/12/2003,0.89
15/12/2003,0.89
16/12/2003,0.89
17/12/2003,0.88
18/12/2003,0.87
19/12/2003,0.86
22/12/2003,0.89
23/12/2003,0.88
24/12/2003,0.88
25/12/2003,.
26/12/2003,0.85
29/12/2003,0.89
30/12/2003,0.92
31/12/2003,0.93
1/01/2004,.
2/01/2004,0.91
5/01/2004,0.9
6/01/2004,0.9
7/01/2004,0.89
8/01/2004,0.86
9/01/2004,0.85
12/01/2004,0.88
13/01/2004,0.87
14/01/2004,0.86
15/01/2004,0.86
16/01/2004,0.87
19/01/2004,.
20/01/2004,0.88
21/01/2004,0.87
22/01/2004,0.86
23/01/2004,0.88
26/01/2004,0.89
27/01/2004,0.89
28/01/2004,0.92
29/01/2004,0.92
30/01/2004,0.9
2/02/2004,0.93
3/02/2004,0.92
4/02/2004,0.92
5/02/2004,0.92
6/02/2004,0.91
9/02/2004,0.93
10/02/2004,0.93
11/02/2004,0.91
12/02/2004,0.91
13/02/2004,0.9
16/02/2004,.
17/02/2004,0.93
18/02/2004,0.92
19/02/2004,0.92
20/02/2004,0.92
23/02/2004,0.95
24/02/2004,0.95
25/02/2004,0.94
26/02/2004,0.94
27/02/2004,0.94
1/03/2004,0.95
2/03/2004,0.95
3/03/2004,0.95
4/03/2004,0.94
5/03/2004,0.93
8/03/2004,0.95
9/03/2004,0.94
10/03/2004,0.94
11/03/2004,0.95
12/03/2004,0.94
15/03/2004,0.95
16/03/2004,0.94
17/03/2004,0.92
18/03/2004,0.92
19/03/2004,0.92
22/03/2004,0.94
23/03/2004,0.93
24/03/2004,0.92
25/03/2004,0.92
26/03/2004,0.93
29/03/2004,0.95
30/03/2004,0.94
31/03/2004,0.93
1/04/2004,0.92
2/04/2004,0.93
5/04/2004,0.93
6/04/2004,0.92
7/04/2004,0.93
8/04/2004,0.92
9/04/2004,.
12/04/2004,0.93
13/04/2004,0.93
14/04/2004,0.94
15/04/2004,0.93
16/04/2004,0.92
19/04/2004,0.95
20/04/2004,0.96
21/04/2004,0.98
22/04/2004,0.95
23/04/2004,0.96
26/04/2004,0.98
27/04/2004,0.97
28/04/2004,0.96
29/04/2004,0.95
30/04/2004,0.96
3/05/2004,0.99
4/05/2004,0.99
5/05/2004,0.97
6/05/2004,0.98
7/05/2004,1.05
10/05/2004,1.07
11/05/2004,1.04
12/05/2004,1.02
13/05/2004,0.98
14/05/2004,0.97
17/05/2004,1.05
18/05/2004,1.04
19/05/2004,1.02
20/05/2004,1.01
21/05/2004,1.01
24/05/2004,1.06
25/05/2004,1.06
26/05/2004,1.06
27/05/2004,1.04
28/05/2004,1.06
31/05/2004,.
1/06/2004,1.15
2/06/2004,1.15
3/06/2004,1.15
4/06/2004,1.18
7/06/2004,1.23
8/06/2004,1.25
9/06/2004,1.25
10/06/2004,1.27
11/06/2004,.
14/06/2004,1.4
15/06/2004,1.32
16/06/2004,1.28
17/06/2004,1.25
18/06/2004,1.26
21/06/2004,1.32
22/06/2004,1.3
23/06/2004,1.27
24/06/2004,1.26
25/06/2004,1.28
28/06/2004,1.36
29/06/2004,1.36
30/06/2004,1.31
1/07/2004,1.2
2/07/2004,1.27
5/07/2004,.
6/07/2004,1.32
7/07/2004,1.28
8/07/2004,1.25
9/07/2004,1.25
12/07/2004,1.32
13/07/2004,1.32
14/07/2004,1.32
15/07/2004,1.32
16/07/2004,1.32
19/07/2004,1.33
20/07/2004,1.34
21/07/2004,1.33
22/07/2004,1.34
23/07/2004,1.35
26/07/2004,1.43
27/07/2004,1.44
28/07/2004,1.43
29/07/2004,1.42
30/07/2004,1.42
2/08/2004,1.48
3/08/2004,1.46
4/08/2004,1.46
5/08/2004,1.45
6/08/2004,1.41
9/08/2004,1.49
10/08/2004,1.48
11/08/2004,1.42
12/08/2004,1.41
13/08/2004,1.41
16/08/2004,1.47
17/08/2004,1.46
18/08/2004,1.46
19/08/2004,1.45
20/08/2004,1.46
23/08/2004,1.52
24/08/2004,1.52
25/08/2004,1.52
26/08/2004,1.52
27/08/2004,1.53
30/08/2004,1.59
31/08/2004,1.57
1/09/2004,1.55
2/09/2004,1.57
3/09/2004,1.62
6/09/2004,.
7/09/2004,1.64
8/09/2004,1.62
9/09/2004,1.61
10/09/2004,1.63
13/09/2004,1.64
14/09/2004,1.63
15/09/2004,1.64
16/09/2004,1.64
17/09/2004,1.68
20/09/2004,1.7
21/09/2004,1.69
22/09/2004,1.68
23/09/2004,1.69
24/09/2004,1.7
27/09/2004,1.72
28/09/2004,1.69
29/09/2004,1.69
30/09/2004,1.68
1/10/2004,1.67
4/10/2004,1.69
5/10/2004,1.68
6/10/2004,1.68
7/10/2004,1.67
8/10/2004,1.67
11/10/2004,.
12/10/2004,1.69
13/10/2004,1.69
14/10/2004,1.71
15/10/2004,1.72
18/10/2004,1.78
19/10/2004,1.79
20/10/2004,1.79
21/10/2004,1.81
22/10/2004,1.81
25/10/2004,1.87
26/10/2004,1.88
27/10/2004,1.88
28/10/2004,1.87
29/10/2004,1.87
1/11/2004,1.96
2/11/2004,1.94
3/11/2004,1.92
4/11/2004,1.94
5/11/2004,1.99
8/11/2004,2.04
9/11/2004,2.04
10/11/2004,2.04
11/11/2004,.
12/11/2004,2.04
15/11/2004,2.09
16/11/2004,2.1
17/11/2004,2.09
18/11/2004,2.09
19/11/2004,2.1
22/11/2004,2.16
23/11/2004,2.15
24/11/2004,2.14
25/11/2004,.
26/11/2004,2.16
29/11/2004,2.2
30/11/2004,2.19
1/12/2004,2.18
2/12/2004,2.18
3/12/2004,2.17
6/12/2004,2.22
7/12/2004,2.21
8/12/2004,2.2
9/12/2004,2.2
10/12/2004,2.21
13/12/2004,2.21
14/12/2004,2.18
15/12/2004,2.17
16/12/2004,2.16
17/12/2004,2.16
20/12/2004,2.19
21/12/2004,2.17
22/12/2004,2.15
23/12/2004,2.15
24/12/2004,.
27/12/2004,2.24
28/12/2004,2.22
29/12/2004,2.19
30/12/2004,2.18
31/12/2004,2.18
3/01/2005,2.29
4/01/2005,2.3
5/01/2005,2.29
6/01/2005,2.27
7/01/2005,2.28
10/01/2005,2.33
11/01/2005,2.31
12/01/2005,2.3
13/01/2005,2.31
14/01/2005,2.32
17/01/2005,.
18/01/2005,2.36
19/01/2005,2.33
20/01/2005,2.31
21/01/2005,2.31
24/01/2005,2.34
25/01/2005,2.36
26/01/2005,2.37
27/01/2005,2.4
28/01/2005,2.41
31/01/2005,2.48
1/02/2005,2.47
2/02/2005,2.47
3/02/2005,2.44
4/02/2005,2.43
7/02/2005,2.48
8/02/2005,2.48
9/02/2005,2.47
10/02/2005,2.47
11/02/2005,2.5
14/02/2005,2.55
15/02/2005,2.55
16/02/2005,2.53
17/02/2005,2.53
18/02/2005,2.56
21/02/2005,.
22/02/2005,2.63
23/02/2005,2.63
24/02/2005,2.64
25/02/2005,2.69
28/02/2005,2.72
1/03/2005,2.7
2/03/2005,2.68
3/03/2005,2.7
4/03/2005,2.7
7/03/2005,2.71
8/03/2005,2.7
9/03/2005,2.7
10/03/2005,2.69
11/03/2005,2.7
14/03/2005,2.75
15/03/2005,2.75
16/03/2005,2.74
17/03/2005,2.73
18/03/2005,2.75
21/03/2005,2.8
22/03/2005,2.83
23/03/2005,2.77
24/03/2005,2.78
25/03/2005,.
28/03/2005,2.79
29/03/2005,2.78
30/03/2005,2.77
31/03/2005,2.73
1/04/2005,2.74
4/04/2005,2.75
5/04/2005,2.74
6/04/2005,2.71
7/04/2005,2.71
8/04/2005,2.73
11/04/2005,2.71
12/04/2005,2.71
13/04/2005,2.72
14/04/2005,2.72
15/04/2005,2.73
18/04/2005,2.85
19/04/2005,2.85
20/04/2005,2.81
21/04/2005,2.82
22/04/2005,2.87
25/04/2005,2.88
26/04/2005,2.86
27/04/2005,2.83
28/04/2005,2.82
29/04/2005,2.84
2/05/2005,2.88
3/05/2005,2.85
4/05/2005,2.81
5/05/2005,2.75
6/05/2005,2.8
9/05/2005,2.86
10/05/2005,2.84
11/05/2005,2.81
12/05/2005,2.82
13/05/2005,2.76
16/05/2005,2.84
17/05/2005,2.82
18/05/2005,2.8
19/05/2005,2.81
20/05/2005,2.83
23/05/2005,2.91
24/05/2005,2.88
25/05/2005,2.89
26/05/2005,2.88
27/05/2005,2.9
30/05/2005,.
31/05/2005,2.93
1/06/2005,2.91
2/06/2005,2.91
3/06/2005,2.94
6/06/2005,2.96
7/06/2005,2.96
8/06/2005,2.96
9/06/2005,2.93
10/06/2005,2.94
13/06/2005,2.97
14/06/2005,2.95
15/06/2005,2.94
16/06/2005,2.91
17/06/2005,2.92
20/06/2005,2.96
21/06/2005,2.96
22/06/2005,2.97
23/06/2005,3
24/06/2005,3.02
27/06/2005,3.09
28/06/2005,3.08
29/06/2005,3.06
30/06/2005,3.06
1/07/2005,3.1
4/07/2005,.
5/07/2005,3.15
6/07/2005,3.12
7/07/2005,3.08
8/07/2005,3.1
11/07/2005,3.13
12/07/2005,3.14
13/07/2005,3.15
14/07/2005,3.16
15/07/2005,3.18
18/07/2005,3.23
19/07/2005,3.24
20/07/2005,3.23
21/07/2005,3.27
22/07/2005,3.3
25/07/2005,3.37
26/07/2005,3.36
27/07/2005,3.33
28/07/2005,3.33
29/07/2005,3.34
1/08/2005,3.41
2/08/2005,3.41
3/08/2005,3.38
4/08/2005,3.39
5/08/2005,3.44
8/08/2005,3.47
9/08/2005,3.44
10/08/2005,3.43
11/08/2005,3.43
12/08/2005,3.44
15/08/2005,3.47
16/08/2005,3.46
17/08/2005,3.44
18/08/2005,3.42
19/08/2005,3.44
22/08/2005,3.46
23/08/2005,3.46
24/08/2005,3.45
25/08/2005,3.46
26/08/2005,3.47
29/08/2005,3.47
30/08/2005,3.46
31/08/2005,3.44
1/09/2005,3.4
2/09/2005,3.38
5/09/2005,.
6/09/2005,3.45
7/09/2005,3.41
8/09/2005,3.4
9/09/2005,3.41
12/09/2005,3.44
13/09/2005,3.4
14/09/2005,3.35
15/09/2005,3.37
16/09/2005,3.42
19/09/2005,3.51
20/09/2005,3.54
21/09/2005,3.34
22/09/2005,3.39
23/09/2005,3.4
26/09/2005,3.46
27/09/2005,3.42
28/09/2005,3.39
29/09/2005,3.46
30/09/2005,3.47
3/10/2005,3.54
4/10/2005,3.55
5/10/2005,3.5
6/10/2005,3.52
7/10/2005,3.54
10/10/2005,.
11/10/2005,3.65
12/10/2005,3.62
13/10/2005,3.66
14/10/2005,3.69
17/10/2005,3.78
18/10/2005,3.77
19/10/2005,3.77
20/10/2005,3.76
21/10/2005,3.77
24/10/2005,3.84
25/10/2005,3.84
26/10/2005,3.81
27/10/2005,3.79
28/10/2005,3.83
31/10/2005,3.89
1/11/2005,3.87
2/11/2005,3.85
3/11/2005,3.85
4/11/2005,3.88
7/11/2005,3.87
8/11/2005,3.87
9/11/2005,3.9
10/11/2005,3.88
11/11/2005,.
14/11/2005,3.93
15/11/2005,3.92
16/11/2005,3.91
17/11/2005,3.92
18/11/2005,3.91
21/11/2005,3.91
22/11/2005,3.84
23/11/2005,3.86
24/11/2005,.
25/11/2005,3.86
28/11/2005,3.89
29/11/2005,3.89
30/11/2005,3.86
1/12/2005,3.88
2/12/2005,3.9
5/12/2005,3.95
6/12/2005,3.95
7/12/2005,3.94
8/12/2005,3.85
9/12/2005,3.85
12/12/2005,3.83
13/12/2005,3.83
14/12/2005,3.81
15/12/2005,3.84
16/12/2005,3.84
19/12/2005,3.89
20/12/2005,3.88
21/12/2005,3.9
22/12/2005,3.89
23/12/2005,3.9
26/12/2005,.
27/12/2005,3.9
28/12/2005,3.87
29/12/2005,3.92
30/12/2005,3.99
2/01/2006,.
3/01/2006,4.07
4/01/2006,4.09
5/01/2006,4.1
6/01/2006,4.12
9/01/2006,4.14
10/01/2006,4.19
11/01/2006,4.2
12/01/2006,4.22
13/01/2006,4.23
16/01/2006,.
17/01/2006,4.28
18/01/2006,4.25
19/01/2006,4.25
20/01/2006,4.25
23/01/2006,4.28
24/01/2006,4.3
25/01/2006,4.32
26/01/2006,4.34
27/01/2006,4.34
30/01/2006,4.38
31/01/2006,4.37
1/02/2006,4.37
2/02/2006,4.37
3/02/2006,4.37
6/02/2006,4.38
7/02/2006,4.39
8/02/2006,4.4
9/02/2006,4.41
10/02/2006,4.42
13/02/2006,4.45
14/02/2006,4.45
15/02/2006,4.44
16/02/2006,4.44
17/02/2006,4.43
20/02/2006,.
21/02/2006,4.46
22/02/2006,4.46
23/02/2006,4.48
24/02/2006,4.49
27/02/2006,4.51
28/02/2006,4.51
1/03/2006,4.49
2/03/2006,4.5
3/03/2006,4.5
6/03/2006,4.49
7/03/2006,4.49
8/03/2006,4.47
9/03/2006,4.48
10/03/2006,4.5
13/03/2006,4.5
14/03/2006,4.48
15/03/2006,4.51
16/03/2006,4.5
17/03/2006,4.52
20/03/2006,4.55
21/03/2006,4.57
22/03/2006,4.57
23/03/2006,4.55
24/03/2006,4.54
27/03/2006,4.51
28/03/2006,4.53
29/03/2006,4.51
30/03/2006,4.5
31/03/2006,4.52
3/04/2006,4.55
4/04/2006,4.56
5/04/2006,4.55
6/04/2006,4.56
7/04/2006,4.57
10/04/2006,4.58
11/04/2006,4.58
12/04/2006,4.58
13/04/2006,4.58
14/04/2006,.
17/04/2006,4.61
18/04/2006,4.61
19/04/2006,4.61
20/04/2006,4.61
21/04/2006,4.63
24/04/2006,4.64
25/04/2006,4.67
26/04/2006,4.67
27/04/2006,4.66
28/04/2006,4.65
1/05/2006,4.7
2/05/2006,4.69
3/05/2006,4.7
4/05/2006,4.68
5/05/2006,4.7
8/05/2006,4.75
9/05/2006,4.76
10/05/2006,4.76
11/05/2006,4.7
12/05/2006,4.72
15/05/2006,4.74
16/05/2006,4.71
17/05/2006,4.71
18/05/2006,4.71
19/05/2006,4.7
22/05/2006,4.71
23/05/2006,4.72
24/05/2006,4.7
25/05/2006,4.7
26/05/2006,4.72
29/05/2006,.
30/05/2006,4.72
31/05/2006,4.74
1/06/2006,4.71
2/06/2006,4.69
5/06/2006,4.73
6/06/2006,4.74
7/06/2006,4.74
8/06/2006,4.74
9/06/2006,4.75
12/06/2006,4.81
13/06/2006,4.77
14/06/2006,4.77
15/06/2006,4.72
16/06/2006,4.75
19/06/2006,4.81
20/06/2006,4.8
21/06/2006,4.79
22/06/2006,4.79
23/06/2006,4.84
26/06/2006,4.91
27/06/2006,4.92
28/06/2006,4.88
29/06/2006,4.88
30/06/2006,4.87
3/07/2006,4.96
4/07/2006,.
5/07/2006,4.88
6/07/2006,4.87
7/07/2006,4.89
10/07/2006,4.93
11/07/2006,4.92
12/07/2006,4.93
13/07/2006,4.92
14/07/2006,4.93
17/07/2006,4.98
18/07/2006,5
19/07/2006,4.98
20/07/2006,4.95
21/07/2006,4.96
24/07/2006,4.97
25/07/2006,5
26/07/2006,4.98
27/07/2006,4.97
28/07/2006,4.94
31/07/2006,4.97
1/08/2006,4.99
2/08/2006,4.97
3/08/2006,4.98
4/08/2006,4.96
7/08/2006,4.99
8/08/2006,4.97
9/08/2006,4.94
10/08/2006,4.92
11/08/2006,4.94
14/08/2006,4.99
15/08/2006,4.97
16/08/2006,4.94
17/08/2006,4.96
18/08/2006,4.97
21/08/2006,4.98
22/08/2006,4.97
23/08/2006,4.96
24/08/2006,4.96
25/08/2006,4.98
28/08/2006,4.97
29/08/2006,4.94
30/08/2006,4.92
31/08/2006,4.92
1/09/2006,4.89
4/09/2006,.
5/09/2006,4.87
6/09/2006,4.84
7/09/2006,4.84
8/09/2006,4.8
11/09/2006,4.81
12/09/2006,4.78
13/09/2006,4.79
14/09/2006,4.82
15/09/2006,4.83
18/09/2006,4.82
19/09/2006,4.82
20/09/2006,4.81
21/09/2006,4.79
22/09/2006,4.8
25/09/2006,4.76
26/09/2006,4.76
27/09/2006,4.76
28/09/2006,4.75
29/09/2006,4.77
2/10/2006,4.76
3/10/2006,4.78
4/10/2006,4.8
5/10/2006,4.81
6/10/2006,4.82
9/10/2006,.
10/10/2006,4.87
11/10/2006,4.89
12/10/2006,4.93
13/10/2006,4.92
16/10/2006,4.96
17/10/2006,4.96
18/10/2006,4.96
19/10/2006,4.97
20/10/2006,4.96
23/10/2006,4.99
24/10/2006,5
25/10/2006,4.99
26/10/2006,4.99
27/10/2006,4.98
30/10/2006,4.97
31/10/2006,4.95
1/11/2006,4.94
2/11/2006,4.94
3/11/2006,4.96
6/11/2006,4.96
7/11/2006,4.95
8/11/2006,4.97
9/11/2006,4.96
10/11/2006,4.97
13/11/2006,4.96
14/11/2006,4.96
15/11/2006,4.96
16/11/2006,4.96
17/11/2006,4.96
20/11/2006,4.95
21/11/2006,4.94
22/11/2006,4.92
23/11/2006,.
24/11/2006,4.91
27/11/2006,4.92
28/11/2006,4.91
29/11/2006,4.91
30/11/2006,4.9
1/12/2006,4.9
4/12/2006,4.88
5/12/2006,4.86
6/12/2006,4.86
7/12/2006,4.85
8/12/2006,4.84
11/12/2006,4.81
12/12/2006,4.81
13/12/2006,4.82
14/12/2006,4.83
15/12/2006,4.79
18/12/2006,4.84
19/12/2006,4.84
20/12/2006,4.84
21/12/2006,4.84
22/12/2006,4.86
25/12/2006,.
26/12/2006,4.87
27/12/2006,4.85
28/12/2006,4.87
29/12/2006,4.89
1/01/2007,.
2/01/2007,4.94
3/01/2007,4.92
4/01/2007,4.91
5/01/2007,4.92
8/01/2007,4.95
9/01/2007,4.95
10/01/2007,4.96
11/01/2007,4.98
12/01/2007,4.96
15/01/2007,.
16/01/2007,4.98
17/01/2007,4.99
18/01/2007,4.99
19/01/2007,5.01
22/01/2007,5
23/01/2007,5.01
24/01/2007,5
25/01/2007,5.01
26/01/2007,5
29/01/2007,5.01
30/01/2007,5
31/01/2007,4.99
1/02/2007,5
2/02/2007,5.01
5/02/2007,5.02
6/02/2007,5.01
7/02/2007,5.02
8/02/2007,5.03
9/02/2007,5.02
12/02/2007,5.04
13/02/2007,5.03
14/02/2007,5.02
15/02/2007,5.03
16/02/2007,5.04
19/02/2007,.
20/02/2007,5.05
21/02/2007,5.04
22/02/2007,5.05
23/02/2007,5.05
26/02/2007,5.05
27/02/2007,4.99
28/02/2007,5.01
1/03/2007,5
2/03/2007,4.98
5/03/2007,4.97
6/03/2007,4.99
7/03/2007,4.97
8/03/2007,4.95
9/03/2007,4.96
12/03/2007,4.96
13/03/2007,4.94
14/03/2007,4.92
15/03/2007,4.91
16/03/2007,4.9
19/03/2007,4.93
20/03/2007,4.92
21/03/2007,4.91
22/03/2007,4.92
23/03/2007,4.94
26/03/2007,4.93
27/03/2007,4.93
28/03/2007,4.92
29/03/2007,4.91
30/03/2007,4.9
2/04/2007,4.91
3/04/2007,4.91
4/04/2007,4.92
5/04/2007,4.9
6/04/2007,4.91
9/04/2007,4.89
10/04/2007,4.89
11/04/2007,4.9
12/04/2007,4.89
13/04/2007,4.88
16/04/2007,4.88
17/04/2007,4.87
18/04/2007,4.86
19/04/2007,4.85
20/04/2007,4.85
23/04/2007,4.85
24/04/2007,4.84
25/04/2007,4.83
26/04/2007,4.82
27/04/2007,4.81
30/04/2007,4.79
1/05/2007,4.76
2/05/2007,4.77
3/05/2007,4.76
4/05/2007,4.76
7/05/2007,4.77
8/05/2007,4.76
9/05/2007,4.74
10/05/2007,4.73
11/05/2007,4.73
14/05/2007,4.73
15/05/2007,4.7
16/05/2007,4.62
17/05/2007,4.68
18/05/2007,4.7
21/05/2007,4.76
22/05/2007,4.79
23/05/2007,4.77
24/05/2007,4.77
25/05/2007,4.75
28/05/2007,.
29/05/2007,4.76
30/05/2007,4.71
31/05/2007,4.6
1/06/2007,4.66
4/06/2007,4.68
5/06/2007,4.7
6/06/2007,4.67
7/06/2007,4.67
8/06/2007,4.64
11/06/2007,4.6
12/06/2007,4.59
13/06/2007,4.53
14/06/2007,4.52
15/06/2007,4.43
18/06/2007,4.51
19/06/2007,4.52
20/06/2007,4.61
21/06/2007,4.57
22/06/2007,4.59
25/06/2007,4.69
26/06/2007,4.69
27/06/2007,4.64
28/06/2007,4.64
29/06/2007,4.68
2/07/2007,4.81
3/07/2007,4.81
4/07/2007,.
5/07/2007,4.81
6/07/2007,4.81
9/07/2007,4.83
10/07/2007,4.81
11/07/2007,4.81
12/07/2007,4.83
13/07/2007,4.83
16/07/2007,4.84
17/07/2007,4.82
18/07/2007,4.82
19/07/2007,4.84
20/07/2007,4.83
23/07/2007,4.88
24/07/2007,4.88
25/07/2007,4.85
26/07/2007,4.78
27/07/2007,4.72
30/07/2007,4.82
31/07/2007,4.82
1/08/2007,4.75
2/08/2007,4.75
3/08/2007,4.72
6/08/2007,4.74
7/08/2007,4.8
8/08/2007,4.81
9/08/2007,4.67
10/08/2007,4.44
13/08/2007,4.61
14/08/2007,4.51
15/08/2007,4.1
16/08/2007,3.69
17/08/2007,3.65
20/08/2007,3.08
21/08/2007,3.51
22/08/2007,3.58
23/08/2007,3.79
24/08/2007,4.13
27/08/2007,4.5
28/08/2007,4.28
29/08/2007,3.88
30/08/2007,3.74
31/08/2007,3.91
3/09/2007,.
4/09/2007,4.35
5/09/2007,4.24
6/09/2007,4.18
7/09/2007,3.96
10/09/2007,3.86
11/09/2007,4
12/09/2007,3.93
13/09/2007,3.97
14/09/2007,3.9
17/09/2007,4.05
18/09/2007,3.91
19/09/2007,3.83
20/09/2007,3.69
21/09/2007,3.64
24/09/2007,3.76
25/09/2007,3.7
26/09/2007,3.64
27/09/2007,3.62
28/09/2007,3.72
1/10/2007,3.83
2/10/2007,3.86
3/10/2007,3.86
4/10/2007,3.85
5/10/2007,3.89
8/10/2007,.
9/10/2007,3.96
10/10/2007,3.95
11/10/2007,4.01
12/10/2007,4.09
15/10/2007,4.19
16/10/2007,4.14
17/10/2007,3.91
18/10/2007,3.66
19/10/2007,3.75
22/10/2007,3.9
23/10/2007,3.88
24/10/2007,3.75
25/10/2007,3.84
26/10/2007,3.86
29/10/2007,3.91
30/10/2007,3.86
31/10/2007,3.84
1/11/2007,3.71
2/11/2007,3.52
5/11/2007,3.62
6/11/2007,3.66
7/11/2007,3.4
8/11/2007,3.3
9/11/2007,3.19
12/11/2007,.
13/11/2007,3.41
14/11/2007,3.33
15/11/2007,3.22
16/11/2007,3.32
19/11/2007,3.32
20/11/2007,3.17
21/11/2007,3.02
22/11/2007,.
23/11/2007,3.15
26/11/2007,3.06
27/11/2007,3.08
28/11/2007,2.98
29/11/2007,2.92
30/11/2007,3.08
3/12/2007,2.99
4/12/2007,3
5/12/2007,3
6/12/2007,3.02
7/12/2007,3.04
10/12/2007,2.98
11/12/2007,2.87
12/12/2007,2.81
13/12/2007,2.8
14/12/2007,2.81
17/12/2007,3.01
18/12/2007,2.98
19/12/2007,2.85
20/12/2007,2.85
21/12/2007,2.92
24/12/2007,3.26
25/12/2007,.
26/12/2007,3.24
27/12/2007,3.09
28/12/2007,3.1
31/12/2007,3.29
1/01/2008,.
2/01/2008,3.18
3/01/2008,3.16
4/01/2008,3.12
7/01/2008,3.19
8/01/2008,3.17
9/01/2008,3.14
10/01/2008,3.16
11/01/2008,3.02
14/01/2008,3.11
15/01/2008,3.09
16/01/2008,3.06
17/01/2008,3
18/01/2008,2.79
21/01/2008,.
22/01/2008,2.3
23/01/2008,2.16
24/01/2008,2.32
25/01/2008,2.25
28/01/2008,2.29
29/01/2008,2.23
30/01/2008,2.16
31/01/2008,1.92
1/02/2008,2.06
4/02/2008,2.22
5/02/2008,2.14
6/02/2008,2.05
7/02/2008,2.12
8/02/2008,2.18
11/02/2008,2.25
12/02/2008,2.25
13/02/2008,2.22
14/02/2008,2.26
15/02/2008,2.16
18/02/2008,.
19/02/2008,2.23
20/02/2008,2.2
21/02/2008,2.15
22/02/2008,2.15
25/02/2008,2.15
26/02/2008,2.09
27/02/2008,1.94
28/02/2008,1.86
29/02/2008,1.81
3/03/2008,1.67
4/03/2008,1.63
5/03/2008,1.5
6/03/2008,1.37
7/03/2008,1.42
10/03/2008,1.33
11/03/2008,1.45
12/03/2008,1.45
13/03/2008,1.33
14/03/2008,1.16
17/03/2008,1.09
18/03/2008,0.91
19/03/2008,0.6
20/03/2008,0.62
21/03/2008,.
24/03/2008,1.23
25/03/2008,1.27
26/03/2008,1.27
27/03/2008,1.28
28/03/2008,1.31
31/03/2008,1.36
1/04/2008,1.38
2/04/2008,1.39
3/04/2008,1.38
4/04/2008,1.33
7/04/2008,1.43
8/04/2008,1.39
9/04/2008,1.29
10/04/2008,1.25
11/04/2008,1.17
14/04/2008,1.07
15/04/2008,1.09
16/04/2008,1.11
17/04/2008,1.21
18/04/2008,1.32
21/04/2008,1.33
22/04/2008,1.26
23/04/2008,1.24
24/04/2008,1.24
25/04/2008,1.31
28/04/2008,1.42
29/04/2008,1.44
30/04/2008,1.41
1/05/2008,1.42
2/05/2008,1.47
5/05/2008,1.51
6/05/2008,1.6
7/05/2008,1.64
8/05/2008,1.63
9/05/2008,1.66
12/05/2008,1.74
13/05/2008,1.8
14/05/2008,1.79
15/05/2008,1.8
16/05/2008,1.81
19/05/2008,1.79
20/05/2008,1.83
21/05/2008,1.83
22/05/2008,1.83
23/05/2008,1.82
26/05/2008,.
27/05/2008,1.86
28/05/2008,1.86
29/05/2008,1.87
30/05/2008,1.85
2/06/2008,1.82
3/06/2008,1.82
4/06/2008,1.81
5/06/2008,1.82
6/06/2008,1.81
9/06/2008,1.86
10/06/2008,1.98
11/06/2008,1.92
12/06/2008,1.96
13/06/2008,1.95
16/06/2008,2.04
17/06/2008,1.96
18/06/2008,1.89
19/06/2008,1.87
20/06/2008,1.83
23/06/2008,1.85
24/06/2008,1.8
25/06/2008,1.78
26/06/2008,1.7
27/06/2008,1.64
30/06/2008,1.87
1/07/2008,1.84
2/07/2008,1.79
3/07/2008,1.81
4/07/2008,.
7/07/2008,1.84
8/07/2008,1.83
9/07/2008,1.79
10/07/2008,1.64
11/07/2008,1.58
14/07/2008,1.5
15/07/2008,1.37
16/07/2008,1.35
17/07/2008,1.4
18/07/2008,1.45
21/07/2008,1.46
22/07/2008,1.52
23/07/2008,1.56
24/07/2008,1.62
25/07/2008,1.71
28/07/2008,1.7
29/07/2008,1.69
30/07/2008,1.67
31/07/2008,1.65
1/08/2008,1.63
4/08/2008,1.72
5/08/2008,1.72
6/08/2008,1.61
7/08/2008,1.63
8/08/2008,1.67
11/08/2008,1.84
12/08/2008,1.83
13/08/2008,1.82
14/08/2008,1.85
15/08/2008,1.81
18/08/2008,1.79
19/08/2008,1.77
20/08/2008,1.68
21/08/2008,1.69
22/08/2008,1.67
25/08/2008,1.71
26/08/2008,1.68
27/08/2008,1.64
28/08/2008,1.71
29/08/2008,1.69
1/09/2008,.
2/09/2008,1.69
3/09/2008,1.67
4/09/2008,1.66
5/09/2008,1.65
8/09/2008,1.69
9/09/2008,1.63
10/09/2008,1.62
11/09/2008,1.58
12/09/2008,1.46
15/09/2008,1.03
16/09/2008,0.84
17/09/2008,0.03
18/09/2008,0.23
19/09/2008,0.97
22/09/2008,1.29
23/09/2008,0.81
24/09/2008,0.5
25/09/2008,0.75
26/09/2008,0.86
29/09/2008,0.96
30/09/2008,0.9
1/10/2008,0.84
2/10/2008,0.62
3/10/2008,0.5
6/10/2008,0.54
7/10/2008,0.81
8/10/2008,0.67
9/10/2008,0.58
10/10/2008,0.24
13/10/2008,.
14/10/2008,0.34
15/10/2008,0.22
16/10/2008,0.45
17/10/2008,0.8
20/10/2008,1.24
21/10/2008,1.09
22/10/2008,1.03
23/10/2008,0.96
24/10/2008,0.86
27/10/2008,0.84
28/10/2008,0.76
29/10/2008,0.61
30/10/2008,0.4
31/10/2008,0.44
3/11/2008,0.49
4/11/2008,0.48
5/11/2008,0.39
6/11/2008,0.31
7/11/2008,0.3
10/11/2008,0.29
11/11/2008,.
12/11/2008,0.18
13/11/2008,0.21
14/11/2008,0.14
17/11/2008,0.12
18/11/2008,0.12
19/11/2008,0.07
20/11/2008,0.03
21/11/2008,0.02
24/11/2008,0.13
25/11/2008,0.1
26/11/2008,0.05
27/11/2008,.
28/11/2008,0.01
1/12/2008,0.07
2/12/2008,0.06
3/12/2008,0.02
4/12/2008,0.02
5/12/2008,0.02
8/12/2008,0.03
9/12/2008,0.03
10/12/2008,0
11/12/2008,0.01
12/12/2008,0.02
15/12/2008,0.04
16/12/2008,0.04
17/12/2008,0.05
18/12/2008,0
19/12/2008,0.02
22/12/2008,0.01
23/12/2008,0.02
24/12/2008,0
25/12/2008,.
26/12/2008,0.03
29/12/2008,0.06
30/12/2008,0.1
31/12/2008,0.11
1/01/2009,.
2/01/2009,0.08
5/01/2009,0.14
6/01/2009,0.14
7/01/2009,0.11
8/01/2009,0.09
9/01/2009,0.07
12/01/2009,0.12
13/01/2009,0.11
14/01/2009,0.12
15/01/2009,0.11
16/01/2009,0.12
19/01/2009,.
20/01/2009,0.13
21/01/2009,0.11
22/01/2009,0.1
23/01/2009,0.11
26/01/2009,0.15
27/01/2009,0.13
28/01/2009,0.19
29/01/2009,0.23
30/01/2009,0.24
2/02/2009,0.27
3/02/2009,0.32
4/02/2009,0.3
5/02/2009,0.29
6/02/2009,0.28
9/02/2009,0.32
10/02/2009,0.31
11/02/2009,0.3
12/02/2009,0.29
13/02/2009,0.29
16/02/2009,.
17/02/2009,0.32
18/02/2009,0.31
19/02/2009,0.3
20/02/2009,0.27
23/02/2009,0.3
24/02/2009,0.32
25/02/2009,0.3
26/02/2009,0.27
27/02/2009,0.26
2/03/2009,0.28
3/03/2009,0.27
4/03/2009,0.26
5/03/2009,0.2
6/03/2009,0.2
9/03/2009,0.23
10/03/2009,0.24
11/03/2009,0.23
12/03/2009,0.21
13/03/2009,0.19
16/03/2009,0.24
17/03/2009,0.24
18/03/2009,0.21
19/03/2009,0.2
20/03/2009,0.21
23/03/2009,0.22
24/03/2009,0.21
25/03/2009,0.19
26/03/2009,0.15
27/03/2009,0.13
30/03/2009,0.18
31/03/2009,0.21
1/04/2009,0.22
2/04/2009,0.22
3/04/2009,0.21
6/04/2009,0.2
7/04/2009,0.2
8/04/2009,0.18
9/04/2009,0.18
10/04/2009,.
13/04/2009,0.18
14/04/2009,0.17
15/04/2009,0.15
16/04/2009,0.13
17/04/2009,0.14
20/04/2009,0.14
21/04/2009,0.15
22/04/2009,0.14
23/04/2009,0.1
24/04/2009,0.1
27/04/2009,0.13
28/04/2009,0.13
29/04/2009,0.11
30/04/2009,0.14
1/05/2009,0.15
4/05/2009,0.19
5/05/2009,0.19
6/05/2009,0.19
7/05/2009,0.18
8/05/2009,0.18
11/05/2009,0.19
12/05/2009,0.19
13/05/2009,0.17
14/05/2009,0.16
15/05/2009,0.17
18/05/2009,0.19
19/05/2009,0.18
20/05/2009,0.18
21/05/2009,0.19
22/05/2009,0.18
25/05/2009,.
26/05/2009,0.18
27/05/2009,0.17
28/05/2009,0.15
29/05/2009,0.14
1/06/2009,0.13
2/06/2009,0.14
3/06/2009,0.14
4/06/2009,0.14
5/06/2009,0.19
8/06/2009,0.19
9/06/2009,0.19
10/06/2009,0.18
11/06/2009,0.19
12/06/2009,0.18
15/06/2009,0.17
16/06/2009,0.17
17/06/2009,0.17
18/06/2009,0.18
19/06/2009,0.18
22/06/2009,0.2
23/06/2009,0.2
24/06/2009,0.19
25/06/2009,0.18
26/06/2009,0.19
29/06/2009,0.2
30/06/2009,0.19
1/07/2009,0.17
2/07/2009,0.17
3/07/2009,.
6/07/2009,0.19
7/07/2009,0.19
8/07/2009,0.18
9/07/2009,0.19
10/07/2009,0.18
13/07/2009,0.18
14/07/2009,0.18
15/07/2009,0.18
16/07/2009,0.19
17/07/2009,0.17
20/07/2009,0.19
21/07/2009,0.19
22/07/2009,0.19
23/07/2009,0.19
24/07/2009,0.18
27/07/2009,0.19
28/07/2009,0.19
29/07/2009,0.19
30/07/2009,0.18
31/07/2009,0.18
3/08/2009,0.19
4/08/2009,0.18
5/08/2009,0.18
6/08/2009,0.17
7/08/2009,0.18
10/08/2009,0.19
11/08/2009,0.18
12/08/2009,0.17
13/08/2009,0.17
14/08/2009,0.18
17/08/2009,0.18
18/08/2009,0.18
19/08/2009,0.17
20/08/2009,0.17
21/08/2009,0.17
24/08/2009,0.17
25/08/2009,0.17
26/08/2009,0.15
27/08/2009,0.15
28/08/2009,0.15
31/08/2009,0.15
1/09/2009,0.14
2/09/2009,0.14
3/09/2009,0.15
4/09/2009,0.14
7/09/2009,.
8/09/2009,0.14
9/09/2009,0.14
10/09/2009,0.14
11/09/2009,0.14
14/09/2009,0.14
15/09/2009,0.13
16/09/2009,0.1
17/09/2009,0.1
18/09/2009,0.08
21/09/2009,0.11
22/09/2009,0.11
23/09/2009,0.11
24/09/2009,0.1
25/09/2009,0.1
28/09/2009,0.11
29/09/2009,0.13
30/09/2009,0.14
1/10/2009,0.1
2/10/2009,0.1
5/10/2009,0.08
6/10/2009,0.08
7/10/2009,0.09
8/10/2009,0.06
9/10/2009,0.07
12/10/2009,.
13/10/2009,0.07
14/10/2009,0.07
15/10/2009,0.07
16/10/2009,0.07
19/10/2009,0.08
20/10/2009,0.08
21/10/2009,0.07
22/10/2009,0.06
23/10/2009,0.07
26/10/2009,0.08
27/10/2009,0.08
28/10/2009,0.07
29/10/2009,0.06
30/10/2009,0.05
2/11/2009,0.06
3/11/2009,0.06
4/11/2009,0.05
5/11/2009,0.04
6/11/2009,0.06
9/11/2009,0.07
10/11/2009,0.07
11/11/2009,.
12/11/2009,0.07
13/11/2009,0.06
16/11/2009,0.07
17/11/2009,0.06
18/11/2009,0.04
19/11/2009,0.02
20/11/2009,0.02
23/11/2009,0.05
24/11/2009,0.05
25/11/2009,0.05
26/11/2009,.
27/11/2009,0.03
30/11/2009,0.06
1/12/2009,0.06
2/12/2009,0.05
3/12/2009,0.06
4/12/2009,0.06
7/12/2009,0.04
8/12/2009,0.03
9/12/2009,0.03
10/12/2009,0.02
11/12/2009,0.03
14/12/2009,0.04
15/12/2009,0.05
16/12/2009,0.04
17/12/2009,0.04
18/12/2009,0.05
21/12/2009,0.08
22/12/2009,0.08
23/12/2009,0.07
24/12/2009,0.05
25/12/2009,.
28/12/2009,0.11
29/12/2009,0.1
30/12/2009,0.05
31/12/2009,0.06
1/01/2010,.
4/01/2010,0.08
5/01/2010,0.07
6/01/2010,0.06
7/01/2010,0.05
8/01/2010,0.05
11/01/2010,0.04
12/01/2010,0.05
13/01/2010,0.06
14/01/2010,0.05
15/01/2010,0.06
18/01/2010,.
19/01/2010,0.06
20/01/2010,0.05
21/01/2010,0.06
22/01/2010,0.06
25/01/2010,0.06
26/01/2010,0.07
27/01/2010,0.08
28/01/2010,0.08
29/01/2010,0.08
1/02/2010,0.1
2/02/2010,0.1
3/02/2010,0.1
4/02/2010,0.09
5/02/2010,0.1
8/02/2010,0.12
9/02/2010,0.12
10/02/2010,0.11
11/02/2010,0.11
12/02/2010,0.1
15/02/2010,.
16/02/2010,0.1
17/02/2010,0.1
18/02/2010,0.1
19/02/2010,0.11
22/02/2010,0.11
23/02/2010,0.12
24/02/2010,0.12
25/02/2010,0.13
26/02/2010,0.13
1/03/2010,0.13
2/03/2010,0.14
3/03/2010,0.14
4/03/2010,0.14
5/03/2010,0.15
8/03/2010,0.16
9/03/2010,0.16
10/03/2010,0.15
11/03/2010,0.16
12/03/2010,0.15
15/03/2010,0.17
16/03/2010,0.16
17/03/2010,0.15
18/03/2010,0.16
19/03/2010,0.16
22/03/2010,0.15
23/03/2010,0.14
24/03/2010,0.14
25/03/2010,0.14
26/03/2010,0.14
29/03/2010,0.15
30/03/2010,0.16
31/03/2010,0.16
1/04/2010,0.16
2/04/2010,0.16
5/04/2010,0.18
6/04/2010,0.17
7/04/2010,0.17
8/04/2010,0.17
9/04/2010,0.16
12/04/2010,0.16
13/04/2010,0.16
14/04/2010,0.16
15/04/2010,0.16
16/04/2010,0.16
19/04/2010,0.16
20/04/2010,0.16
21/04/2010,0.15
22/04/2010,0.16
23/04/2010,0.16
26/04/2010,0.16
27/04/2010,0.16
28/04/2010,0.16
29/04/2010,0.17
30/04/2010,0.16
3/05/2010,0.17
4/05/2010,0.16
5/05/2010,0.15
6/05/2010,0.11
7/05/2010,0.13
10/05/2010,0.16
11/05/2010,0.16
12/05/2010,0.16
13/05/2010,0.16
14/05/2010,0.16
17/05/2010,0.16
18/05/2010,0.17
19/05/2010,0.17
20/05/2010,0.17
21/05/2010,0.17
24/05/2010,0.17
25/05/2010,0.17
26/05/2010,0.17
27/05/2010,0.17
28/05/2010,0.16
31/05/2010,.
1/06/2010,0.16
2/06/2010,0.16
3/06/2010,0.14
4/06/2010,0.14
7/06/2010,0.12
8/06/2010,0.12
9/06/2010,0.1
10/06/2010,0.1
11/06/2010,0.08
14/06/2010,0.07
15/06/2010,0.09
16/06/2010,0.1
17/06/2010,0.09
18/06/2010,0.11
21/06/2010,0.12
22/06/2010,0.13
23/06/2010,0.13
24/06/2010,0.13
25/06/2010,0.13
28/06/2010,0.17
29/06/2010,0.15
30/06/2010,0.18
1/07/2010,0.17
2/07/2010,0.17
5/07/2010,.
6/07/2010,0.17
7/07/2010,0.16
8/07/2010,0.15
9/07/2010,0.16
12/07/2010,0.16
13/07/2010,0.15
14/07/2010,0.15
15/07/2010,0.15
16/07/2010,0.15
19/07/2010,0.17
20/07/2010,0.16
21/07/2010,0.16
22/07/2010,0.16
23/07/2010,0.16
26/07/2010,0.16
27/07/2010,0.15
28/07/2010,0.15
29/07/2010,0.15
30/07/2010,0.15
2/08/2010,0.16
3/08/2010,0.16
4/08/2010,0.16
5/08/2010,0.15
6/08/2010,0.15
9/08/2010,0.15
10/08/2010,0.15
11/08/2010,0.15
12/08/2010,0.16
13/08/2010,0.15
16/08/2010,0.16
17/08/2010,0.17
18/08/2010,0.16
19/08/2010,0.16
20/08/2010,0.15
23/08/2010,0.16
24/08/2010,0.16
25/08/2010,0.16
26/08/2010,0.16
27/08/2010,0.15
30/08/2010,0.14
31/08/2010,0.14
1/09/2010,0.13
2/09/2010,0.14
3/09/2010,0.14
6/09/2010,.
7/09/2010,0.14
8/09/2010,0.14
9/09/2010,0.14
10/09/2010,0.14
13/09/2010,0.15
14/09/2010,0.15
15/09/2010,0.15
16/09/2010,0.16
17/09/2010,0.16
20/09/2010,0.17
21/09/2010,0.17
22/09/2010,0.16
23/09/2010,0.16
24/09/2010,0.15
27/09/2010,0.16
28/09/2010,0.16
29/09/2010,0.16
30/09/2010,0.16
1/10/2010,0.16
4/10/2010,0.13
5/10/2010,0.12
6/10/2010,0.13
7/10/2010,0.13
8/10/2010,0.12
11/10/2010,.
12/10/2010,0.13
13/10/2010,0.13
14/10/2010,0.14
15/10/2010,0.14
18/10/2010,0.15
19/10/2010,0.14
20/10/2010,0.14
21/10/2010,0.13
22/10/2010,0.13
25/10/2010,0.14
26/10/2010,0.14
27/10/2010,0.14
28/10/2010,0.13
29/10/2010,0.12
1/11/2010,0.13
2/11/2010,0.13
3/11/2010,0.13
4/11/2010,0.13
5/11/2010,0.13
8/11/2010,0.13
9/11/2010,0.13
10/11/2010,0.13
11/11/2010,.
12/11/2010,0.13
15/11/2010,0.14
16/11/2010,0.15
17/11/2010,0.14
18/11/2010,0.15
19/11/2010,0.14
22/11/2010,0.15
23/11/2010,0.15
24/11/2010,0.16
25/11/2010,.
26/11/2010,0.16
29/11/2010,0.18
30/11/2010,0.17
1/12/2010,0.16
2/12/2010,0.16
3/12/2010,0.14
6/12/2010,0.15
7/12/2010,0.14
8/12/2010,0.15
9/12/2010,0.14
10/12/2010,0.13
13/12/2010,0.15
14/12/2010,0.15
15/12/2010,0.14
16/12/2010,0.13
17/12/2010,0.11
20/12/2010,0.14
21/12/2010,0.14
22/12/2010,0.14
23/12/2010,0.14
24/12/2010,.
27/12/2010,0.17
28/12/2010,0.15
29/12/2010,0.13
30/12/2010,0.12
31/12/2010,0.12
3/01/2011,0.15
4/01/2011,0.14
5/01/2011,0.14
6/01/2011,0.15
7/01/2011,0.14
10/01/2011,0.15
11/01/2011,0.15
12/01/2011,0.15
13/01/2011,0.15
14/01/2011,0.15
17/01/2011,.
18/01/2011,0.16
19/01/2011,0.16
20/01/2011,0.16
21/01/2011,0.16
24/01/2011,0.16
25/01/2011,0.16
26/01/2011,0.16
27/01/2011,0.15
28/01/2011,0.15
31/01/2011,0.15
1/02/2011,0.15
2/02/2011,0.16
3/02/2011,0.14
4/02/2011,0.15
7/02/2011,0.16
8/02/2011,0.15
9/02/2011,0.14
10/02/2011,0.12
11/02/2011,0.12
14/02/2011,0.13
15/02/2011,0.13
16/02/2011,0.12
17/02/2011,0.09
18/02/2011,0.1
21/02/2011,.
22/02/2011,0.12
23/02/2011,0.12
24/02/2011,0.13
25/02/2011,0.13
28/02/2011,0.15
1/03/2011,0.14
2/03/2011,0.13
3/03/2011,0.13
4/03/2011,0.12
7/03/2011,0.11
8/03/2011,0.11
9/03/2011,0.1
10/03/2011,0.08
11/03/2011,0.08
14/03/2011,0.09
15/03/2011,0.1
16/03/2011,0.1
17/03/2011,0.08
18/03/2011,0.07
21/03/2011,0.1
22/03/2011,0.1
23/03/2011,0.09
24/03/2011,0.09
25/03/2011,0.09
28/03/2011,0.11
29/03/2011,0.1
30/03/2011,0.1
31/03/2011,0.09
1/04/2011,0.07
4/04/2011,0.06
5/04/2011,0.07
6/04/2011,0.06
7/04/2011,0.04
8/04/2011,0.04
11/04/2011,0.05
12/04/2011,0.05
13/04/2011,0.06
14/04/2011,0.07
15/04/2011,0.07
18/04/2011,0.07
19/04/2011,0.06
20/04/2011,0.06
21/04/2011,0.06
22/04/2011,.
25/04/2011,0.07
26/04/2011,0.07
27/04/2011,0.06
28/04/2011,0.04
29/04/2011,0.04
2/05/2011,0.05
3/05/2011,0.03
4/05/2011,0.03
5/05/2011,0.02
6/05/2011,0.02
9/05/2011,0.03
10/05/2011,0.03
11/05/2011,0.03
12/05/2011,0.02
13/05/2011,0.03
16/05/2011,0.04
17/05/2011,0.04
18/05/2011,0.05
19/05/2011,0.05
20/05/2011,0.05
23/05/2011,0.06
24/05/2011,0.06
25/05/2011,0.06
26/05/2011,0.05
27/05/2011,0.05
30/05/2011,.
31/05/2011,0.06
1/06/2011,0.05
2/06/2011,0.04
3/06/2011,0.04
6/06/2011,0.05
7/06/2011,0.05
8/06/2011,0.04
9/06/2011,0.05
10/06/2011,0.05
13/06/2011,0.05
14/06/2011,0.05
15/06/2011,0.05
16/06/2011,0.05
17/06/2011,0.04
20/06/2011,0.03
21/06/2011,0.03
22/06/2011,0.02
23/06/2011,0.01
24/06/2011,0.02
27/06/2011,0.02
28/06/2011,0.03
29/06/2011,0.02
30/06/2011,0.03
1/07/2011,0.02
4/07/2011,.
5/07/2011,0.02
6/07/2011,0.01
7/07/2011,0.03
8/07/2011,0.03
11/07/2011,0.03
12/07/2011,0.03
13/07/2011,0.01
14/07/2011,0.01
15/07/2011,0.02
18/07/2011,0.02
19/07/2011,0.03
20/07/2011,0.02
21/07/2011,0.05
22/07/2011,0.05
25/07/2011,0.05
26/07/2011,0.07
27/07/2011,0.08
28/07/2011,0.07
29/07/2011,0.1
1/08/2011,0.1
2/08/2011,0.06
3/08/2011,0.02
4/08/2011,0.02
5/08/2011,0.01
8/08/2011,0.05
9/08/2011,0.03
10/08/2011,0.02
11/08/2011,0.03
12/08/2011,0.02
15/08/2011,0.02
16/08/2011,0.03
17/08/2011,0.01
18/08/2011,0.01
19/08/2011,0.02
22/08/2011,0.01
23/08/2011,0.01
24/08/2011,0.02
25/08/2011,0.01
26/08/2011,0.01
29/08/2011,0.02
30/08/2011,0.01
31/08/2011,0.02
1/09/2011,0.02
2/09/2011,0.02
5/09/2011,.
6/09/2011,0.02
7/09/2011,0.02
8/09/2011,0.02
9/09/2011,0.01
12/09/2011,0.01
13/09/2011,0.01
14/09/2011,0.01
15/09/2011,0.01
16/09/2011,0.01
19/09/2011,0.01
20/09/2011,0.01
21/09/2011,0.01
22/09/2011,0
23/09/2011,0.01
26/09/2011,0.02
27/09/2011,0.01
28/09/2011,0.02
29/09/2011,0.02
30/09/2011,0.02
3/10/2011,0.02
4/10/2011,0.01
5/10/2011,0
6/10/2011,0.01
7/10/2011,0.01
10/10/2011,.
11/10/2011,0.02
12/10/2011,0.02
13/10/2011,0.02
14/10/2011,0.02
17/10/2011,0.04
18/10/2011,0.04
19/10/2011,0.03
20/10/2011,0.03
21/10/2011,0.02
24/10/2011,0.02
25/10/2011,0.01
26/10/2011,0.02
27/10/2011,0.02
28/10/2011,0.01
31/10/2011,0.01
1/11/2011,0.01
2/11/2011,0.01
3/11/2011,0.01
4/11/2011,0.01
7/11/2011,0.01
8/11/2011,0.01
9/11/2011,0.01
10/11/2011,0.01
11/11/2011,.
14/11/2011,0.01
15/11/2011,0.01
16/11/2011,0.01
17/11/2011,0.02
18/11/2011,0.01
21/11/2011,0.02
22/11/2011,0.02
23/11/2011,0.02
24/11/2011,.
25/11/2011,0.02
28/11/2011,0.03
29/11/2011,0.02
30/11/2011,0.01
1/12/2011,0.01
2/12/2011,0.02
5/12/2011,0.01
6/12/2011,0.01
7/12/2011,0.02
8/12/2011,0.01
9/12/2011,0.01
12/12/2011,0.01
13/12/2011,0.01
14/12/2011,0.01
15/12/2011,0
16/12/2011,0
19/12/2011,0.01
20/12/2011,0.01
21/12/2011,0.01
22/12/2011,0.01
23/12/2011,0.01
26/12/2011,.
27/12/2011,0.02
28/12/2011,0.01
29/12/2011,0.02
30/12/2011,0.02
2/01/2012,.
3/01/2012,0.02
4/01/2012,0.02
5/01/2012,0.02
6/01/2012,0.02
9/01/2012,0.01
10/01/2012,0.02
11/01/2012,0.02
12/01/2012,0.03
13/01/2012,0.03
16/01/2012,.
17/01/2012,0.03
18/01/2012,0.03
19/01/2012,0.05
20/01/2012,0.05
23/01/2012,0.04
24/01/2012,0.04
25/01/2012,0.04
26/01/2012,0.05
27/01/2012,0.06
30/01/2012,0.05
31/01/2012,0.06
1/02/2012,0.06
2/02/2012,0.08
3/02/2012,0.08
6/02/2012,0.08
7/02/2012,0.08
8/02/2012,0.09
9/02/2012,0.09
10/02/2012,0.09
13/02/2012,0.11
14/02/2012,0.12
15/02/2012,0.11
16/02/2012,0.1
17/02/2012,0.09
20/02/2012,.
21/02/2012,0.08
22/02/2012,0.09
23/02/2012,0.09
24/02/2012,0.1
27/02/2012,0.12
28/02/2012,0.1
29/02/2012,0.08
1/03/2012,0.08
2/03/2012,0.07
5/03/2012,0.08
6/03/2012,0.08
7/03/2012,0.08
8/03/2012,0.08
9/03/2012,0.09
12/03/2012,0.09
13/03/2012,0.08
14/03/2012,0.09
15/03/2012,0.08
16/03/2012,0.09
19/03/2012,0.1
20/03/2012,0.1
21/03/2012,0.09
22/03/2012,0.08
23/03/2012,0.08
26/03/2012,0.09
27/03/2012,0.09
28/03/2012,0.09
29/03/2012,0.07
30/03/2012,0.07
2/04/2012,0.08
3/04/2012,0.08
4/04/2012,0.08
5/04/2012,0.08
6/04/2012,0.07
9/04/2012,0.09
10/04/2012,0.09
11/04/2012,0.09
12/04/2012,0.09
13/04/2012,0.09
16/04/2012,0.08
17/04/2012,0.08
18/04/2012,0.07
19/04/2012,0.07
20/04/2012,0.08
23/04/2012,0.08
24/04/2012,0.09
25/04/2012,0.09
26/04/2012,0.09
27/04/2012,0.09
30/04/2012,0.1
1/05/2012,0.09
2/05/2012,0.08
3/05/2012,0.09
4/05/2012,0.07
7/05/2012,0.1
8/05/2012,0.09
9/05/2012,0.09
10/05/2012,0.1
11/05/2012,0.1
14/05/2012,0.1
15/05/2012,0.09
16/05/2012,0.1
17/05/2012,0.1
18/05/2012,0.08
21/05/2012,0.09
22/05/2012,0.09
23/05/2012,0.09
24/05/2012,0.1
25/05/2012,0.09
28/05/2012,.
29/05/2012,0.09
30/05/2012,0.07
31/05/2012,0.07
1/06/2012,0.07
4/06/2012,0.08
5/06/2012,0.08
6/06/2012,0.09
7/06/2012,0.09
8/06/2012,0.09
11/06/2012,0.09
12/06/2012,0.1
13/06/2012,0.1
14/06/2012,0.11
15/06/2012,0.09
18/06/2012,0.1
19/06/2012,0.09
20/06/2012,0.09
21/06/2012,0.09
22/06/2012,0.09
25/06/2012,0.1
26/06/2012,0.1
27/06/2012,0.09
28/06/2012,0.09
29/06/2012,0.09
2/07/2012,0.1
3/07/2012,0.09
4/07/2012,.
5/07/2012,0.08
6/07/2012,0.08
9/07/2012,0.09
10/07/2012,0.09
11/07/2012,0.1
12/07/2012,0.1
13/07/2012,0.1
16/07/2012,0.1
17/07/2012,0.1
18/07/2012,0.09
19/07/2012,0.09
20/07/2012,0.09
23/07/2012,0.1
24/07/2012,0.1
25/07/2012,0.1
26/07/2012,0.11
27/07/2012,0.11
30/07/2012,0.11
31/07/2012,0.11
1/08/2012,0.1
2/08/2012,0.09
3/08/2012,0.09
6/08/2012,0.1
7/08/2012,0.11
8/08/2012,0.11
9/08/2012,0.11
10/08/2012,0.1
13/08/2012,0.11
14/08/2012,0.11
15/08/2012,0.09
16/08/2012,0.09
17/08/2012,0.09
20/08/2012,0.11
21/08/2012,0.11
22/08/2012,0.11
23/08/2012,0.11
24/08/2012,0.1
27/08/2012,0.11
28/08/2012,0.1
29/08/2012,0.12
30/08/2012,0.1
31/08/2012,0.09
3/09/2012,.
4/09/2012,0.1
5/09/2012,0.11
6/09/2012,0.11
7/09/2012,0.11
10/09/2012,0.1
11/09/2012,0.1
12/09/2012,0.1
13/09/2012,0.1
14/09/2012,0.11
17/09/2012,0.11
18/09/2012,0.1
19/09/2012,0.11
20/09/2012,0.11
21/09/2012,0.11
24/09/2012,0.11
25/09/2012,0.11
26/09/2012,0.11
27/09/2012,0.09
28/09/2012,0.1
1/10/2012,0.09
2/10/2012,0.09
3/10/2012,0.09
4/10/2012,0.1
5/10/2012,0.11
8/10/2012,.
9/10/2012,0.1
10/10/2012,0.1
11/10/2012,0.1
12/10/2012,0.11
15/10/2012,0.11
16/10/2012,0.09
17/10/2012,0.11
18/10/2012,0.1
19/10/2012,0.1
22/10/2012,0.1
23/10/2012,0.11
24/10/2012,0.11
25/10/2012,0.11
26/10/2012,0.12
29/10/2012,0.14
30/10/2012,.
31/10/2012,0.11
1/11/2012,0.09
2/11/2012,0.09
5/11/2012,0.11
6/11/2012,0.1
7/11/2012,0.1
8/11/2012,0.1
9/11/2012,0.09
12/11/2012,.
13/11/2012,0.11
14/11/2012,0.1
15/11/2012,0.08
16/11/2012,0.06
19/11/2012,0.09
20/11/2012,0.08
21/11/2012,0.1
22/11/2012,.
23/11/2012,0.1
26/11/2012,0.1
27/11/2012,0.1
28/11/2012,0.1
29/11/2012,0.09
30/11/2012,0.08
3/12/2012,0.1
4/12/2012,0.1
5/12/2012,0.1
6/12/2012,0.1
7/12/2012,0.09
10/12/2012,0.09
11/12/2012,0.08
12/12/2012,0.07
13/12/2012,0.06
14/12/2012,0.04
17/12/2012,0.05
18/12/2012,0.06
19/12/2012,0.05
20/12/2012,0.06
21/12/2012,0.06
24/12/2012,0.06
25/12/2012,.
26/12/2012,0.09
27/12/2012,0.08
28/12/2012,0.01
31/12/2012,0.05
1/01/2013,.
2/01/2013,0.08
3/01/2013,0.08
4/01/2013,0.07
7/01/2013,0.07
8/01/2013,0.07
9/01/2013,0.06
10/01/2013,0.06
11/01/2013,0.07
14/01/2013,0.08
15/01/2013,0.09
16/01/2013,0.08
17/01/2013,0.07
18/01/2013,0.08
21/01/2013,.
22/01/2013,0.08
23/01/2013,0.08
24/01/2013,0.08
25/01/2013,0.08
28/01/2013,0.07
29/01/2013,0.07
30/01/2013,0.07
31/01/2013,0.07
1/02/2013,0.06
4/02/2013,0.07
5/02/2013,0.07
6/02/2013,0.07
7/02/2013,0.07
8/02/2013,0.07
11/02/2013,0.09
12/02/2013,0.09
13/02/2013,0.1
14/02/2013,0.11
15/02/2013,0.1
18/02/2013,.
19/02/2013,0.12
20/02/2013,0.12
21/02/2013,0.13
22/02/2013,0.13
25/02/2013,0.12
26/02/2013,0.14
27/02/2013,0.11
28/02/2013,0.11
1/03/2013,0.11
4/03/2013,0.11
5/03/2013,0.08
6/03/2013,0.1
7/03/2013,0.1
8/03/2013,0.1
11/03/2013,0.1
12/03/2013,0.1
13/03/2013,0.09
14/03/2013,0.1
15/03/2013,0.09
18/03/2013,0.07
19/03/2013,0.07
20/03/2013,0.07
21/03/2013,0.07
22/03/2013,0.07
25/03/2013,0.08
26/03/2013,0.07
27/03/2013,0.09
28/03/2013,0.07
29/03/2013,.
1/04/2013,0.08
2/04/2013,0.07
3/04/2013,0.06
4/04/2013,0.07
5/04/2013,0.07
8/04/2013,0.07
9/04/2013,0.06
10/04/2013,0.07
11/04/2013,0.07
12/04/2013,0.06
15/04/2013,0.06
16/04/2013,0.06
17/04/2013,0.06
18/04/2013,0.05
19/04/2013,0.05
22/04/2013,0.05
23/04/2013,0.05
24/04/2013,0.06
25/04/2013,0.05
26/04/2013,0.05
29/04/2013,0.05
30/04/2013,0.05
1/05/2013,0.06
2/05/2013,0.05
3/05/2013,0.05
6/05/2013,0.04
7/05/2013,0.04
8/05/2013,0.04
9/05/2013,0.04
10/05/2013,0.04
13/05/2013,0.05
14/05/2013,0.05
15/05/2013,0.04
16/05/2013,0.03
17/05/2013,0.04
20/05/2013,0.05
21/05/2013,0.04
22/05/2013,0.04
23/05/2013,0.05
24/05/2013,0.04
27/05/2013,.
28/05/2013,0.05
29/05/2013,0.05
30/05/2013,0.04
31/05/2013,0.04
3/06/2013,0.05
4/06/2013,0.04
5/06/2013,0.05
6/06/2013,0.05
7/06/2013,0.04
10/06/2013,0.05
11/06/2013,0.05
12/06/2013,0.05
13/06/2013,0.05
14/06/2013,0.05
17/06/2013,0.05
18/06/2013,0.05
19/06/2013,0.05
20/06/2013,0.05
21/06/2013,0.05
24/06/2013,0.06
25/06/2013,0.06
26/06/2013,0.06
27/06/2013,0.06
28/06/2013,0.04
1/07/2013,0.04
2/07/2013,0.03
3/07/2013,0.05
4/07/2013,.
5/07/2013,0.04
8/07/2013,0.05
9/07/2013,0.04
10/07/2013,0.04
11/07/2013,0.04
12/07/2013,0.04
15/07/2013,0.04
16/07/2013,0.03
17/07/2013,0.03
18/07/2013,0.03
19/07/2013,0.03
22/07/2013,0.04
23/07/2013,0.02
24/07/2013,0.03
25/07/2013,0.02
26/07/2013,0.03
29/07/2013,0.03
30/07/2013,0.04
31/07/2013,0.04
1/08/2013,0.04
2/08/2013,0.04
5/08/2013,0.05
6/08/2013,0.04
7/08/2013,0.05
8/08/2013,0.05
9/08/2013,0.05
12/08/2013,0.06
13/08/2013,0.06
14/08/2013,0.05
15/08/2013,0.05
16/08/2013,0.05
19/08/2013,0.06
20/08/2013,0.04
21/08/2013,0.04
22/08/2013,0.03
23/08/2013,0.03
26/08/2013,0.04
27/08/2013,0.05
28/08/2013,0.03
29/08/2013,0.02
30/08/2013,0.03
2/09/2013,.
3/09/2013,0.02
4/09/2013,0.02
5/09/2013,0.02
6/09/2013,0.02
9/09/2013,0.02
10/09/2013,0.02
11/09/2013,0.02
12/09/2013,0.01
13/09/2013,0.01
16/09/2013,0.02
17/09/2013,0.01
18/09/2013,0.01
19/09/2013,0.01
20/09/2013,0.01
23/09/2013,0.02
24/09/2013,0.02
25/09/2013,0.02
26/09/2013,0
27/09/2013,0.02
30/09/2013,0.02
1/10/2013,0.02
2/10/2013,0.02
3/10/2013,0.03
4/10/2013,0.03
7/10/2013,0.03
8/10/2013,0.05
9/10/2013,0.05
10/10/2013,0.05
11/10/2013,0.08
14/10/2013,.
15/10/2013,0.14
16/10/2013,0.1
17/10/2013,0.05
18/10/2013,0.04
21/10/2013,0.04
22/10/2013,0.04
23/10/2013,0.04
24/10/2013,0.03
25/10/2013,0.04
28/10/2013,0.04
29/10/2013,0.04
30/10/2013,0.04
31/10/2013,0.04
1/11/2013,0.04
4/11/2013,0.05
5/11/2013,0.05
6/11/2013,0.05
7/11/2013,0.05
8/11/2013,0.06
11/11/2013,.
12/11/2013,0.08
13/11/2013,0.08
14/11/2013,0.08
15/11/2013,0.08
18/11/2013,0.09
19/11/2013,0.08
20/11/2013,0.08
21/11/2013,0.07
22/11/2013,0.07
25/11/2013,0.08
26/11/2013,0.07
27/11/2013,0.07
28/11/2013,.
29/11/2013,0.06
2/12/2013,0.05
3/12/2013,0.06
4/12/2013,0.06
5/12/2013,0.06
6/12/2013,0.06
9/12/2013,0.07
10/12/2013,0.07
11/12/2013,0.07
12/12/2013,0.07
13/12/2013,0.07
16/12/2013,0.07
17/12/2013,0.07
18/12/2013,0.07
19/12/2013,0.06
20/12/2013,0.07
23/12/2013,0.07
24/12/2013,0.07
25/12/2013,.
26/12/2013,0.07
27/12/2013,0.07
30/12/2013,0.07
31/12/2013,0.07
1/01/2014,.
2/01/2014,0.07
3/01/2014,0.07
6/01/2014,0.05
7/01/2014,0.04
8/01/2014,0.05
9/01/2014,0.04
10/01/2014,0.05
13/01/2014,0.03
14/01/2014,0.04
15/01/2014,0.04
16/01/2014,0.04
17/01/2014,0.05
20/01/2014,.
21/01/2014,0.04
22/01/2014,0.04
23/01/2014,0.04
24/01/2014,0.04
27/01/2014,0.05
28/01/2014,0.05
29/01/2014,0.04
30/01/2014,0.02
31/01/2014,0.02
3/02/2014,0.05
4/02/2014,0.06
5/02/2014,0.07
6/02/2014,0.07
7/02/2014,0.08
10/02/2014,0.07
11/02/2014,0.05
12/02/2014,0.05
13/02/2014,0.03
14/02/2014,0.02
17/02/2014,.
18/02/2014,0.05
19/02/2014,0.06
20/02/2014,0.05
21/02/2014,0.05
24/02/2014,0.05
25/02/2014,0.05
26/02/2014,0.05
27/02/2014,0.04
28/02/2014,0.05
3/03/2014,0.05
4/03/2014,0.05
5/03/2014,0.06
6/03/2014,0.05
7/03/2014,0.06
10/03/2014,0.05
11/03/2014,0.05
12/03/2014,0.05
13/03/2014,0.05
14/03/2014,0.05
17/03/2014,0.06
18/03/2014,0.05
19/03/2014,0.06
20/03/2014,0.06
21/03/2014,0.06
24/03/2014,0.06
25/03/2014,0.05
26/03/2014,0.05
27/03/2014,0.04
28/03/2014,0.04
31/03/2014,0.05
1/04/2014,0.04
2/04/2014,0.02
